price,kilometers,vehicle_age_years,fuel_type,no_of_cylinders
129900,47566,3,Petrol,8
319900,8914,4,Petrol,6
149900,72205,5,Petrol,4
79900,49193,3,Petrol,4
154900,30,0,Petrol,4
209900,99174,7,Petrol,8
61900,52920,2,Petrol,4
139900,20450,2,Petrol,4
359900,100,2,Petrol,6
139900,22693,1,Petrol,4
69900,65627,5,Petrol,4
199900,21287,2,Petrol,4
374900,10906,1,Petrol,6
124900,77205,5,Petrol,4
146900,53078,3,Petrol,6
84900,74598,7,Petrol,4
129900,109000,7,Petrol,4
73900,74092,5,Petrol,4
199900,26706,5,Petrol,8
159900,32800,2,Petrol,4
390000,18000,1,Petrol,6
279900,14288,5,Petrol,6
80000,38755,3,Petrol,4
159900,25259,4,Petrol,4
48000,48000,4,Petrol,4
995000,14000,1,Petrol,8
1050,100,1,Petrol,8
1050,100,1,Petrol,8
1290,100,1,Petrol,8
1050,100,0,Petrol,8
1450,8000,6,Petrol,6
1890,300,1,Petrol,12
2450,500,0,Petrol,12
129000,89000,10,Petrol,6
199000,22000,2,Petrol,4
195000,88000,7,Petrol,4
195000,51000,6,Petrol,6
145000,118000,6,Petrol,8
149000,109000,6,Petrol,6
125000,88000,9,Petrol,6
87000,58000,6,Petrol,4
65000,31000,3,Electric,0
149000,2000,14,Petrol,8
247000,33561,4,Petrol,6
109000,74798,5,Petrol,4
125000,55129,5,Petrol,4
70000,97572,6,Petrol,6
269000,20998,3,Petrol,4
231000,62265,3,Petrol,4
170000,45537,7,Petrol,12
185000,67631,4,Petrol,8
49000,16934,1,Petrol,4
975000,2949,1,Petrol,8
180000,99321,5,Petrol,6
190000,82247,5,Electric,0
125000,68243,5,Petrol,4
80000,113165,5,Petrol,4
259000,53281,6,Petrol,6
86000,64283,6,Petrol,4
200000,45055,4,Petrol,4
205000,77290,3,Petrol,4
195000,15072,3,Petrol,4
250000,59455,5,Petrol,6
239000,66384,5,Petrol,6
65000,66026,4,Petrol,4
260000,62693,4,Petrol,6
199000,65072,5,Petrol,6
247000,63678,3,Petrol,6
193000,82299,5,Petrol,12
255000,52043,3,Petrol,6
258000,26443,2,Petrol,4
1499,102,0,Petrol,6
2249,0,0,Petrol,12
1099,13791,2,Petrol,12
2499,74,1,Petrol,8
949000,13870,2,Petrol,8
143900,91130,6,Petrol,8
1425,0,0,Petrol,8
89900,66214,5,Petrol,6
195000,39000,2,Petrol,6
325000,39900,4,Petrol,8
225000,1800,2,Petrol,4
769000,0,0,Petrol,6
1250,0,0,Petrol,6
1185,5000,2,Petrol,10
985000,0,0,Petrol,6
117000,12200,2,Petrol,8
69000,57200,4,Petrol,4
75000,94300,3,Petrol,6
115000,40700,2,Petrol,8
88000,29600,3,Petrol,4
125000,4800,2,Petrol,8
88000,85600,6,Petrol,8
77500,57000,4,Petrol,4
389000,44000,3,Petrol,8
125000,110000,9,Petrol,8
345000,60000,5,Petrol,8
27000,66000,4,Petrol,4
57000,63000,5,Petrol,4
199000,39000,3,Petrol,8
379000,42000,4,Petrol,6
499000,10000,2,Petrol,8
289000,84000,4,Petrol,6
309000,71000,4,Petrol,8
395000,45000,22,Petrol,12
155000,138000,11,Petrol,8
550000,59000,7,Petrol,12
219000,105000,4,Petrol,6
389000,0,0,Petrol,6
565000,63000,3,Petrol,8
435000,57000,11,Petrol,8
209000,138000,3,Petrol,6
38000,56000,5,Petrol,4
109000,10,0,Petrol,4
175000,55000,4,Petrol,8
139000,82000,5,Petrol,4
925000,3000,4,Petrol,10
1390,100,1,Petrol,10
1050,8000,4,Petrol,8
899000,2000,2,Petrol,8
995000,900,3,Petrol,12
995000,7000,3,Petrol,12
450000,35000,5,Petrol,6
205900,8268,1,Petrol,4
695000,24000,2,Petrol,8
650000,600,1,Petrol,8
2695,11700,1,Petrol,12
1595,3300,1,Petrol,8
1375,1000,1,Petrol,10
1050,0,0,Petrol,8
1475,3000,1,Petrol,8
725000,18000,1,Petrol,10
395000,32000,1,Petrol,8
78999,0,0,Petrol,4
435000,1748,2,Petrol,4
219000,76764,5,Petrol,6
395000,18043,4,Hybrid,3
1085,31,0,Petrol,8
898000,35,0,Petrol,8
415000,250,1,Petrol,6
160000,95300,7,Petrol,4
545000,67363,3,Petrol,8
455000,9320,2,Petrol,8
470000,11500,3,Petrol,8
370000,23500,4,Petrol,8
325000,75373,4,Petrol,8
445000,48,1,Petrol,4
690000,51,1,Hybrid,6
215000,0,0,Petrol,6
288000,23703,1,Petrol,6
525000,34307,9,Petrol,8
253000,0,0,Petrol,4
431000,0,0,Petrol,6
990000,24000,1,Petrol,8
755000,500,1,Petrol,8
2580,0,0,Electric,0
295000,0,0,Petrol,5
832000,0,0,Petrol,8
26000,180000,8,Petrol,4
43500,175000,6,Petrol,4
14500,205463,10,Petrol,4
35000,238000,11,Diesel,4
1690,2000,1,Petrol,8
1170,2500,1,Petrol,10
1659,7315,1,Hybrid,6
79000,0,0,Petrol,4
1590,300,1,Petrol,6
1290,100,1,Petrol,8
995000,100,1,Hybrid,8
1250,100,1,Petrol,8
2490,500,0,Petrol,12
2450,300,0,Petrol,12
2250,500,1,Petrol,12
189000,5000,1,Petrol,4
189000,66000,2,Petrol,8
2490,1695,1,Petrol,8
1049,18000,4,Petrol,8
975000,44000,3,Petrol,8
1695,100,1,Petrol,8
995000,100,2,Petrol,8
1275,500,2,Petrol,10
1575,100,1,Petrol,12
1295,500,1,Petrol,6
995000,100,0,Petrol,8
1650,100,1,Petrol,8
49000,117000,12,Petrol,6
89000,98000,9,Petrol,6
129000,110000,8,Petrol,6
224999,71000,7,Petrol,8
119999,103000,9,Petrol,6
515000,19000,6,Petrol,8
387500,81675,6,Petrol,8
219500,23836,2,Petrol,6
182500,117511,5,Petrol,6
1185,12000,4,Petrol,12
297000,0,1,Petrol,4
159000,27000,2,Petrol,8
999000,31000,3,Petrol,8
32000,50000,4,Petrol,4
32000,50000,4,Petrol,4
137000,25000,3,Petrol,4
329000,0,0,Diesel,4
555000,0,1,Petrol,6
755000,3400,1,Petrol,8
590000,0,0,Petrol,4
739000,31900,3,Petrol,8
1529,25,1,Petrol,6
2630,0,0,Electric,0
1549,0,1,Petrol,8
4399,0,5,Petrol,8
5300,14060,9,Hybrid,8
929000,8800,0,Petrol,8
24000,170000,11,Petrol,4
59000,102000,11,Petrol,8
119900,95000,7,Petrol,6
114900,79000,6,Petrol,4
374999,0,0,Petrol,4
156900,79481,6,Petrol,8
104999,119000,6,Petrol,4
299999,65000,3,Petrol,6
107999,54000,6,Petrol,4
235999,74000,4,Petrol,4
299999,25000,3,Petrol,8
119999,101000,6,Petrol,4
269000,7000,1,Petrol,4
820000,19350,4,Petrol,12
1195,0,1,Petrol,8
1620,0,1,Petrol,8
1500,0,2,Petrol,8
189000,82000,6,Petrol,8
149000,96000,8,Petrol,6
219000,29000,1,Petrol,8
199000,117000,5,Petrol,6
63000,0,1,Petrol,4
650000,20539,4,Electric,0
444000,63000,6,Petrol,12
535000,29000,4,Hybrid,8
428500,0,0,Petrol,4
56500,21085,4,Petrol,4
38900,110678,6,Petrol,4
38500,175047,7,Petrol,4
46800,129078,5,Petrol,4
21800,137098,5,Petrol,4
34800,112147,6,Petrol,4
32500,143008,7,Petrol,4
36900,133447,10,Petrol,6
69500,104078,6,Petrol,6
43900,279070,9,Petrol,6
51500,168204,8,Petrol,4
36000,145000,9,Petrol,6
125000,85000,7,Petrol,6
144000,68000,5,Petrol,6
209000,129000,8,Petrol,8
139000,131000,6,Petrol,8
23000,90000,7,Petrol,4
64000,40000,6,Petrol,6
950000,0,1,Petrol,8
1800,7915,3,Hybrid,8
1490,88,1,Hybrid,6
75000,117000,6,Petrol,8
350000,8182,1,Petrol,6
8950,24,3,Petrol,8
580000,816,1,Petrol,6
152000,99800,5,Petrol,6
1660,72,0,Petrol,6
1599,12,0,Petrol,6
2200,6737,2,Petrol,12
1650,7333,4,Petrol,8
1649,324,1,Hybrid,6
1025,41,0,Petrol,8
4600,635,5,Petrol,8
168000,32000,6,Petrol,8
595000,24000,4,Petrol,8
565000,27000,5,Petrol,8
389000,5500,1,Petrol,4
175000,69000,9,Petrol,8
300000,65000,8,Petrol,8
305000,56000,6,Petrol,6
53999,98000,7,Diesel,4
950000,0,1,Petrol,8
1199,50,0,Petrol,8
549000,0,1,Petrol,4
129000,0,0,Hybrid,4
385000,80000,3,Petrol,8
385000,31349,2,Petrol,6
175000,76898,5,Petrol,6
295000,39497,1,Petrol,4
390000,1668,1,Petrol,6
455000,11721,1,Petrol,6
335000,45618,2,Petrol,6
268000,3200,3,Petrol,4
195000,9948,2,Petrol,4
465000,9997,2,Petrol,8
275000,6304,4,Petrol,8
385000,32257,1,Petrol,4
115000,54000,5,Petrol,4
179000,0,1,Petrol,6
181000,0,0,Petrol,6
215000,0,1,Petrol,6
155000,0,1,Petrol,8
266000,0,1,Petrol,8
275000,0,1,Petrol,8
129000,0,2,Electric,0
245000,0,0,Petrol,6
249000,0,0,Petrol,6
285000,0,0,Petrol,8
919000,2193,1,Petrol,6
59900,92200,6,Petrol,4
130900,156000,7,Petrol,8
75900,89114,4,Petrol,6
33500,135000,10,Petrol,4
1290,1000,2,Petrol,8
1490,510,1,Petrol,8
1480,500,1,Petrol,8
1490,500,1,Petrol,10
1340,200,2,Petrol,10
62500,0,1,Petrol,4
85000,0,0,Petrol,4
1299,2429,1,Petrol,10
499000,0,0,Petrol,6
249000,59499,5,Petrol,6
259900,10941,1,Petrol,4
108000,0,0,Petrol,4
3200,543,0,Petrol,12
459000,29000,5,Petrol,8
549000,19000,7,Petrol,4
263000,8975,2,Petrol,4
395000,89000,9,Petrol,12
369000,11960,3,Diesel,4
185000,15000,6,Diesel,6
320000,9325,3,Diesel,4
368000,0,1,Petrol,6
309000,35000,10,Petrol,8
495000,0,0,Petrol,6
895000,16000,4,Petrol,10
620000,6000,1,Petrol,10
393000,0,0,Petrol,6
119000,125000,7,Petrol,4
349000,0,0,Petrol,4
1175,0,0,Petrol,8
1150,85000,6,Petrol,12
620000,30000,2,Petrol,8
659000,15000,1,Petrol,8
398000,49000,11,Petrol,12
399000,0,1,Petrol,6
360000,12000,6,Petrol,12
475000,49000,9,Petrol,12
799000,0,0,Petrol,8
179000,0,0,Petrol,4
179000,0,0,Petrol,4
720000,0,0,Petrol,8
740000,0,0,Petrol,8
455000,0,0,Petrol,6
205000,0,0,Petrol,4
205000,0,0,Petrol,4
230000,0,2,Petrol,4
209999,0,1,Petrol,6
267999,0,1,Petrol,8
469999,0,1,Petrol,8
513999,0,1,Petrol,8
369999,0,1,Petrol,6
329999,8000,1,Petrol,6
224999,0,0,Petrol,4
179999,0,0,Petrol,4
499999,0,0,Petrol,6
249999,0,0,Petrol,6
194999,0,1,Petrol,6
202999,0,0,Petrol,4
224999,0,1,Petrol,6
219999,0,0,Petrol,6
210999,0,0,Petrol,6
379000,38000,4,Petrol,6
379000,9574,1,Petrol,6
235000,205632,8,Diesel,10
13000,199000,15,Petrol,4
62000,57000,6,Petrol,6
59000,584,5,Petrol,4
560000,21000,4,Petrol,8
89000,20,0,Petrol,4
560000,8000,5,Petrol,8
69000,100000,12,Petrol,8
719000,69,0,Petrol,6
229000,123000,6,Petrol,8
89000,76500,4,Petrol,8
339000,105000,3,Petrol,4
849000,8249,1,Petrol,6
229000,0,0,Petrol,4
43000,46000,3,Petrol,4
392000,74085,3,Petrol,8
148000,18017,2,Petrol,4
298000,780,1,Petrol,4
33900,109701,5,Petrol,3
65000,157041,17,Petrol,3
87500,177501,4,Petrol,6
1250,2000,2,Petrol,10
2590,400,1,Petrol,12
1249,6000,2,Petrol,12
243000,0,0,Petrol,4
875000,100,0,Petrol,8
243000,0,0,Petrol,4
18500,150000,7,Petrol,4
115000,89809,7,Petrol,6
135000,87000,6,Petrol,6
142000,155000,8,Petrol,6
729000,2000,2,Petrol,8
899000,300,2,Petrol,8
529000,11000,3,Petrol,8
460000,5700,1,Petrol,6
59900,107750,4,Petrol,6
118000,69000,6,Petrol,6
88499,1778,0,Petrol,4
234499,66,0,Petrol,4
109000,10,0,Petrol,4
365000,19500,6,Petrol,8
395000,9700,2,Petrol,8
129000,42457,10,Petrol,8
315000,25228,3,Petrol,0
169000,4000,1,Petrol,4
169000,99000,5,Petrol,6
61900,3500,1,Petrol,4
109000,119000,9,Petrol,6
269000,65000,6,Petrol,8
680000,0,2,Petrol,4
950000,0,3,Petrol,8
135000,0,1,Petrol,4
131000,99000,5,Petrol,6
305000,0,0,Petrol,8
650000,0,1,Petrol,8
650000,0,1,Hybrid,4
225000,108981,8,Petrol,8
720000,0,2,Petrol,6
970000,0,2,Petrol,8
109900,84892,5,Petrol,6
640000,21,2,Petrol,8
670000,0,0,Petrol,8
325000,0,2,Petrol,4
1640,0,1,Petrol,8
730000,51000,3,Petrol,8
1650,0,1,Petrol,8
1780,13500,3,Petrol,12
225000,0,2,Petrol,6
1550,0,2,Petrol,8
165000,0,1,Petrol,4
29000,95000,6,Petrol,4
64950,182000,13,Petrol,8
275000,0,0,Petrol,4
245000,0,0,Petrol,8
215000,0,0,Petrol,6
385000,74000,3,Petrol,8
110000,62000,8,Petrol,8
189000,77000,5,Petrol,6
129000,101500,10,Petrol,6
69000,85900,11,Petrol,8
97000,97000,10,Petrol,8
120000,0,1,Petrol,4
126999,118000,9,Petrol,8
1640,1400,1,Petrol,8
49000,117000,12,Petrol,6
82000,0,0,Petrol,4
72000,0,0,Petrol,4
66000,0,0,Petrol,4
89000,0,0,Petrol,4
67900,0,0,Petrol,4
165000,0,0,Petrol,6
112000,0,0,Petrol,4
256000,0,0,Petrol,8
253000,0,0,Petrol,8
138000,0,1,Petrol,4
146000,0,1,Diesel,4
88000,114000,6,Petrol,4
43000,0,0,Petrol,4
62000,0,1,Petrol,4
73000,0,1,Petrol,4
97500,0,1,Petrol,4
62500,0,0,Petrol,4
48000,0,0,Petrol,4
48000,0,0,Petrol,4
138000,8000,1,Petrol,4
48000,0,0,Petrol,4
340000,0,0,Petrol,6
62000,0,1,Petrol,4
118000,0,1,Petrol,4
75900,0,0,Petrol,4
80000,0,0,Petrol,4
186000,0,0,Petrol,6
186000,0,0,Petrol,6
112000,0,0,Petrol,4
177000,3000,1,Electric,0
119000,112000,7,Petrol,6
19000,108000,8,Petrol,4
394000,14000,7,Petrol,8
63000,152000,9,Petrol,4
369000,6147,4,Petrol,4
369000,6147,4,Petrol,4
229000,0,1,Petrol,4
635000,0,2,Petrol,8
399000,0,0,Petrol,6
199000,0,0,Petrol,4
489000,0,0,Petrol,6
1120,0,0,Petrol,8
585000,3500,1,Petrol,8
665000,0,0,Petrol,6
345000,0,0,Petrol,4
239000,17000,2,Petrol,6
429900,3293,1,Petrol,4
2199,0,1,Petrol,12
2090,2000,1,Petrol,12
2415,0,0,Petrol,12
1185,0,1,Petrol,6
555000,5000,1,Petrol,8
274000,0,0,Petrol,6
49000,100000,13,Petrol,8
28000,147000,7,Petrol,6
569900,173,0,Petrol,6
276900,29363,1,Petrol,4
72000,0,0,Petrol,4
1081,36311,6,Petrol,12
1650,13379,3,Petrol,12
199000,0,1,Hybrid,4
112000,0,0,Petrol,4
108000,0,0,Petrol,4
165000,0,0,Petrol,6
75000,0,0,Petrol,4
66000,0,0,Petrol,4
28000,183000,11,Petrol,4
32000,106000,4,Petrol,4
28000,169786,16,Petrol,8
900000,46000,5,Petrol,8
73000,10,0,Petrol,4
239000,0,1,Petrol,4
249000,78000,5,Petrol,8
139000,34600,2,Petrol,8
97000,73000,3,Petrol,8
75000,0,0,Petrol,4
314000,38000,9,Petrol,6
219000,2798,1,Petrol,4
44000,86000,5,Petrol,4
52000,93000,4,Petrol,4
144900,54000,4,Petrol,6
239000,21000,3,Petrol,8
89900,33115,5,Petrol,4
214900,69420,3,Petrol,8
169900,69396,3,Petrol,4
26999,190000,7,Petrol,6
149000,116000,8,Petrol,8
99000,100000,9,Petrol,6
99000,102000,10,Petrol,8
1100,32000,2,Petrol,8
255000,0,0,Petrol,6
225000,2000,0,Petrol,6
131000,0,0,Petrol,6
113000,0,0,Petrol,4
21000,199000,15,Petrol,8
199000,0,1,Petrol,6
189000,0,1,Petrol,6
179000,0,1,Petrol,6
103000,0,1,Petrol,4
129000,0,2,Electric,0
115000,0,2,Petrol,4
79500,70000,5,Petrol,6
149900,84076,4,Petrol,6
37000,210000,11,Petrol,6
135000,0,1,Petrol,4
835000,479,2,Diesel,6
799000,0,0,Petrol,4
244999,41520,7,Petrol,8
109000,10,0,Petrol,4
299000,0,0,Petrol,6
579000,0,0,Electric,0
539000,0,0,Hybrid,6
579000,0,0,Electric,0
1695,5781,1,Hybrid,6
2100,4000,4,Petrol,12
1449,2800,1,Petrol,8
88000,76680,6,Petrol,4
219000,32000,2,Petrol,4
49000,158000,8,Petrol,6
69000,92000,7,Petrol,4
117000,127000,7,Petrol,6
27000,78000,7,Petrol,4
69000,76000,7,Petrol,4
159000,48500,2,Petrol,4
354000,0,0,Petrol,8
179999,94000,6,Petrol,6
219999,81000,5,Petrol,6
255000,0,1,Petrol,4
225000,57000,5,Petrol,6
660000,0,0,Petrol,6
37000,239000,10,Petrol,8
85000,81000,5,Petrol,4
895000,36000,3,Petrol,12
239000,3500,1,Petrol,4
1595,0,1,Petrol,8
2199,0,1,Petrol,12
1825,2400,3,Petrol,12
1595,0,1,Petrol,6
1995,400,2,Petrol,8
999000,5000,0,Petrol,6
209000,47000,6,Petrol,6
595000,38000,8,Petrol,8
1435,1800,2,Petrol,12
680000,25000,5,Petrol,8
2090,3800,3,Petrol,8
1270,5900,1,Petrol,10
1239,6800,2,Petrol,8
2290,3500,2,Petrol,8
975000,11000,1,Petrol,8
178000,0,1,Petrol,6
304000,0,0,Petrol,8
285000,0,0,Petrol,8
119000,125000,8,Petrol,6
625000,55000,2,Petrol,8
70000,175000,8,Petrol,8
849000,18075,2,Petrol,8
79500,99078,5,Petrol,6
129000,76081,4,Petrol,8
39900,155083,4,Petrol,3
30900,186710,7,Petrol,4
73500,24201,4,Petrol,4
69500,23117,3,Petrol,4
24900,69078,5,Petrol,3
44000,122000,8,Petrol,6
99000,140251,7,Petrol,6
79000,134000,11,Petrol,12
89000,79000,9,Petrol,8
96000,42814,4,Petrol,4
49000,129000,11,Petrol,8
49000,123000,9,Petrol,6
348000,12000,1,Petrol,6
378000,68000,3,Petrol,8
393000,400,1,Petrol,6
350000,33000,2,Petrol,8
99000,280000,7,Petrol,6
195000,90000,3,Petrol,8
299000,64000,5,Petrol,8
135000,68000,3,Petrol,4
139000,60000,6,Petrol,4
289000,84549,3,Petrol,6
299999,0,1,Petrol,8
92999,81000,4,Petrol,4
219999,60000,5,Petrol,6
214999,0,1,Petrol,4
109999,76000,5,Petrol,4
242999,103000,4,Petrol,6
72999,40000,3,Petrol,4
165999,96000,6,Petrol,8
145999,112000,6,Petrol,8
279999,89000,4,Petrol,6
249999,3000,2,Petrol,4
199999,0,0,Petrol,4
259999,70000,6,Petrol,8
214999,0,1,Petrol,4
129999,80000,8,Petrol,8
239999,40000,1,Petrol,4
89999,85000,6,Petrol,6
239999,0,1,Petrol,4
289999,72000,6,Petrol,8
197999,102000,5,Petrol,6
147999,41000,2,Petrol,4
209999,110000,5,Petrol,6
139999,83000,9,Petrol,8
109999,93000,7,Petrol,4
194999,66000,6,Petrol,6
269999,25000,4,Petrol,6
339000,13,0,Petrol,4
149999,112000,4,Petrol,8
599000,18,0,Petrol,6
339000,9,0,Petrol,4
1799,93,1,Petrol,8
104990,52560,4,Petrol,4
76500,34500,4,Petrol,6
850000,3600,3,Petrol,8
50000,179459,8,Petrol,4
1849,8000,2,Petrol,0
1299,1800,3,Petrol,8
1675,0,1,Petrol,0
1799,0,1,Petrol,8
2699,0,0,Electric,0
2399,20000,4,Petrol,0
1750,29000,2,Petrol,12
2199,8000,3,Petrol,12
2590,400,1,Petrol,12
2350,200,1,Petrol,12
2450,200,0,Petrol,12
1080,100,0,Petrol,8
1250,17000,2,Petrol,8
1750,1000,2,Petrol,8
995000,7000,2,Petrol,12
699000,14000,4,Petrol,12
59000,60000,7,Petrol,8
199000,42000,6,Petrol,8
195000,10000,5,Petrol,6
189990,62141,3,Petrol,6
2600,119,4,Petrol,8
4999,1372,13,Petrol,12
1449,0,1,Petrol,6
4499,0,2,Petrol,6
2250,714,2,Petrol,12
1375,4164,3,Petrol,8
4499,3288,9,Petrol,8
3250,11355,5,Petrol,8
1850,2624,4,Petrol,12
349000,0,0,Petrol,4
88500,96867,5,Petrol,4
182500,40000,3,Petrol,4
125000,85000,1,Electric,0
226000,0,1,Petrol,4
315000,24000,6,Petrol,6
93000,155230,10,Petrol,8
375000,0,1,Petrol,4
1120,0,0,Petrol,8
905000,0,0,Petrol,8
289000,17000,3,Petrol,6
489000,0,0,Petrol,6
455000,0,0,Petrol,6
329000,0,0,Diesel,4
329000,0,0,Diesel,4
179000,0,0,Petrol,4
179000,0,0,Petrol,4
380000,0,0,Petrol,4
319000,0,0,Petrol,4
219000,0,0,Petrol,4
235000,0,0,Petrol,4
248000,0,0,Petrol,4
248000,0,0,Petrol,4
205000,0,0,Petrol,4
380000,0,0,Petrol,4
88000,48000,6,Petrol,6
190000,0,0,Petrol,6
230000,0,0,Petrol,6
185000,0,0,Petrol,6
255000,0,0,Petrol,6
164990,12273,2,Petrol,6
109000,10,0,Petrol,4
289000,0,0,Petrol,4
185000,18900,2,Petrol,6
179000,25000,1,Electric,0
159000,129000,6,Petrol,6
244000,74000,6,Petrol,6
459000,16000,1,Petrol,6
350000,31875,2,Petrol,8
264000,59780,3,Petrol,6
98500,47087,3,Petrol,4
42900,109870,6,Petrol,4
32900,147087,5,Petrol,3
115000,88000,4,Electric,0
298000,99000,7,Petrol,8
24500,600000,5,Hybrid,4
245000,53000,4,Petrol,8
425000,11000,3,Petrol,6
225000,53000,5,Petrol,6
545000,55000,5,Petrol,8
164999,15835,1,Petrol,4
219999,73618,3,Petrol,8
134999,80554,6,Petrol,6
109999,34201,4,Petrol,6
189999,80389,6,Petrol,8
124999,32310,4,Petrol,4
114999,78374,5,Petrol,4
189999,6574,4,Petrol,4
239999,55486,3,Petrol,6
195000,0,0,Hybrid,4
145000,0,0,Petrol,4
685000,34,1,Petrol,8
279000,1900,1,Petrol,6
99000,138000,7,Diesel,8
105000,117000,5,Petrol,4
229900,104505,7,Petrol,8
85000,227000,9,Petrol,6
154900,95000,6,Petrol,6
98000,29700,3,Petrol,8
349000,10000,1,Petrol,6
257000,0,0,Petrol,6
305000,0,0,Petrol,8
249000,0,0,Petrol,6
103000,0,1,Petrol,4
1300,7081,2,Petrol,10
1240,11000,2,Petrol,8
329000,0,0,Petrol,6
399000,0,0,Hybrid,6
129990,85000,4,Electric,0
159990,15000,2,Petrol,4
134990,94000,4,Petrol,4
36000,110000,4,Petrol,4
74000,82960,4,Petrol,4
72000,103000,3,Petrol,4
449000,0,0,Petrol,6
695000,37800,1,Petrol,8
119000,120000,10,Petrol,8
605000,0,1,Petrol,8
109000,0,1,Petrol,4
62000,170000,13,Petrol,8
108000,0,0,Petrol,4
57500,0,0,Petrol,4
62500,0,0,Petrol,4
295000,7170,1,Petrol,4
295000,7170,1,Petrol,4
78000,39300,5,Petrol,8
109000,55000,4,Petrol,8
89000,21000,4,Petrol,4
124990,300,0,Petrol,4
367000,11000,6,Petrol,12
528000,0,0,Petrol,6
439000,13000,12,Petrol,12
225000,0,1,Electric,0
319000,0,0,Petrol,4
68000,129000,6,Petrol,4
64000,110000,3,Petrol,4
1490,74900,2,Petrol,12
1850,29469,1,Petrol,12
76000,35424,4,Petrol,4
960000,0,0,Petrol,8
89000,126000,7,Petrol,4
329000,12000,2,Petrol,6
31000,159000,8,Petrol,3
79000,125000,8,Petrol,6
720000,35000,11,Petrol,12
289000,0,0,Petrol,4
319000,0,0,Petrol,4
399000,0,0,Petrol,4
410000,0,0,Petrol,4
380000,0,0,Petrol,4
390000,0,0,Petrol,4
103000,9800,4,Petrol,6
17500,84000,7,Petrol,4
67000,84000,10,Petrol,6
199990,89000,9,Petrol,8
259990,86000,4,Petrol,6
629000,0,0,Petrol,8
333000,6700,4,Petrol,6
320000,8000,3,Petrol,6
980000,36210,4,Petrol,8
480000,22350,2,Petrol,8
80000,59000,4,Petrol,4
520000,23330,3,Petrol,8
58500,55100,14,Petrol,6
118500,56200,10,Hybrid,6
318000,42087,4,Petrol,6
59500,99078,3,Petrol,4
46900,101213,5,Petrol,4
44900,106045,5,Petrol,4
28500,77013,9,Petrol,4
29900,93412,6,Petrol,4
665000,14000,2,Petrol,8
289000,0,1,Petrol,4
339000,8000,1,Petrol,6
97000,120000,10,Petrol,8
77000,98000,10,Petrol,6
109000,112000,9,Petrol,8
69000,86000,11,Petrol,8
97000,98000,10,Petrol,8
2050,0,0,Petrol,8
195000,2914,1,Petrol,8
1450,28000,5,Petrol,12
829000,100,1,Petrol,8
265000,59000,2,Petrol,6
217000,63000,4,Petrol,8
345000,0,0,Petrol,4
1450,13000,6,Petrol,6
1290,100,1,Petrol,6
899000,3000,1,Petrol,6
436000,0,0,Petrol,6
1525,9000,1,Petrol,8
999000,5000,3,Petrol,10
2100,9000,4,Petrol,8
409000,44145,2,Petrol,8
70000,45000,3,Petrol,4
2700,13500,17,Petrol,8
73000,116000,4,Petrol,4
235000,29,0,Petrol,4
68500,100,0,Petrol,4
269000,29,0,Petrol,6
239000,49,1,Petrol,6
698000,0,0,Petrol,6
269000,43000,2,Electric,0
109000,116000,9,Petrol,6
598000,0,0,Petrol,8
199000,128000,6,Petrol,6
208000,83000,5,Petrol,6
82000,135000,6,Petrol,4
1498,0,1,Petrol,8
1648,0,2,Petrol,8
998000,0,2,Petrol,8
748000,0,0,Petrol,8
163500,65000,4,Petrol,4
750000,40,1,Petrol,8
115900,82759,6,Petrol,4
64500,119078,5,Petrol,4
29900,93042,6,Petrol,4
27500,165319,5,Petrol,4
29900,94075,6,Petrol,4
730000,19,0,Petrol,6
575000,84000,4,Petrol,8
730000,17,0,Petrol,6
365000,0,0,Petrol,4
430000,0,0,Petrol,4
5500,50,1,Petrol,8
159990,39000,2,Petrol,8
179990,74000,3,Petrol,6
109990,92000,6,Petrol,4
229990,5000,1,Petrol,6
119990,31000,6,Petrol,6
149990,83000,5,Petrol,4
239990,21000,2,Petrol,6
189990,74000,5,Petrol,4
234990,1000,1,Petrol,6
23600,77405,5,Petrol,3
1090,0,0,Petrol,8
1490,0,1,Petrol,8
1150,0,0,Petrol,8
299000,0,0,Electric,0
96000,0,0,Electric,0
699000,12000,2,Petrol,8
1950,8500,2,Petrol,12
175000,0,1,Diesel,4
64000,0,1,Petrol,4
60000,0,1,Petrol,4
477000,0,1,Petrol,8
129000,0,2,Diesel,5
29000,0,1,Petrol,0
172000,0,1,Petrol,6
335000,0,1,Petrol,6
259000,17318,2,Petrol,8
66800,102780,7,Petrol,6
185000,3356,1,Petrol,6
169000,15173,2,Petrol,4
97500,1,1,Petrol,4
315000,68162,2,Petrol,8
245000,0,0,Petrol,6
175000,0,1,Petrol,4
139000,0,2,Electric,0
185000,0,1,Petrol,6
215000,0,1,Petrol,6
129000,0,2,Electric,0
109000,0,0,Petrol,4
55000,75000,5,Petrol,4
113000,0,0,Petrol,4
259000,0,0,Petrol,8
155000,0,1,Petrol,8
249000,0,0,Petrol,6
259000,17318,2,Petrol,8
149000,8,1,Petrol,6
185000,3356,1,Petrol,6
152000,78000,3,Petrol,8
239000,0,1,Petrol,4
689000,28500,3,Petrol,6
199000,56000,5,Petrol,6
799000,17000,4,Petrol,12
525000,99000,4,Petrol,12
348000,0,0,Petrol,4
368000,0,0,Petrol,4
339000,400,0,Petrol,5
129000,10,1,Petrol,4
56500,14270,4,Petrol,4
98500,48078,14,Petrol,12
74500,92078,6,Petrol,6
32500,23045,4,Petrol,4
73500,105078,4,Petrol,4
29900,95047,6,Petrol,4
26800,173047,7,Petrol,4
105000,17622,1,Petrol,4
72000,22676,3,Petrol,4
295000,40970,3,Petrol,6
205000,99692,6,Petrol,6
145000,76420,6,Petrol,6
180000,49822,6,Petrol,8
127000,97385,6,Petrol,4
109000,10,0,Petrol,4
232000,14622,1,Petrol,8
302000,6683,1,Petrol,4
1450,14623,3,Petrol,12
57000,30776,1,Petrol,4
620900,9086,2,Petrol,8
242000,3348,1,Petrol,4
924000,6436,1,Petrol,8
265000,34936,6,Petrol,6
125000,24702,3,Petrol,4
230000,17170,4,Petrol,6
699000,37927,6,Petrol,8
199000,12328,1,Petrol,4
231000,14916,1,Petrol,8
185000,43728,4,Petrol,4
840000,22000,5,Petrol,12
399000,34000,2,Petrol,5
670000,37000,5,Petrol,12
345000,50000,2,Petrol,6
799000,30772,2,Petrol,8
569000,86900,5,Petrol,8
800000,14000,2,Hybrid,6
59000,148000,9,Petrol,5
215000,0,0,Petrol,8
189000,120000,5,Petrol,6
100000,103000,9,Petrol,8
100000,179000,8,Petrol,8
97500,125000,6,Petrol,6
485000,44000,6,Petrol,8
20000,197000,9,Petrol,4
18500,152000,8,Petrol,4
15000,252000,14,Petrol,4
299000,40000,3,Petrol,6
50000,0,1,Petrol,4
210900,54784,3,Petrol,6
59500,66500,4,Petrol,4
205000,55000,5,Petrol,4
27000,152000,4,Petrol,4
32000,202250,16,Petrol,8
224900,7733,2,Petrol,4
99900,24857,5,Petrol,4
149900,77765,8,Petrol,6
159900,18797,2,Petrol,6
226900,58840,2,Petrol,4
44900,180198,8,Petrol,6
85000,91719,8,Petrol,6
331500,27427,5,Petrol,12
67900,142603,9,Petrol,8
390000,19000,5,Petrol,8
219900,25724,2,Petrol,6
154900,100,0,Petrol,4
99900,29248,5,Petrol,6
79900,37493,3,Petrol,4
119000,40817,4,Petrol,4
209900,13896,1,Petrol,4
319900,16157,3,Petrol,6
69900,53986,5,Petrol,4
74900,31566,4,Petrol,4
154900,30,0,Petrol,4
150000,75000,6,Petrol,4
199900,24963,2,Petrol,4
199900,30268,2,Petrol,4
137900,26251,1,Petrol,4
74900,67601,4,Petrol,4
119900,50735,3,Petrol,6
49900,184104,9,Petrol,6
69000,226000,8,Petrol,6
411000,39888,3,Petrol,8
149900,94000,7,Petrol,8
59900,47715,2,Petrol,4
189900,61000,6,Petrol,6
109900,70272,4,Petrol,6
79900,40074,3,Petrol,4
199900,24970,2,Petrol,4
149000,14187,5,Petrol,4
179000,27500,4,Petrol,4
849000,31000,4,Petrol,12
99000,104000,5,Petrol,4
169000,141000,4,Petrol,4
44900,129844,8,Petrol,4
16000,195766,11,Petrol,4
45000,110713,8,Petrol,4
350000,80000,8,Petrol,12
23000,230000,12,Petrol,4
97000,24000,2,Petrol,4
85000,100000,8,Petrol,4
25000,98000,11,Petrol,4
19000,308000,16,Petrol,6
63000,39703,1,Petrol,4
51000,85000,6,Petrol,4
799000,19000,3,Petrol,6
1790,500,1,Petrol,12
1650,26000,4,Petrol,12
99000,98000,6,Petrol,4
69000,100000,10,Petrol,6
129000,88000,10,Petrol,6
60000,165000,10,Petrol,8
55000,240000,10,Petrol,4
36000,230000,16,Petrol,4
20000,175000,16,Petrol,4
118000,0,0,Diesel,4
33000,191000,9,Petrol,8
49000,84606,9,Petrol,6
229000,30868,2,Petrol,8
131900,97434,6,Petrol,4
125900,96161,8,Petrol,6
72000,203000,13,Petrol,8
62000,157000,9,Petrol,6
89000,109000,9,Petrol,8
69000,123000,8,Petrol,6
89500,122000,7,Petrol,6
117000,112000,8,Petrol,6
66000,123000,9,Petrol,4
107000,123000,9,Petrol,6
53500,188000,5,Petrol,4
52500,65000,3,Petrol,4
315000,18000,3,Petrol,6
89000,82000,4,Petrol,4
109000,104000,8,Petrol,6
83000,15,0,Petrol,4
89000,31000,4,Petrol,6
66000,69000,5,Petrol,4
52000,73000,5,Petrol,4
122000,84000,8,Petrol,8
58000,127000,6,Petrol,6
63000,156000,9,Petrol,6
65000,32000,14,Petrol,8
79000,47000,2,Petrol,4
27900,199000,9,Petrol,4
115000,99000,3,Diesel,6
689000,32000,2,Petrol,8
68000,48000,1,Petrol,4
55000,189500,10,Petrol,4
28000,277934,14,Petrol,6
38000,186000,10,Petrol,6
1399,0,0,Petrol,10
1449,5559,2,Petrol,8
186000,60855,3,Petrol,4
23500,215122,9,Petrol,4
749000,10000,1,Petrol,8
1975,0,1,Petrol,12
1699,23000,3,Petrol,12
2149,1678,2,Petrol,8
1049,7455,2,Petrol,12
73000,125214,6,Petrol,4
1549,0,0,Petrol,12
1249,0,1,Petrol,8
1375,0,1,Petrol,8
1649,0,1,Petrol,8
1399,0,0,Petrol,8
1499,0,1,Petrol,8
1599,7700,1,Petrol,8
1525,90,1,Petrol,8
119000,99000,8,Petrol,6
90000,199000,9,Petrol,8
192000,22500,7,Petrol,8
27000,80000,10,Petrol,4
30000,84526,7,Petrol,4
335000,49000,2,Diesel,6
12700,240000,16,Petrol,4
54000,82000,9,Petrol,4
39900,100081,4,Petrol,4
104900,41554,4,Petrol,4
59900,76851,2,Petrol,4
60000,105821,9,Petrol,6
38000,95500,9,Petrol,4
145000,88000,8,Petrol,6
65000,95000,11,Petrol,6
270000,44000,2,Petrol,6
745000,20500,2,Petrol,8
280000,42000,2,Petrol,6
55000,110000,3,Petrol,4
32000,130000,10,Petrol,6
9999,340000,16,Petrol,4
158000,43500,6,Petrol,6
34000,169000,16,Petrol,6
37000,102000,5,Petrol,4
90000,138000,8,Petrol,8
138990,24000,4,Petrol,4
44000,110000,8,Petrol,6
102000,40000,4,Petrol,6
215000,85000,4,Petrol,8
19950,210735,11,Petrol,6
255000,45500,4,Petrol,4
169000,117500,6,Petrol,6
389000,61000,4,Petrol,8
27000,120000,12,Petrol,4
265000,88000,5,Petrol,8
347000,17000,1,Petrol,8
288000,14500,3,Petrol,6
315000,6500,1,Petrol,8
181000,149000,6,Petrol,6
169000,19000,3,Petrol,4
255000,21000,3,Petrol,6
188000,32000,3,Petrol,4
585000,47300,8,Petrol,12
163000,51000,5,Petrol,6
466000,8200,2,Petrol,8
367000,28000,7,Petrol,12
175000,129000,5,Petrol,8
74900,35000,3,Petrol,4
89000,130000,6,Petrol,6
44900,137900,10,Petrol,4
21500,272700,8,Petrol,4
91500,151000,8,Petrol,6
180000,75000,2,Petrol,6
210000,52500,3,Petrol,4
23500,160000,9,Petrol,4
110000,65477,6,Petrol,6
38000,87000,19,Petrol,6
63000,119000,11,Petrol,8
92000,60800,6,Petrol,6
46000,8000,2,Petrol,3
259000,74000,4,Petrol,6
10000,237000,15,Petrol,5
148000,60000,2,Petrol,8
880000,6819,9,Diesel,8
98000,72000,12,Petrol,8
24500,294000,15,Petrol,6
27000,107000,18,Petrol,6
94500,1310000,8,Petrol,0
185000,34000,11,Petrol,8
22000,113355,10,Petrol,4
233000,55000,9,Petrol,8
160000,42000,2,Petrol,8
42000,96000,8,Petrol,4
70000,69000,4,Petrol,0
29000,107000,9,Petrol,4
190000,97935,4,Petrol,4
35500,117000,11,Petrol,4
900000,25000,4,Petrol,8
114999,87000,5,Petrol,4
44000,102000,5,Petrol,4
159000,42000,4,Petrol,4
129000,140000,8,Petrol,6
37000,35000,6,Petrol,4
9000,250000,15,Petrol,4
18500,240000,8,Petrol,4
63500,14900,1,Petrol,4
34000,94000,13,Petrol,4
74900,147666,8,Petrol,4
136900,127968,5,Petrol,8
149000,28300,6,Petrol,6
155000,19000,1,Electric,0
22500,203000,11,Petrol,4
12000,290580,12,Petrol,4
78000,230730,10,Petrol,6
78000,153000,11,Petrol,6
169000,69500,5,Petrol,4
675000,8500,1,Electric,0
88900,116445,7,Petrol,4
90900,14232,1,Petrol,4
102700,93854,8,Hybrid,8
46000,121891,6,Petrol,4
119999,30000,1,Petrol,4
25999,260000,16,Petrol,6
16500,168853,23,Petrol,8
40000,169896,11,Petrol,6
110900,109091,6,Petrol,4
33900,198857,9,Petrol,4
38900,124013,6,Petrol,4
246000,39198,5,Petrol,6
23500,138000,16,Petrol,6
27500,121000,9,Petrol,4
44999,57500,4,Petrol,4
239900,20406,4,Petrol,4
210000,100803,5,Petrol,6
176900,71047,4,Petrol,4
166900,30767,2,Petrol,6
106900,140216,6,Petrol,6
248000,119000,17,Petrol,6
213900,82535,9,Petrol,8
175000,19469,2,Petrol,4
56900,54412,4,Petrol,4
100900,83314,4,Petrol,4
277000,44000,3,Petrol,6
280000,111000,10,Petrol,8
450000,69000,3,Petrol,8
27000,139500,16,Petrol,6
21000,260000,11,Petrol,4
29999,170000,10,Petrol,6
55000,60000,5,Petrol,6
37000,150000,9,Petrol,6
72000,0,0,Petrol,4
65000,0,0,Petrol,4
63000,0,1,Petrol,4
20000,170000,12,Hybrid,4
107000,99000,10,Petrol,6
15000,497000,18,Petrol,4
55000,238000,19,Petrol,8
99000,177000,12,Petrol,8
28500,168000,9,Petrol,4
96000,116250,9,Petrol,6
120000,101000,1,Electric,0
109999,108000,7,Petrol,6
1130,3500,0,Petrol,8
79000,104000,6,Petrol,4
99000,181000,7,Petrol,6
100000,150000,9,Petrol,8
309999,29000,2,Petrol,6
89000,164000,7,Petrol,4
104900,151308,16,Petrol,6
99900,87000,12,Petrol,8
49900,108754,18,Petrol,0
59000,84000,4,Petrol,4
54900,135815,17,Petrol,6
59900,84114,13,Petrol,8
64900,124177,13,Petrol,8
64900,124177,13,Petrol,8
69900,80610,15,Petrol,6
49900,109164,18,Petrol,6
46900,97674,17,Petrol,0
49900,141044,18,Petrol,6
118000,18688,3,Petrol,6
87900,140000,6,Petrol,4
69900,145700,5,Petrol,4
72900,175000,4,Petrol,4
46900,23750,4,Petrol,4
45000,66000,4,Petrol,4
48500,161000,5,Petrol,4
85900,129155,7,Petrol,4
71900,130156,5,Petrol,4
58900,51200,3,Petrol,4
51900,54326,3,Petrol,4
48900,149000,5,Petrol,4
47900,187491,5,Petrol,4
23900,146825,6,Petrol,4
22500,145158,6,Petrol,4
24500,185000,5,Petrol,4
47500,151859,6,Petrol,4
31000,185000,5,Petrol,4
22900,135000,6,Petrol,4
25500,139000,5,Petrol,4
55900,49890,4,Petrol,4
48500,89258,5,Petrol,4
84900,138469,7,Petrol,4
42000,44000,3,Petrol,4
28500,120000,13,Petrol,6
96000,62000,4,Petrol,4
55000,164000,10,Petrol,6
179999,35000,3,Petrol,4
744000,80000,7,Petrol,8
120000,0,1,Diesel,4
175000,0,57,Petrol,8
20000,333306,16,Petrol,6
135000,170000,4,Petrol,4
599000,82000,4,Petrol,8
25000,93500,6,Petrol,4
179000,134740,5,Petrol,6
35000,181000,11,Petrol,4
228000,16500,1,Petrol,6
36000,19000,2,Petrol,4
229000,62000,5,Petrol,6
36500,120000,9,Petrol,4
220000,7000,1,Petrol,6
225000,48000,6,Petrol,8
47000,197000,8,Petrol,4
20000,164000,13,Petrol,6
135000,170000,4,Petrol,4
599000,82000,4,Petrol,8
25000,93500,6,Petrol,4
179000,134740,5,Petrol,6
35000,181000,11,Petrol,4
228000,16500,1,Petrol,6
36000,19000,2,Petrol,4
229000,62000,5,Petrol,6
36500,120000,9,Petrol,4
220000,7000,1,Petrol,6
225000,48000,6,Petrol,8
47000,197000,8,Petrol,4
20000,164000,13,Petrol,6
45000,248000,10,Petrol,8
170000,1000,1,Petrol,8
69500,155000,9,Petrol,8
16000,171000,7,Petrol,4
17500,310000,13,Petrol,4
24000,180000,11,Petrol,4
36500,51000,7,Petrol,4
47000,120000,9,Petrol,6
110000,20000,5,Petrol,4
197000,95000,5,Petrol,6
77500,95300,6,Petrol,4
168000,253000,6,Petrol,8
35000,190000,20,Petrol,6
40000,600000,12,Petrol,8
25500,183000,11,Petrol,4
148000,129999,6,Petrol,6
139000,166000,8,Petrol,8
73000,0,0,Petrol,4
220000,163688,8,Petrol,8
71000,52000,3,Petrol,6
15000,350000,17,Petrol,6
27500,47000,4,Petrol,4
27000,140000,13,Petrol,8
45000,56000,3,Petrol,4
119000,165500,8,Petrol,8
569000,20000,2,Petrol,6
29900,159000,8,Petrol,4
63000,123000,13,Petrol,8
75000,4000,1,Petrol,4
94000,90000,7,Petrol,6
39000,188000,14,Petrol,8
59000,147000,11,Petrol,8
40000,178000,10,Petrol,6
320000,100000,3,Petrol,8
51000,214000,7,Petrol,4
24500,102000,4,Petrol,3
48000,125000,8,Petrol,4
119000,165500,8,Petrol,8
569000,20000,2,Petrol,6
29900,159000,8,Petrol,4
63000,123000,13,Petrol,8
75000,4000,1,Petrol,4
94000,90000,7,Petrol,6
39000,188000,14,Petrol,8
59000,147000,11,Petrol,8
40000,178000,10,Petrol,6
320000,100000,3,Petrol,8
51000,214000,7,Petrol,4
24500,102000,4,Petrol,3
48000,125000,8,Petrol,4
845000,97500,3,Petrol,8
42500,170000,13,Petrol,8
51000,150000,4,Petrol,4
210000,125000,6,Petrol,6
37000,155000,9,Petrol,4
1019,5000,1,Petrol,8
160000,45000,6,Petrol,6
36000,96000,5,Petrol,4
44000,129000,17,Petrol,8
869000,50000,7,Petrol,12
85000,185000,10,Petrol,8
39500,98000,5,Petrol,4
189000,68000,7,Petrol,6
695000,0,2,Petrol,6
599000,10000,2,Petrol,8
440000,50000,4,Petrol,6
495000,50000,2,Petrol,8
229000,90000,8,Petrol,8
189000,165000,9,Petrol,8
125000,90000,5,Petrol,4
385000,80000,5,Petrol,8
99000,33120,4,Petrol,4
334999,15000,5,Petrol,6
14500,190000,9,Petrol,4
339000,51000,10,Petrol,8
210000,56000,5,Petrol,8
110000,156000,21,Petrol,8
385000,1200,1,Petrol,4
29000,213000,12,Petrol,6
14000,270000,10,Petrol,4
95000,70999,8,Petrol,4
57000,120000,5,Petrol,6
87000,75000,6,Petrol,4
38000,150000,8,Petrol,4
300000,0,1,Petrol,6
104000,0,0,Petrol,4
115000,0,0,Petrol,4
339000,51000,10,Petrol,8
210000,56000,5,Petrol,8
110000,156000,21,Petrol,8
385000,1200,1,Petrol,4
29000,213000,12,Petrol,6
14000,270000,10,Petrol,4
95000,70999,8,Petrol,4
57000,120000,5,Petrol,6
87000,75000,6,Petrol,4
38000,150000,8,Petrol,4
300000,0,1,Petrol,6
104000,0,0,Petrol,4
115000,0,0,Petrol,4
145000,0,0,Petrol,4
255000,0,0,Diesel,4
260000,36000,5,Petrol,8
122999,103000,5,Petrol,4
35500,152000,9,Petrol,4
45000,104000,4,Petrol,4
120000,52455,3,Petrol,4
89000,161211,8,Petrol,8
28000,85000,8,Petrol,4
87000,33000,3,Petrol,6
16000,100000,6,Petrol,3
13900,123000,13,Petrol,4
87000,33000,3,Petrol,6
16000,100000,6,Petrol,3
13900,123000,13,Petrol,4
39000,137000,11,Petrol,6
55000,330000,10,Petrol,8
20000,100000,6,Petrol,4
77000,16000,1,Petrol,4
529999,39000,5,Petrol,8
55000,0,2,Petrol,4
50000,0,1,Petrol,4
92000,0,1,Diesel,4
92000,0,1,Diesel,4
125000,0,1,Petrol,4
210000,0,1,Petrol,6
46500,0,1,Petrol,4
39000,0,1,Petrol,4
58000,0,1,Diesel,4
400000,0,1,Petrol,6
440000,6100,1,Electric,0
74000,0,0,Petrol,4
51000,0,1,Petrol,4
82000,0,1,Petrol,4
145000,0,1,Hybrid,4
186000,0,1,Petrol,6
85000,0,1,Petrol,4
85000,0,1,Petrol,4
105000,0,2,Petrol,4
115000,0,1,Petrol,4
110000,0,2,Petrol,6
110000,0,1,Hybrid,4
115000,0,1,Petrol,6
59000,0,2,Petrol,4
175000,0,1,Diesel,4
115000,0,1,Petrol,6
68000,0,1,Petrol,4
42000,0,1,Petrol,4
188000,0,0,Diesel,6
18000,140000,13,Petrol,4
35000,58000,15,Petrol,8
94999,2000,1,Petrol,3
33500,117000,7,Petrol,4
130000,99000,7,Petrol,6
990000,17000,3,Petrol,8
399000,3100,1,Electric,0
254000,22000,2,Petrol,8
145000,112000,7,Petrol,6
35000,123000,12,Petrol,4
220000,129000,7,Petrol,8
27000,295000,11,Petrol,6
35000,130000,9,Petrol,6
850000,4000,1,Petrol,8
54000,39000,2,Petrol,3
92000,0,1,Petrol,4
1399,312,3,Petrol,8
699000,19105,4,Petrol,8
1199,188,1,Hybrid,8
36500,120000,10,Petrol,6
1249,0,0,Petrol,6
1049,200,1,Petrol,6
1299,23900,5,Petrol,12
2799,105,1,Petrol,12
999000,2567,5,Petrol,8
1225,217,2,Petrol,10
639000,0,0,Petrol,8
1375,225,1,Petrol,10
1599,0,1,Petrol,6
3850,131,0,Petrol,12
1849,24532,5,Petrol,12
2249,0,2,Petrol,8
1099,32651,5,Petrol,12
849000,0,1,Petrol,8
899000,41240,2,Petrol,12
1349,18532,5,Petrol,12
2099,0,1,Petrol,12
779000,0,0,Petrol,6
1375,0,1,Petrol,8
989000,6939,1,Petrol,8
489000,0,1,Petrol,8
650000,40456,8,Petrol,12
749000,33840,3,Petrol,8
725000,0,1,Petrol,8
1449,9368,4,Petrol,12
1649,0,1,Petrol,6
1999,9260,11,Petrol,12
729000,9697,1,Petrol,8
659000,18320,5,Petrol,12
1749,24603,10,Petrol,12
799000,9755,2,Petrol,6
1499,2462,5,Petrol,6
799000,0,1,Petrol,6
699000,0,0,Petrol,6
2499,0,3,Petrol,8
1350,81933,35,Petrol,6
979000,0,0,Petrol,6
999000,0,0,Petrol,8
2099,0,1,Petrol,12
69500,48000,5,Petrol,4
28555,155000,6,Petrol,4
1449,0,0,Petrol,8
42000,91000,7,Petrol,4
71999,84000,7,Petrol,6
20000,300000,16,Petrol,4
44000,120000,10,Petrol,4
80000,98000,5,Petrol,8
154000,145600,6,Petrol,6
21000,266000,15,Petrol,6
185000,27501,3,Petrol,6
77000,90000,7,Petrol,4
98000,68000,5,Petrol,4
67000,134000,9,Petrol,6
48000,161000,10,Petrol,6
53000,125000,10,Petrol,6
79000,72000,5,Petrol,4
57000,84000,9,Petrol,4
113000,119000,8,Petrol,8
48500,170000,9,Petrol,6
335000,43000,4,Petrol,8
20000,200000,14,Petrol,6
23000,281000,12,Petrol,4
32000,82000,8,Petrol,4
50000,94000,8,Petrol,4
65000,46000,7,Petrol,4
16000,199013,16,Petrol,8
66500,13000,2,Petrol,4
98000,68000,5,Petrol,4
67000,134000,9,Petrol,6
48000,161000,10,Petrol,6
53000,125000,10,Petrol,6
79000,72000,5,Petrol,4
57000,84000,9,Petrol,4
113000,119000,8,Petrol,8
48500,170000,9,Petrol,6
335000,43000,4,Petrol,8
20000,200000,14,Petrol,6
23000,281000,12,Petrol,4
32000,82000,8,Petrol,4
50000,94000,8,Petrol,4
65000,46000,7,Petrol,4
16000,199013,16,Petrol,8
66500,13000,2,Petrol,4
38000,111000,7,Petrol,4
33000,68000,8,Petrol,4
16000,251000,8,Petrol,4
26500,113000,8,Petrol,4
31000,249000,8,Petrol,4
58000,74000,9,Petrol,4
39000,98000,6,Petrol,4
465000,5900,1,Petrol,6
32500,92000,4,Petrol,4
76900,93903,4,Petrol,4
56900,115504,4,Petrol,4
87900,56937,2,Petrol,6
54900,92818,5,Petrol,4
66900,56143,2,Petrol,4
84500,99000,3,Petrol,4
27000,165000,8,Petrol,4
125000,86000,3,Petrol,8
155000,96598,4,Petrol,4
35000,200000,6,Petrol,3
93000,116000,3,Petrol,6
1499,2800,1,Petrol,8
59999,103000,4,Petrol,6
168000,101693,4,Petrol,4
215000,36000,5,Petrol,6
76900,46971,2,Petrol,4
49900,142601,4,Petrol,4
55000,90000,8,Petrol,6
23000,89000,5,Petrol,4
55000,114000,9,Petrol,4
38000,59000,8,Petrol,4
49000,35000,1,Petrol,4
27900,77311,4,Petrol,4
39500,124000,7,Petrol,4
36000,133000,10,Petrol,4
69000,58000,5,Petrol,4
49000,47000,7,Petrol,4
45000,125000,8,Petrol,4
103000,22000,6,Petrol,6
42000,141000,10,Petrol,6
29000,171000,41,Petrol,6
27000,99000,5,Petrol,4
79000,90000,2,Petrol,4
71000,25000,1,Petrol,4
37000,128000,12,Hybrid,4
39000,93000,5,Petrol,4
29000,72000,6,Petrol,4
55000,245000,7,Petrol,4
124900,19205,1,Diesel,4
42500,33000,5,Petrol,4
29500,166000,11,Petrol,4
24000,66000,10,Petrol,4
45000,171000,21,Petrol,8
43500,77000,9,Petrol,5
52000,39000,3,Petrol,4
39500,51000,6,Petrol,4
32900,120353,4,Petrol,4
32000,131000,12,Petrol,4
34000,79000,4,Petrol,4
49000,88000,4,Petrol,4
95000,65000,6,Petrol,8
26500,86000,3,Petrol,3
45000,254000,10,Petrol,6
83000,19,0,Petrol,4
44900,49000,8,Petrol,4
39500,101000,4,Petrol,4
53000,50000,4,Petrol,4
69000,165000,10,Petrol,8
47000,131000,8,Petrol,3
31500,126000,19,Petrol,6
29500,96000,8,Petrol,4
34000,267000,11,Petrol,8
38500,119000,9,Petrol,3
49900,58000,8,Petrol,4
31500,72000,8,Petrol,4
105000,37000,2,Petrol,4
129000,118000,9,Petrol,8
86000,72000,2,Petrol,4
49500,116000,2,Petrol,4
36500,131000,13,Petrol,6
49500,118000,6,Petrol,4
47500,95000,4,Petrol,4
47500,120000,11,Petrol,6
46000,70000,6,Petrol,5
76000,100000,10,Petrol,8
38500,119000,9,Petrol,3
49900,58000,8,Petrol,4
31500,72000,8,Petrol,4
105000,37000,2,Petrol,4
129000,118000,9,Petrol,8
86000,72000,2,Petrol,4
49500,116000,2,Petrol,4
36500,131000,13,Petrol,6
49500,118000,6,Petrol,4
47500,95000,4,Petrol,4
47500,120000,11,Petrol,6
46000,70000,6,Petrol,5
76000,100000,10,Petrol,8
17500,100000,9,Petrol,4
132000,19000,1,Petrol,4
47000,55000,2,Petrol,4
65000,19000,1,Petrol,4
53000,80000,6,Petrol,4
72000,55000,6,Petrol,4
79500,300,1,Petrol,4
76900,34126,1,Petrol,4
85000,6000,1,Petrol,4
22500,106000,8,Petrol,4
31500,118000,5,Petrol,4
115000,123000,9,Petrol,6
34500,145000,10,Petrol,6
32000,121000,13,Petrol,6
46000,87000,5,Petrol,4
55900,106723,5,Petrol,4
29500,88000,8,Petrol,4
27500,111000,7,Petrol,4
33000,87000,8,Petrol,4
25000,28000,10,Petrol,4
42500,197000,6,Petrol,4
25000,118000,7,Petrol,4
26000,10000,4,Petrol,4
132000,118000,3,Petrol,4
29500,225000,11,Petrol,8
21500,167000,10,Petrol,4
57500,91000,7,Petrol,6
165000,33000,10,Petrol,8
69000,222000,5,Petrol,6
59000,130000,7,Petrol,6
25000,125000,16,Petrol,8
73000,76000,7,Petrol,4
39000,180000,9,Petrol,6
78500,8000,1,Petrol,4
43000,143000,10,Petrol,6
52000,71000,4,Petrol,4
114000,36800,4,Petrol,4
148000,23800,4,Petrol,4
129000,72000,4,Petrol,4
98000,50000,5,Petrol,4
134000,28700,3,Petrol,4
119000,8800,2,Petrol,6
78000,42300,6,Petrol,6
172000,74000,5,Petrol,6
78000,75500,5,Petrol,4
128000,48800,5,Petrol,4
195500,74000,6,Petrol,4
108000,62000,5,Petrol,4
114000,25000,4,Petrol,4
78000,17000,4,Petrol,4
99000,28000,3,Petrol,6
59000,93000,5,Petrol,4
89000,81500,7,Petrol,6
72000,44000,5,Petrol,4
36000,111500,8,Petrol,4
139000,47900,4,Petrol,6
79000,52800,6,Petrol,6
69000,55000,5,Petrol,6
64000,55000,3,Petrol,4
59000,64800,4,Petrol,4
109000,25500,3,Petrol,4
215000,55500,4,Petrol,6
94000,60000,5,Petrol,4
99000,13300,2,Petrol,6
98000,185000,7,Petrol,6
110000,58000,3,Petrol,4
139000,84000,2,Electric,0
35500,142000,10,Petrol,6
37000,156000,12,Petrol,8
39000,120000,10,Petrol,6
35500,108000,9,Petrol,4
33500,110000,11,Petrol,4
139000,105000,8,Petrol,8
18500,130000,8,Petrol,4
36500,169000,11,Petrol,6
79000,84500,10,Petrol,8
44500,160000,9,Petrol,4
26500,110000,12,Petrol,4
24500,144000,12,Petrol,6
24500,145000,11,Petrol,6
17000,137000,10,Petrol,4
44000,145000,9,Petrol,4
24500,120000,12,Petrol,6
34500,99000,5,Petrol,4
38000,160000,13,Petrol,8
55000,135000,9,Petrol,6
345000,32500,1,Petrol,6
139000,80281,7,Electric,0
215000,84000,4,Petrol,8
182000,23000,3,Petrol,6
38000,32338,5,Petrol,4
2750,0,1,Petrol,12
49000,9000,2,Petrol,4
26000,245000,12,Petrol,6
135000,29000,2,Petrol,4
129000,46200,3,Petrol,4
89000,52000,3,Petrol,4
49000,143000,7,Petrol,4
39000,37885,3,Petrol,4
129000,55900,3,Petrol,4
119000,13000,2,Petrol,4
179000,20000,2,Petrol,6
89000,89000,5,Petrol,4
34000,167000,9,Petrol,4
460000,1000,0,Petrol,6
169000,146000,7,Petrol,8
132000,12600,1,Petrol,4
220000,78000,4,Petrol,6
150000,86300,10,Petrol,6
15500,120582,12,Petrol,4
148000,48000,5,Petrol,6
9500,400000,18,Petrol,4
89000,52000,3,Petrol,4
49000,143000,7,Petrol,4
39000,37885,3,Petrol,4
129000,55900,3,Petrol,4
119000,13000,2,Petrol,4
179000,20000,2,Petrol,6
89000,89000,5,Petrol,4
34000,167000,9,Petrol,4
460000,1000,0,Petrol,6
169000,146000,7,Petrol,8
132000,12600,1,Petrol,4
220000,78000,4,Petrol,6
150000,86300,10,Petrol,6
15500,120582,12,Petrol,4
148000,48000,5,Petrol,6
9500,400000,18,Petrol,4
145000,44177,2,Petrol,8
88000,92000,6,Petrol,6
21000,250000,15,Petrol,8
329000,39600,8,Petrol,8
212000,45500,2,Petrol,8
239000,139000,4,Petrol,6
89000,79000,7,Petrol,6
41000,112000,7,Petrol,4
212000,85000,4,Petrol,6
20000,166000,17,Petrol,4
13500,240000,15,Petrol,6
28000,91000,7,Petrol,4
57500,39700,4,Petrol,6
650000,6500,9,Petrol,12
16000,231000,11,Petrol,6
72000,126000,10,Petrol,6
57000,196000,10,Petrol,8
39000,174000,8,Petrol,4
167000,30000,2,Electric,0
68999,110500,8,Petrol,4
43500,129690,11,Petrol,8
185999,36000,7,Petrol,8
145999,58000,12,Petrol,6
132999,111211,8,Petrol,5
215999,123100,8,Petrol,8
105999,139000,9,Petrol,8
128999,148000,10,Petrol,8
128999,88000,10,Petrol,8
143999,107000,8,Petrol,6
347000,17000,1,Petrol,8
145000,14300,2,Petrol,6
139000,52000,4,Petrol,4
265000,51000,5,Petrol,8
209000,19000,2,Petrol,8
975000,51800,5,Petrol,8
50000,151000,9,Petrol,6
25000,150000,13,Petrol,6
297000,100000,6,Petrol,8
350000,26000,7,Petrol,6
190000,0,2,Petrol,4
220000,0,1,Petrol,6
205000,0,1,Petrol,4
190000,0,1,Petrol,4
255000,0,1,Petrol,8
80000,0,0,Petrol,4
175000,0,0,Petrol,6
165000,0,0,Petrol,6
80000,0,0,Petrol,4
145000,0,0,Diesel,8
39500,182000,8,Petrol,6
400000,0,1,Petrol,6
610000,0,2,Petrol,8
145000,0,0,Petrol,4
135000,0,1,Petrol,8
87000,0,0,Petrol,4
140000,0,2,Diesel,4
115000,0,0,Petrol,4
125000,0,1,Petrol,4
145000,0,1,Petrol,4
255000,0,1,Petrol,8
80000,0,0,Petrol,4
175000,0,0,Petrol,6
165000,0,0,Petrol,6
80000,0,0,Petrol,4
145000,0,0,Diesel,8
39500,182000,8,Petrol,6
400000,0,1,Petrol,6
610000,0,2,Petrol,8
145000,0,0,Petrol,4
135000,0,1,Petrol,8
87000,0,0,Petrol,4
140000,0,2,Diesel,4
115000,0,0,Petrol,4
125000,0,1,Petrol,4
145000,0,1,Petrol,4
65000,0,1,Petrol,4
52000,190000,9,Petrol,8
129000,0,1,Hybrid,4
142000,0,1,Petrol,6
90000,0,1,Diesel,4
95000,0,2,Diesel,4
230000,0,1,Petrol,6
150000,0,1,Diesel,4
220000,0,2,Petrol,4
30000,205000,9,Petrol,4
66000,68000,4,Petrol,6
32000,105000,6,Petrol,4
75000,40000,4,Petrol,4
75000,29000,3,Petrol,4
140000,11000,3,Petrol,8
135000,15500,2,Petrol,6
38000,190000,9,Petrol,4
45000,180000,6,Petrol,8
63000,80000,5,Petrol,6
33000,201000,11,Petrol,6
26000,344000,7,Petrol,4
105000,113374,2,Petrol,6
125000,116000,8,Petrol,6
205000,500,1,Petrol,6
115000,0,1,Petrol,4
550000,0,1,Petrol,6
305000,13000,1,Hybrid,6
198000,0,1,Petrol,6
225000,0,1,Petrol,6
257000,0,1,Petrol,6
52000,0,1,Petrol,3
215000,0,1,Petrol,6
237000,0,1,Petrol,8
272500,53294,4,Petrol,4
64500,165000,10,Petrol,8
219000,38000,6,Electric,0
23000,217000,12,Petrol,4
31000,216007,10,Petrol,6
69900,135000,47,Petrol,6
65000,45000,8,Petrol,4
59000,96000,5,Petrol,6
95000,111408,10,Petrol,4
8700,240,16,Petrol,12
10000,307000,15,Petrol,6
49000,99500,6,Petrol,6
77000,46000,5,Petrol,4
72000,22000,4,Petrol,8
68000,57200,6,Petrol,4
10000,130000,22,Petrol,8
183000,46,1,Petrol,6
73000,30000,5,Petrol,6
690000,1800,1,Petrol,8
75000,98000,7,Petrol,6
19000,245000,14,Petrol,6
68000,132000,10,Petrol,8
25998,225600,13,Petrol,4
1080,50,2,Petrol,8
339000,50,1,Electric,0
699000,50,1,Electric,0
390000,9000,1,Diesel,6
565000,33000,5,Petrol,8
190000,86000,8,Petrol,8
195000,41000,7,Petrol,8
45000,80000,12,Petrol,6
188000,27000,7,Petrol,8
253000,96000,5,Petrol,0
45000,177000,11,Petrol,6
72000,54000,12,Petrol,8
80000,64000,9,Petrol,6
161000,52000,3,Electric,0
39500,90000,17,Petrol,8
63000,69000,12,Petrol,6
55000,58249,9,Petrol,4
379000,29800,4,Petrol,8
33000,115000,6,Petrol,4
29000,374999,9,Petrol,4
18000,378000,19,Petrol,6
109500,159000,7,Petrol,6
115000,144000,5,Petrol,6
24500,114000,6,Petrol,4
37500,134000,9,Petrol,4
19900,169000,8,Petrol,4
18000,180000,18,Petrol,8
148000,46000,8,Petrol,8
180000,204000,4,Petrol,8
650000,15000,2,Petrol,8
24500,140000,9,Petrol,4
86000,52000,3,Petrol,3
39000,58280,9,Petrol,8
25900,84000,13,Petrol,4
25000,162000,9,Diesel,4
42000,125000,6,Petrol,6
26500,117000,8,Petrol,4
51000,116000,10,Petrol,4
90000,186000,10,Petrol,6
39000,96000,5,Petrol,4
33000,106405,7,Petrol,6
13000,119000,12,Petrol,3
153000,93000,2,Petrol,6
49900,103124,8,Petrol,6
40000,79000,8,Petrol,3
180000,140000,4,Petrol,4
13800,155000,12,Petrol,4
93000,129000,9,Petrol,6
127999,5100,1,Petrol,6
59999,140000,6,Petrol,4
17000,287000,15,Petrol,4
42000,212000,8,Petrol,4
118000,225000,9,Petrol,8
8000,500000,32,Petrol,4
60000,108510,9,Petrol,4
70000,132056,8,Petrol,8
90000,160000,10,Petrol,8
15500,59138,22,Petrol,8
158000,173000,5,Petrol,6
25000,225000,13,Petrol,8
26000,165000,8,Petrol,5
55000,240000,8,Petrol,6
27500,165000,10,Petrol,4
27500,340000,16,Petrol,8
18500,22000,6,Petrol,4
18000,249000,6,Petrol,4
30000,53000,4,Petrol,4
26500,109000,9,Petrol,4
90000,66500,4,Petrol,4
12500,228000,13,Petrol,4
425000,30000,2,Petrol,6
145000,25000,1,Petrol,4
30000,130000,12,Petrol,6
30000,145000,11,Petrol,4
61000,48000,4,Petrol,4
72000,125500,7,Petrol,4
149000,21926,2,Petrol,6
26500,400195,4,Petrol,4
440000,0,0,Petrol,6
12500,58000,17,Petrol,4
23500,220000,9,Petrol,4
20000,246000,13,Petrol,6
129000,102000,10,Petrol,8
310000,40000,1,Petrol,8
22000,235000,12,Petrol,6
28600,211500,13,Petrol,6
40000,100000,9,Petrol,4
55000,110000,5,Petrol,4
52000,162198,6,Petrol,4
329000,94000,4,Petrol,6
88000,20000,3,Petrol,0
49000,26250,3,Petrol,4
179000,28378,4,Petrol,6
399000,25900,1,Electric,0
42000,110000,16,Petrol,8
9900,250000,23,Petrol,6
40000,96356,10,Petrol,4
125000,52200,5,Petrol,6
158000,180000,4,Petrol,6
28000,159556,12,Petrol,6
11000,252271,33,Petrol,4
99500,104000,9,Petrol,6
205000,55000,2,Petrol,4
77000,46000,5,Petrol,4
72000,22000,4,Petrol,8
95000,95000,4,Petrol,4
68000,57200,6,Petrol,4
10000,130000,22,Petrol,8
183000,46,1,Petrol,6
73000,30000,5,Petrol,6
690000,1800,1,Petrol,8
75000,98000,7,Petrol,6
19000,245000,14,Petrol,6
210000,64802,5,Petrol,6
68000,132000,10,Petrol,8
25998,225600,13,Petrol,4
1080,50,2,Petrol,8
339000,50,1,Electric,0
699000,50,1,Electric,0
184999,9486,2,Petrol,4
124999,41465,2,Petrol,4
214999,27000,2,Petrol,6
104999,12403,4,Petrol,6
99999,112380,6,Petrol,4
99999,109878,6,Petrol,6
334999,2527,2,Petrol,6
84999,30432,3,Petrol,4
81999,62167,4,Petrol,4
60000,117000,10,Petrol,8
320000,32537,6,Petrol,8
254999,58000,4,Petrol,4
27000,250000,13,Petrol,6
264999,24000,2,Electric,0
46000,190000,9,Petrol,6
110000,92000,8,Petrol,8
87000,81000,6,Petrol,6
105000,92000,10,Petrol,8
44999,95000,8,Petrol,4
30000,98000,9,Petrol,4
40000,139000,9,Petrol,3
48500,9922,2,Petrol,4
48800,129858,5,Petrol,4
30500,127000,10,Petrol,4
9000,119913,19,Petrol,4
18500,141000,8,Petrol,4
92000,97000,8,Petrol,6
1000,45000,5,Petrol,8
38000,115603,30,Petrol,6
14500,237000,12,Petrol,4
76000,590000,9,Petrol,6
326000,20000,4,Petrol,6
119000,147000,3,Petrol,4
218000,19000,3,Petrol,4
279000,37000,4,Petrol,8
169000,70000,6,Petrol,6
188000,26000,3,Petrol,8
157000,39000,3,Petrol,4
639000,37000,4,Petrol,12
48000,103000,5,Petrol,4
37000,59020,4,Petrol,4
99900,51384,2,Petrol,4
125900,48157,4,Petrol,4
119900,18798,1,Petrol,4
59900,47982,4,Petrol,4
259500,9600,2,Petrol,6
125900,67297,5,Petrol,6
48000,63225,3,Petrol,4
129500,0,0,Petrol,4
109000,88472,6,Petrol,4
215000,23947,3,Petrol,4
209000,97101,3,Petrol,4
118000,80000,6,Petrol,6
89900,74265,5,Petrol,4
85900,110071,7,Petrol,4
319990,66566,3,Petrol,6
89900,78760,4,Petrol,4
95900,86608,6,Petrol,4
99900,97588,9,Petrol,6
99900,46746,4,Petrol,4
139900,62735,3,Petrol,6
54000,88000,4,Petrol,4
1250,12842,2,Petrol,12
229000,35901,8,Petrol,8
74500,102470,6,Petrol,6
139900,69000,6,Petrol,6
84900,37600,3,Petrol,4
52900,87709,5,Petrol,4
179900,29178,3,Petrol,4
470000,148000,9,Petrol,12
585000,75000,8,Petrol,12
56900,113821,6,Petrol,4
65900,100478,6,Petrol,4
76900,60342,6,Petrol,4
87900,53238,2,Petrol,6
32000,117000,4,Petrol,4
283000,7000,1,Petrol,6
119900,98984,3,Petrol,6
74900,26467,3,Petrol,4
44000,101000,7,Petrol,6
100000,0,0,Petrol,4
107900,6127,1,Petrol,4
82900,107223,8,Petrol,6
104900,87689,6,Petrol,6
399000,25900,1,Electric,0
42000,110000,16,Petrol,8
9900,250000,23,Petrol,6
40000,96356,10,Petrol,4
125000,52200,5,Petrol,6
158000,180000,4,Petrol,6
28000,159556,12,Petrol,6
11000,252271,33,Petrol,4
99500,104000,9,Petrol,6
205000,55000,2,Petrol,4
85000,115121,5,Petrol,6
18000,197000,15,Petrol,6
100000,129613,8,Petrol,8
270000,39000,1,Petrol,6
93000,1000,2,Hybrid,4
106000,45600,3,Petrol,4
210000,22000,1,Petrol,4
29000,82000,7,Petrol,4
56000,150000,9,Petrol,6
55000,98974,7,Petrol,4
76500,13350,1,Petrol,4
30000,168000,7,Petrol,4
38900,89717,4,Petrol,4
39990,67000,10,Petrol,4
154999,87000,8,Petrol,8
348000,1000,0,Petrol,4
199000,29000,8,Petrol,6
210000,52500,3,Petrol,4
110000,65477,6,Petrol,6
38000,87000,19,Petrol,6
46000,8000,2,Petrol,3
259000,74000,4,Petrol,6
29000,105000,15,Petrol,4
229000,104000,4,Petrol,6
199000,159000,9,Petrol,8
470000,4950,2,Petrol,8
399000,12000,3,Petrol,8
232000,0,0,Petrol,4
249000,21000,4,Petrol,6
229000,900,1,Diesel,4
279000,250,1,Petrol,4
409000,29500,7,Diesel,6
150000,75555,5,Petrol,6
39000,48170,5,Petrol,4
10000,237000,15,Petrol,5
99500,53000,6,Petrol,4
108000,88000,8,Petrol,6
88000,83000,8,Petrol,4
237000,0,0,Petrol,6
25000,59000,4,Petrol,4
154999,87000,8,Petrol,8
11800,140000,19,Petrol,6
144999,46000,3,Petrol,8
17000,347483,12,Petrol,4
39999,155000,7,Petrol,6
18000,252000,11,Petrol,5
135000,71500,6,Petrol,6
65000,134850,10,Petrol,6
24500,81500,5,Petrol,4
89000,73000,3,Petrol,8
35000,170000,11,Petrol,6
46000,170000,8,Petrol,4
93000,9000,0,Hybrid,4
425000,49000,1,Petrol,4
30000,14600,10,Petrol,8
60000,100050,10,Petrol,6
29000,271500,13,Petrol,4
49000,51050,4,Petrol,4
60000,117000,10,Petrol,8
320000,32537,6,Petrol,8
254999,58000,4,Petrol,4
27000,250000,13,Petrol,6
264999,24000,2,Electric,0
46000,190000,9,Petrol,6
110000,92000,8,Petrol,8
87000,81000,6,Petrol,6
105000,92000,10,Petrol,8
44999,95000,8,Petrol,4
30000,98000,9,Petrol,4
40000,139000,9,Petrol,3
48500,9922,2,Petrol,4
48800,129858,5,Petrol,4
64999,276000,10,Petrol,6
30500,127000,10,Petrol,4
74000,175000,10,Petrol,6
9000,119913,19,Petrol,4
340000,22500,3,Petrol,6
18500,141000,8,Petrol,4
92000,97000,8,Petrol,6
1000,45000,5,Petrol,8
38000,115603,30,Petrol,6
14500,237000,12,Petrol,4
76000,590000,9,Petrol,6
326000,20000,4,Petrol,6
119000,147000,3,Petrol,4
218000,19000,3,Petrol,4
279000,37000,4,Petrol,8
169000,70000,6,Petrol,6
188000,26000,3,Petrol,8
157000,39000,3,Petrol,4
639000,37000,4,Petrol,12
48000,103000,5,Petrol,4
37000,59020,4,Petrol,4
99900,51384,2,Petrol,4
125900,48157,4,Petrol,4
119900,18798,1,Petrol,4
59900,47982,4,Petrol,4
259500,9600,2,Petrol,6
125900,67297,5,Petrol,6
48000,63225,3,Petrol,4
129500,0,0,Petrol,4
109000,88472,6,Petrol,4
215000,23947,3,Petrol,4
209000,97101,3,Petrol,4
118000,80000,6,Petrol,6
89900,74265,5,Petrol,4
85900,110071,7,Petrol,4
319990,66566,3,Petrol,6
89900,78760,4,Petrol,4
95900,86608,6,Petrol,4
99900,97588,9,Petrol,6
99900,46746,4,Petrol,4
139900,62735,3,Petrol,6
54000,88000,4,Petrol,4
1250,12842,2,Petrol,12
229000,35901,8,Petrol,8
74500,102470,6,Petrol,6
139900,69000,6,Petrol,6
84900,37600,3,Petrol,4
52900,87709,5,Petrol,4
179900,29178,3,Petrol,4
470000,148000,9,Petrol,12
585000,75000,8,Petrol,12
56900,113821,6,Petrol,4
65900,100478,6,Petrol,4
76900,60342,6,Petrol,4
87900,53238,2,Petrol,6
32000,117000,4,Petrol,4
283000,7000,1,Petrol,6
119900,98984,3,Petrol,6
74900,26467,3,Petrol,4
44000,101000,7,Petrol,6
100000,0,0,Petrol,4
107900,6127,1,Petrol,4
82900,107223,8,Petrol,6
104900,87689,6,Petrol,6
310000,41000,7,Petrol,8
79900,8111,1,Petrol,4
235900,0,1,Petrol,6
92900,44377,2,Petrol,4
399000,12000,3,Petrol,8
232000,0,0,Petrol,4
249000,21000,4,Petrol,6
229000,900,1,Diesel,4
279000,250,1,Petrol,4
409000,29500,7,Diesel,6
150000,75555,5,Petrol,6
39000,48170,5,Petrol,4
10000,237000,15,Petrol,5
99500,53000,6,Petrol,4
108000,88000,8,Petrol,6
88000,83000,8,Petrol,4
237000,0,0,Petrol,6
25000,59000,4,Petrol,4
105000,0,0,Petrol,4
255000,0,0,Petrol,6
187000,40000,3,Petrol,8
275000,35000,7,Petrol,8
58000,79000,8,Petrol,4
62000,82000,7,Petrol,8
668000,0,1,Petrol,6
56000,86000,6,Petrol,4
215000,0,1,Petrol,6
70000,92000,7,Petrol,4
387000,24950,1,Petrol,6
170000,38000,5,Petrol,6
49000,88723,11,Petrol,4
55500,24168,2,Petrol,4
46500,82000,2,Petrol,4
219000,48896,3,Petrol,4
199000,21235,2,Petrol,6
77000,12753,1,Petrol,4
97000,43949,1,Petrol,4
97000,40957,1,Petrol,4
22000,156903,12,Petrol,6
62000,76070,2,Petrol,4
212000,67899,4,Petrol,8
60000,62269,8,Petrol,4
152000,37400,2,Petrol,4
321000,6461,3,Petrol,6
138000,107257,4,Petrol,4
88000,110651,6,Petrol,6
151000,60676,4,Petrol,4
280000,36454,4,Hybrid,6
120000,129863,8,Petrol,6
55000,84970,8,Petrol,3
41900,171207,9,Petrol,6
355000,10792,1,Petrol,6
84900,79786,3,Petrol,4
110000,221568,5,Petrol,8
93000,1692,0,Petrol,4
170000,179465,7,Petrol,8
325000,33136,4,Petrol,6
89500,134500,7,Petrol,8
118000,21000,2,Petrol,4
55000,156362,9,Petrol,6
105000,50336,3,Petrol,6
68000,132764,6,Petrol,4
95000,146718,6,Petrol,4
58400,144077,9,Petrol,6
342000,50521,3,Petrol,6
280000,60414,4,Petrol,6
55000,198660,7,Petrol,6
127000,99379,6,Hybrid,4
135000,66319,5,Petrol,4
41000,123669,4,Petrol,4
179900,93086,4,Petrol,4
160000,115685,3,Petrol,6
98000,92452,6,Petrol,4
101900,65146,7,Petrol,4
55000,121001,8,Petrol,4
790000,29281,2,Petrol,8
139900,66030,8,Petrol,6
39000,89839,8,Petrol,4
215000,19735,1,Electric,0
29900,74560,4,Petrol,3
49500,187172,9,Petrol,4
40000,141198,9,Petrol,4
46900,142380,8,Petrol,4
79900,111561,10,Petrol,8
58900,26931,2,Petrol,4
169000,44972,3,Petrol,4
27000,155591,6,Petrol,4
56500,30108,2,Petrol,4
69900,128829,8,Petrol,4
69000,103818,7,Petrol,6
49900,137285,8,Petrol,4
58000,110630,5,Petrol,4
120000,96929,4,Petrol,4
173900,33509,5,Petrol,4
149900,28853,1,Petrol,6
135900,115899,8,Petrol,6
82000,135489,7,Petrol,4
50900,190777,6,Petrol,6
90000,157776,10,Petrol,8
55000,111321,2,Petrol,4
47000,98167,2,Petrol,4
93000,102367,6,Petrol,6
94900,72718,6,Petrol,6
103900,196984,9,Petrol,8
90000,75879,8,Petrol,8
230000,217115,7,Petrol,8
89000,112090,7,Petrol,6
349000,18869,2,Petrol,8
150000,78971,5,Petrol,8
73900,108076,6,Petrol,4
40000,111770,7,Petrol,4
253500,67862,8,Petrol,8
270000,15188,2,Petrol,6
67900,103547,7,Petrol,6
139000,117547,5,Petrol,4
101900,59321,3,Petrol,4
76000,75950,4,Petrol,4
65500,83706,4,Petrol,4
21000,245918,9,Petrol,5
290000,17952,2,Petrol,6
77900,47498,3,Petrol,4
221900,125952,5,Petrol,8
118000,74685,4,Petrol,4
101900,144939,8,Petrol,8
39500,201557,9,Petrol,4
60000,130000,12,Petrol,8
39000,92000,6,Petrol,4
17500,240000,18,Petrol,6
125000,49913,2,Petrol,4
499000,8000,2,Petrol,8
599000,100,1,Petrol,8
455000,14500,4,Petrol,8
629000,900,1,Hybrid,8
369000,65000,3,Petrol,8
315000,32000,8,Petrol,8
899000,32000,4,Petrol,12
549000,13000,7,Petrol,12
329000,77000,8,Petrol,8
899000,35000,3,Petrol,12
699000,37000,4,Petrol,8
649000,33000,5,Petrol,12
625000,27000,4,Petrol,12
899000,100,1,Petrol,8
170000,38000,5,Petrol,6
49000,88723,11,Petrol,4
55500,24168,2,Petrol,4
46500,82000,2,Petrol,4
219000,48896,3,Petrol,4
199000,21235,2,Petrol,6
77000,12753,1,Petrol,4
97000,43949,1,Petrol,4
97000,40957,1,Petrol,4
22000,156903,12,Petrol,6
62000,76070,2,Petrol,4
430000,93700,68,Petrol,4
429000,21500,7,Petrol,8
339000,35000,1,Petrol,6
199000,161000,2,Petrol,6
219000,48000,6,Petrol,6
95000,0,0,Petrol,4
35000,87400,8,Petrol,4
29500,107000,5,Petrol,4
30000,173590,16,Petrol,6
339000,8500,1,Petrol,6
12500,113859,16,Petrol,6
99800,250000,6,Petrol,4
295000,54971,6,Petrol,8
45000,230000,10,Petrol,4
16000,182000,15,Petrol,6
98000,9000,4,Petrol,6
285000,52000,6,Petrol,8
265000,51000,5,Petrol,8
499000,53000,8,Petrol,12
60000,71243,4,Petrol,4
87000,57000,6,Petrol,4
38000,96000,12,Petrol,6
115000,37000,5,Petrol,4
129000,47000,4,Petrol,4
405000,81000,9,Petrol,6
280000,60414,4,Petrol,6
55000,198660,7,Petrol,6
127000,99379,6,Hybrid,4
135000,66319,5,Petrol,4
41000,123669,4,Petrol,4
179900,93086,4,Petrol,4
160000,115685,3,Petrol,6
98000,92452,6,Petrol,4
101900,65146,7,Petrol,4
55000,121001,8,Petrol,4
790000,29281,2,Petrol,8
139900,66030,8,Petrol,6
39000,89839,8,Petrol,4
215000,19735,1,Electric,0
29900,74560,4,Petrol,3
49500,187172,9,Petrol,4
40000,141198,9,Petrol,4
46900,142380,8,Petrol,4
79900,111561,10,Petrol,8
58900,26931,2,Petrol,4
169000,44972,3,Petrol,4
27000,155591,6,Petrol,4
56500,30108,2,Petrol,4
69900,128829,8,Petrol,4
69000,103818,7,Petrol,6
49900,137285,8,Petrol,4
58000,110630,5,Petrol,4
120000,96929,4,Petrol,4
173900,33509,5,Petrol,4
149900,28853,1,Petrol,6
135900,115899,8,Petrol,6
82000,135489,7,Petrol,4
50900,190777,6,Petrol,6
90000,157776,10,Petrol,8
55000,111321,2,Petrol,4
47000,98167,2,Petrol,4
93000,102367,6,Petrol,6
94900,72718,6,Petrol,6
103900,196984,9,Petrol,8
90000,75879,8,Petrol,8
230000,217115,7,Petrol,8
89000,112090,7,Petrol,6
349000,18869,2,Petrol,8
150000,78971,5,Petrol,8
73900,108076,6,Petrol,4
40000,111770,7,Petrol,4
253500,67862,8,Petrol,8
270000,15188,2,Petrol,6
67900,103547,7,Petrol,6
139000,117547,5,Petrol,4
69000,103818,7,Petrol,6
49900,137285,8,Petrol,4
58000,110630,5,Petrol,4
120000,96929,4,Petrol,4
173900,33509,5,Petrol,4
149900,28853,1,Petrol,6
135900,115899,8,Petrol,6
82000,135489,7,Petrol,4
50900,190777,6,Petrol,6
90000,157776,10,Petrol,8
55000,111321,2,Petrol,4
47000,98167,2,Petrol,4
93000,102367,6,Petrol,6
94900,72718,6,Petrol,6
103900,196984,9,Petrol,8
90000,75879,8,Petrol,8
230000,217115,7,Petrol,8
89000,112090,7,Petrol,6
349000,18869,2,Petrol,8
150000,78971,5,Petrol,8
73900,108076,6,Petrol,4
40000,111770,7,Petrol,4
253500,67862,8,Petrol,8
270000,15188,2,Petrol,6
67900,103547,7,Petrol,6
127000,102000,7,Petrol,6
79000,95000,8,Petrol,6
69000,92000,8,Petrol,4
89000,90000,9,Petrol,6
25000,230000,16,Petrol,6
595000,17000,2,Petrol,8
28000,140000,13,Petrol,6
25000,180000,14,Petrol,4
9999,250000,12,Petrol,3
31000,126000,5,Petrol,4
489000,31000,8,Petrol,12
60000,385000,11,Petrol,8
199000,39000,3,Petrol,6
430000,93700,68,Petrol,4
429000,21500,7,Petrol,8
339000,35000,1,Petrol,6
199000,161000,2,Petrol,6
219000,48000,6,Petrol,6
95000,0,0,Petrol,4
35000,87400,8,Petrol,4
29500,107000,5,Petrol,4
30000,173590,16,Petrol,6
339000,8500,1,Petrol,6
12500,113859,16,Petrol,6
99800,250000,6,Petrol,4
295000,54971,6,Petrol,8
45000,230000,10,Petrol,4
16000,182000,15,Petrol,6
98000,9000,4,Petrol,6
285000,52000,6,Petrol,8
265000,51000,5,Petrol,8
499000,53000,8,Petrol,12
60000,71243,4,Petrol,4
87000,57000,6,Petrol,4
38000,96000,12,Petrol,6
115000,37000,5,Petrol,4
129000,47000,4,Petrol,4
405000,81000,9,Petrol,6
135000,1000,0,Petrol,4
135000,1000,0,Petrol,4
135000,1000,0,Petrol,4
135000,1000,0,Petrol,4
135000,1000,0,Petrol,4
395000,470,1,Petrol,6
745000,7659,4,Petrol,8
260000,92300,5,Petrol,8
37000,193000,12,Petrol,8
30000,93400,7,Petrol,4
42000,109000,11,Petrol,6
355000,74349,3,Petrol,8
145000,0,0,Petrol,4
86000,67000,6,Petrol,6
150000,121128,4,Petrol,0
200000,92000,4,Petrol,4
246000,43000,6,Petrol,8
254000,33000,6,Petrol,8
194000,76000,7,Petrol,6
57900,43000,9,Petrol,6
29500,224445,10,Petrol,4
9000,242,17,Petrol,0
52000,54965,3,Petrol,4
169000,17000,5,Petrol,6
63500,160000,10,Petrol,8
15000,180000,13,Petrol,6
30000,122830,9,Petrol,0
41000,177000,7,Petrol,4
28500,175500,9,Petrol,4
18000,107000,7,Petrol,0
44000,205263,12,Petrol,8
82000,164001,10,Petrol,8
30000,278000,13,Petrol,6
25999,220000,15,Petrol,8
218000,69000,4,Petrol,6
39500,55200,5,Petrol,4
27500,61000,5,Petrol,4
30000,93400,7,Petrol,4
42000,109000,11,Petrol,6
355000,74349,3,Petrol,8
37200,118864,9,Petrol,4
850000,13893,5,Petrol,6
110000,74230,3,Petrol,4
50000,74000,12,Petrol,8
2300,3584,2,Petrol,12
250000,48000,8,Petrol,8
425000,53086,54,Petrol,6
398000,985,3,Petrol,8
17500,300000,15,Petrol,6
230000,0,0,Petrol,6
1225,9396,6,Petrol,12
760000,20400,7,Petrol,8
300000,3550,3,Petrol,6
455000,9320,2,Petrol,8
43000,63000,3,Petrol,4
1595,23402,15,Petrol,8
422000,2400,2,Petrol,8
360000,31000,4,Petrol,8
29000,113000,10,Petrol,4
32000,231000,9,Petrol,4
70000,280000,13,Petrol,8
29000,193000,15,Petrol,8
490000,5600,1,Petrol,6
22000,213167,12,Petrol,4
155000,54000,5,Petrol,6
73000,16000,2,Petrol,4
79000,79500,10,Petrol,8
79000,97000,10,Petrol,8
108000,90500,10,Petrol,8
77000,92000,11,Petrol,8
67000,93000,10,Petrol,6
79000,96850,10,Petrol,8
69000,91000,10,Petrol,6
57000,90300,10,Petrol,4
399000,100300,19,Petrol,12
59000,93000,10,Petrol,6
149000,93300,8,Petrol,8
57000,108000,11,Petrol,6
109000,4000,1,Petrol,4
199000,91000,5,Petrol,6
139000,63000,4,Petrol,4
445000,32000,2,Petrol,8
1050,100,0,Petrol,8
379000,49000,4,Petrol,8
899000,100,0,Petrol,8
445000,42000,3,Petrol,8
849000,29000,7,Petrol,12
159000,500,2,Petrol,4
239000,72000,4,Petrol,6
439000,61000,3,Petrol,8
159000,148000,10,Petrol,8
39000,213000,8,Petrol,4
999000,99,2,Diesel,6
38000,122000,7,Petrol,6
109000,199000,8,Petrol,8
575000,25000,3,Petrol,6
122000,47000,5,Petrol,4
399000,26000,7,Petrol,8
825000,47000,7,Petrol,12
939000,27000,4,Petrol,8
279000,210,3,Petrol,6
199000,46000,7,Petrol,8
1249,75000,3,Petrol,12
877000,65000,3,Petrol,8
249000,117000,5,Petrol,8
339000,5500,2,Petrol,8
23000,100000,7,Petrol,4
165000,32000,2,Petrol,4
225000,133032,3,Petrol,6
235000,100728,3,Petrol,6
28900,196000,9,Petrol,4
89000,77000,4,Petrol,8
70000,13800,4,Petrol,4
57000,220000,11,Petrol,8
189000,87779,4,Petrol,8
149000,6412,25,Petrol,6
149000,148300,15,Petrol,8
69900,59150,4,Petrol,6
719000,24800,4,Petrol,8
115000,178254,9,Petrol,8
135750,48057,3,Petrol,6
240000,92000,5,Petrol,6
1250,957,0,Petrol,12
45000,70974,5,Petrol,4
119000,68161,7,Petrol,6
68000,120901,7,Petrol,6
145000,0,0,Petrol,4
86000,67000,6,Petrol,6
150000,121128,4,Petrol,0
200000,92000,4,Petrol,4
246000,43000,6,Petrol,8
254000,33000,6,Petrol,8
194000,76000,7,Petrol,6
57900,43000,9,Petrol,6
29500,224445,10,Petrol,4
9000,242,17,Petrol,0
52000,54965,3,Petrol,4
169000,17000,5,Petrol,6
63500,160000,10,Petrol,8
15000,180000,13,Petrol,6
30000,122830,9,Petrol,0
41000,177000,7,Petrol,4
28500,175500,9,Petrol,4
18000,107000,7,Petrol,0
44000,205263,12,Petrol,8
82000,164001,10,Petrol,8
30000,278000,13,Petrol,6
25999,220000,15,Petrol,8
218000,69000,4,Petrol,6
39500,55200,5,Petrol,4
27500,61000,5,Petrol,4
18800,231000,9,Petrol,5
69000,116334,9,Petrol,4
109000,125000,9,Petrol,8
23500,125000,16,Petrol,8
37500,106000,18,Petrol,8
53500,124000,11,Petrol,6
55000,129211,9,Petrol,6
110000,151650,9,Petrol,8
85000,65000,12,Petrol,8
72000,90549,5,Petrol,4
22000,180999,16,Petrol,4
52000,54965,3,Petrol,4
169000,17000,5,Petrol,6
63500,160000,10,Petrol,8
15000,180000,13,Petrol,6
30000,122830,9,Petrol,0
41000,177000,7,Petrol,4
28500,175500,9,Petrol,4
18000,107000,7,Petrol,0
44000,205263,12,Petrol,8
82000,164001,10,Petrol,8
30000,278000,13,Petrol,6
25999,220000,15,Petrol,8
218000,69000,4,Petrol,6
39500,55200,5,Petrol,4
27500,61000,5,Petrol,4
18800,231000,9,Petrol,5
69000,116334,9,Petrol,4
109000,125000,9,Petrol,8
23500,125000,16,Petrol,8
37500,106000,18,Petrol,8
53500,124000,11,Petrol,6
55000,129211,9,Petrol,6
110000,151650,9,Petrol,8
85000,65000,12,Petrol,8
72000,90549,5,Petrol,4
182000,50803,5,Petrol,8
479000,20095,1,Petrol,8
539000,21142,4,Petrol,6
199000,86408,6,Petrol,4
489000,54842,5,Petrol,6
439000,36297,3,Electric,0
178000,67000,9,Petrol,8
79000,0,0,Petrol,4
178000,0,1,Diesel,4
285000,0,2,Diesel,6
85000,0,0,Hybrid,4
159000,0,0,Diesel,6
118000,0,0,Petrol,4
115000,0,2,Electric,0
275000,0,1,Petrol,4
85000,0,0,Petrol,4
62000,0,0,Petrol,4
100000,0,0,Petrol,4
139000,93000,9,Petrol,8
67000,100800,12,Petrol,8
99000,90550,8,Petrol,6
45000,310000,11,Petrol,8
290000,20932,4,Petrol,8
89500,80000,5,Petrol,4
129000,23143,3,Petrol,4
33900,174000,11,Petrol,6
55000,103000,20,Petrol,6
365000,500,0,Petrol,6
47000,101000,4,Petrol,4
63000,137000,8,Petrol,6
99000,46482,1,Hybrid,4
89000,44000,5,Petrol,4
169000,50000,3,Petrol,8
59000,123000,8,Petrol,4
21000,65000,19,Petrol,6
24000,27000,18,Petrol,6
85000,52797,5,Petrol,6
133000,128751,5,Petrol,4
25000,249000,14,Petrol,4
159000,174000,10,Petrol,8
182000,32000,2,Petrol,8
19000,181000,11,Petrol,4
52000,10000,7,Petrol,4
56000,99000,7,Petrol,6
37000,187000,10,Petrol,4
45000,77282,5,Petrol,4
420000,80699,4,Petrol,8
254000,2000,0,Diesel,4
30000,103186,5,Petrol,4
35000,220000,14,Petrol,8
100000,57983,3,Petrol,6
199900,6841,2,Petrol,8
32900,190022,10,Petrol,6
40000,91630,9,Petrol,5
287900,30150,3,Electric,0
77900,176071,8,Petrol,4
215000,76425,7,Petrol,6
37000,74458,3,Petrol,4
88400,176526,9,Petrol,6
72000,66854,4,Petrol,4
41500,104481,6,Petrol,4
215000,63836,6,Petrol,6
46900,154852,7,Petrol,4
60000,63041,6,Petrol,4
59000,129423,8,Petrol,4
34000,186325,10,Petrol,6
56900,61367,8,Petrol,6
55000,77245,6,Petrol,5
120000,18466,1,Petrol,4
143000,108073,3,Petrol,6
118000,83619,4,Petrol,8
107900,136262,6,Petrol,6
72900,116910,7,Petrol,4
58900,54669,8,Petrol,4
82900,87042,8,Petrol,8
103900,72774,6,Petrol,4
130000,157375,7,Petrol,8
90000,123625,10,Petrol,6
66000,135611,7,Petrol,6
37900,167110,9,Petrol,4
53000,155344,8,Petrol,6
275900,71966,4,Petrol,8
53000,143287,9,Petrol,4
45900,146236,7,Petrol,6
113000,41706,4,Petrol,4
167500,17089,1,Petrol,6
125000,166777,7,Petrol,6
38900,221272,9,Petrol,6
53900,138375,9,Petrol,8
23900,217938,11,Petrol,6
259000,44285,4,Petrol,6
82000,110469,6,Petrol,4
78900,56694,2,Petrol,4
93000,96734,6,Petrol,4
209000,13265,1,Petrol,6
75000,61851,3,Petrol,4
680000,18433,1,Petrol,6
25000,180000,8,Petrol,6
109000,105700,10,Petrol,8
39000,140000,14,Petrol,8
59000,78000,10,Petrol,4
109000,3000,1,Petrol,4
79000,111900,10,Petrol,6
119000,102000,8,Petrol,6
49000,119000,12,Petrol,6
59000,90997,10,Petrol,4
109000,112200,9,Petrol,8
99000,90000,6,Petrol,4
69000,104000,10,Petrol,6
69000,103000,10,Petrol,6
49000,115000,12,Petrol,6
349000,81486,3,Petrol,4
267000,0,0,Petrol,4
182000,50803,5,Petrol,8
479000,20095,1,Petrol,8
539000,21142,4,Petrol,6
199000,86408,6,Petrol,4
489000,54842,5,Petrol,6
439000,36297,3,Electric,0
178000,67000,9,Petrol,8
79000,0,0,Petrol,4
178000,0,1,Diesel,4
285000,0,2,Diesel,6
85000,0,0,Hybrid,4
159000,0,0,Diesel,6
39000,140000,14,Petrol,8
59000,78000,10,Petrol,4
109000,3000,1,Petrol,4
79000,111900,10,Petrol,6
119000,102000,8,Petrol,6
49000,119000,12,Petrol,6
59000,90997,10,Petrol,4
109000,112200,9,Petrol,8
99000,90000,6,Petrol,4
69000,104000,10,Petrol,6
69000,103000,10,Petrol,6
49000,115000,12,Petrol,6
349000,81486,3,Petrol,4
267000,0,0,Petrol,4
182000,50803,5,Petrol,8
479000,20095,1,Petrol,8
539000,21142,4,Petrol,6
199000,86408,6,Petrol,4
489000,54842,5,Petrol,6
439000,36297,3,Electric,0
178000,67000,9,Petrol,8
79000,0,0,Petrol,4
178000,0,1,Diesel,4
285000,0,2,Diesel,6
85000,0,0,Hybrid,4
79000,47400,4,Petrol,4
54000,196300,8,Petrol,8
62500,92500,5,Petrol,6
125000,20000,3,Petrol,4
69000,150000,9,Petrol,8
36000,200000,12,Petrol,6
29000,158500,10,Petrol,4
445000,0,1,Petrol,6
745000,13000,3,Petrol,8
188000,93000,4,Petrol,6
30000,128000,3,Petrol,4
225000,0,0,Electric,0
44000,110000,4,Petrol,4
330000,0,0,Petrol,4
42000,140000,8,Petrol,4
585000,0,1,Petrol,8
640000,0,1,Petrol,8
835000,0,1,Petrol,8
950000,13000,2,Petrol,8
1050,21800,2,Petrol,8
1200,0,1,Petrol,8
44000,131827,6,Petrol,4
136000,39100,3,Petrol,6
99000,34000,4,Petrol,6
399000,22000,2,Petrol,8
117500,19000,4,Petrol,6
123000,133000,6,Petrol,4
89000,116000,7,Petrol,6
69000,38000,1,Petrol,3
249000,55099,2,Petrol,6
85900,117933,8,Petrol,6
110000,130000,17,Petrol,10
50000,128000,12,Petrol,8
162000,44300,2,Petrol,6
139000,98500,5,Petrol,6
47000,93000,6,Petrol,4
73000,109000,5,Petrol,4
59000,90000,11,Petrol,6
49000,89000,11,Petrol,4
145000,85000,5,Petrol,4
17500,141000,13,Petrol,4
39000,41000,3,Petrol,4
60000,61000,5,Petrol,6
49000,71000,4,Petrol,4
44000,63000,4,Petrol,4
66000,66000,4,Petrol,6
56000,178798,9,Petrol,4
33500,88080,4,Petrol,4
12000,133700,9,Petrol,4
620000,0,1,Diesel,6
26500,109000,4,Petrol,4
33000,155000,8,Petrol,4
39000,190000,16,Petrol,6
275000,7000,9,Petrol,4
34000,160000,9,Petrol,6
95000,74000,3,Petrol,8
399000,7000,7,Petrol,6
136000,63000,5,Petrol,6
55000,284039,14,Petrol,8
189000,67000,9,Petrol,8
119900,54000,6,Petrol,6
122000,66000,3,Electric,0
52500,71000,2,Petrol,4
52500,66000,2,Petrol,4
159000,6870,1,Petrol,0
22500,135748,11,Petrol,4
53000,136000,9,Petrol,4
16500,172000,15,Petrol,4
310000,14000,1,Petrol,6
62500,135000,9,Petrol,6
29000,179000,11,Petrol,6
14000,320000,10,Petrol,4
159000,92000,8,Petrol,5
190000,125000,8,Petrol,8
38000,244000,18,Petrol,8
39999,117000,7,Petrol,4
46000,137000,8,Petrol,6
34000,89668,9,Petrol,4
57000,126423,9,Petrol,4
279000,51000,4,Petrol,12
19000,207500,17,Petrol,6
219000,30000,2,Hybrid,6
1559,39676,3,Petrol,12
69000,181000,7,Petrol,4
899000,60,1,Petrol,8
419000,59894,7,Petrol,12
499000,4176,3,Petrol,6
17000,154000,10,Petrol,4
629000,5654,2,Electric,0
449000,15,0,Petrol,6
409000,19,0,Petrol,6
275000,12,0,Petrol,6
950000,49851,3,Petrol,8
86000,73000,6,Petrol,8
1200,39,2,Petrol,8
1200,29,2,Petrol,8
79000,113111,10,Petrol,6
25000,83107,7,Petrol,4
729000,14675,5,Petrol,12
1199,25,1,Petrol,4
66000,123000,6,Petrol,4
61000,102000,3,Petrol,4
240000,73000,8,Petrol,8
288000,33000,3,Petrol,6
288000,4800,5,Petrol,8
238000,51000,7,Petrol,8
425000,23000,3,Petrol,6
199999,25000,1,Petrol,4
129999,40000,2,Petrol,4
60000,135000,9,Petrol,6
39000,102000,8,Petrol,4
675000,1000,1,Hybrid,8
79000,47400,4,Petrol,4
54000,196300,8,Petrol,8
62500,92500,5,Petrol,6
125000,20000,3,Petrol,4
69000,150000,9,Petrol,8
36000,200000,12,Petrol,6
29000,158500,10,Petrol,4
445000,0,1,Petrol,6
745000,13000,3,Petrol,8
188000,93000,4,Petrol,6
30000,128000,3,Petrol,4
225000,0,0,Electric,0
44000,110000,4,Petrol,4
78500,18800,3,Petrol,4
66000,123000,6,Petrol,4
61000,102000,3,Petrol,4
240000,73000,8,Petrol,8
288000,33000,3,Petrol,6
288000,4800,5,Petrol,8
238000,51000,7,Petrol,8
425000,23000,3,Petrol,6
199999,25000,1,Petrol,4
129999,40000,2,Petrol,4
60000,135000,9,Petrol,6
39000,102000,8,Petrol,4
675000,1000,1,Hybrid,8
79000,47400,4,Petrol,4
54000,196300,8,Petrol,8
62500,92500,5,Petrol,6
125000,20000,3,Petrol,4
69000,150000,9,Petrol,8
36000,200000,12,Petrol,6
29000,158500,10,Petrol,4
445000,0,1,Petrol,6
745000,13000,3,Petrol,8
188000,93000,4,Petrol,6
30000,128000,3,Petrol,4
225000,0,0,Electric,0
44000,110000,4,Petrol,4
330000,0,0,Petrol,4
42000,140000,8,Petrol,4
585000,0,1,Petrol,8
640000,0,1,Petrol,8
835000,0,1,Petrol,8
950000,13000,2,Petrol,8
1050,21800,2,Petrol,8
1200,0,1,Petrol,8
44000,131827,6,Petrol,4
136000,39100,3,Petrol,6
99000,34000,4,Petrol,6
399000,22000,2,Petrol,8
117500,19000,4,Petrol,6
123000,133000,6,Petrol,4
89000,116000,7,Petrol,6
69000,38000,1,Petrol,3
249000,55099,2,Petrol,6
85900,117933,8,Petrol,6
110000,130000,17,Petrol,10
50000,128000,12,Petrol,8
162000,44300,2,Petrol,6
139000,98500,5,Petrol,6
47000,93000,6,Petrol,4
73000,109000,5,Petrol,4
485000,18780,2,Petrol,8
645000,157,0,Hybrid,4
329000,83905,5,Petrol,12
499000,4620,0,Petrol,8
325000,22000,2,Petrol,6
212000,7000,2,Petrol,4
189000,82000,5,Petrol,4
26500,75000,4,Petrol,3
399000,44700,8,Petrol,8
64000,83838,5,Petrol,4
319000,31000,6,Petrol,8
15000,250000,17,Petrol,0
39999,117000,7,Petrol,4
46000,137000,8,Petrol,6
34000,89668,9,Petrol,4
57000,126423,9,Petrol,4
279000,51000,4,Petrol,12
19000,207500,17,Petrol,6
219000,30000,2,Hybrid,6
1559,39676,3,Petrol,12
69000,181000,7,Petrol,4
899000,60,1,Petrol,8
419000,59894,7,Petrol,12
499000,4176,3,Petrol,6
17000,154000,10,Petrol,4
629000,5654,2,Electric,0
449000,15,0,Petrol,6
409000,19,0,Petrol,6
275000,12,0,Petrol,6
950000,49851,3,Petrol,8
86000,73000,6,Petrol,8
1200,39,2,Petrol,8
1200,29,2,Petrol,8
79000,113111,10,Petrol,6
25000,83107,7,Petrol,4
729000,14675,5,Petrol,12
1199,25,1,Petrol,4
779000,14,0,Petrol,4
555000,34994,2,Petrol,6
62000,199671,8,Petrol,6
690000,78885,5,Petrol,8
499000,19,0,Petrol,6
930000,10491,10,Petrol,12
555000,37,1,Petrol,8
4199,3706,5,Petrol,8
1699,23447,9,Petrol,8
1649,3150,4,Petrol,8
650000,23686,8,Petrol,6
2150,17184,2,Petrol,12
1899,9187,4,Petrol,12
899000,23668,5,Petrol,12
265000,31353,7,Petrol,8
649000,10000,3,Petrol,6
779000,35433,4,Petrol,8
739000,15500,5,Petrol,12
449000,34253,15,Petrol,8
279000,72135,6,Petrol,6
1150,22980,2,Petrol,10
399000,176,1,Petrol,6
89000,113200,11,Petrol,8
499000,76,2,Electric,0
155000,45000,2,Petrol,4
115000,79000,4,Petrol,4
210000,93000,12,Petrol,6
329999,9000,1,Petrol,6
229000,57000,8,Petrol,8
165000,32129,2,Diesel,6
235000,57500,4,Diesel,6
175000,16337,2,Petrol,4
210000,25272,4,Petrol,8
179000,10188,1,Petrol,4
195000,32096,2,Petrol,4
180000,32362,2,Petrol,8
172000,31772,2,Petrol,8
187000,900,0,Hybrid,4
1899,9187,4,Petrol,12
1440,7764,6,Petrol,6
1849,31940,3,Petrol,12
565000,39533,6,Petrol,6
549000,17,1,Petrol,6
545000,34526,2,Petrol,6
759000,9,1,Petrol,6
2690,14,3,Hybrid,8
550000,1149,0,Petrol,4
350000,10822,6,Petrol,3
190000,1850,2,Electric,0
515000,82,1,Petrol,8
1649,3150,4,Petrol,8
1999,47,1,Petrol,12
425000,4557,1,Petrol,0
465000,3367,1,Petrol,6
859000,47594,4,Petrol,10
155000,6573,2,Petrol,4
660000,37141,5,Petrol,12
315000,29,1,Petrol,8
1049,39442,3,Petrol,8
425000,18507,2,Petrol,4
759000,17277,3,Electric,0
3300,7245,10,Petrol,8
879000,3947,3,Petrol,6
185000,38000,5,Petrol,4
40000,97806,11,Petrol,4
95000,122000,11,Petrol,8
103000,104000,9,Petrol,8
45900,126897,6,Petrol,4
190000,75000,8,Petrol,8
97000,101000,9,Hybrid,6
79000,96000,8,Petrol,8
18000,232000,16,Petrol,6
199000,105000,5,Petrol,6
42999,193000,11,Petrol,4
25000,118300,13,Petrol,4
99000,10820,4,Petrol,6
140000,19335,2,Petrol,6
59500,249600,12,Petrol,6
45000,135000,10,Petrol,4
48000,110000,9,Petrol,6
57500,157000,10,Petrol,8
169000,76000,7,Petrol,8
79500,127000,10,Petrol,8
129000,64050,7,Petrol,4
20000,1810000,12,Petrol,6
135000,71500,9,Petrol,6
32000,150000,10,Petrol,4
35000,135000,12,Petrol,4
62000,71000,5,Petrol,4
215000,67832,6,Petrol,6
230000,0,0,Petrol,4
129000,134000,6,Petrol,4
189000,38000,7,Petrol,8
19999,146000,14,Petrol,4
17400,179998,15,Petrol,4
52500,79000,7,Petrol,4
59000,49000,4,Petrol,4
28000,200000,9,Petrol,6
205000,40337,3,Petrol,4
259000,12000,4,Petrol,8
43500,172523,9,Petrol,4
65000,92000,7,Petrol,0
1180,0,2,Petrol,8
139000,19000,1,Petrol,6
61500,123000,10,Petrol,6
235000,94523,5,Petrol,6
829000,39260,5,Petrol,12
1199,13125,3,Petrol,10
79900,69081,5,Petrol,4
499000,5294,2,Electric,0
179000,147461,9,Petrol,8
31900,47541,4,Petrol,4
89000,134170,11,Petrol,8
30900,76399,4,Petrol,3
375000,23400,4,Petrol,8
899000,23659,3,Petrol,6
265000,102291,5,Petrol,6
599000,67218,8,Petrol,12
239000,63875,5,Petrol,6
119000,113190,6,Petrol,6
2150,6146,1,Petrol,12
139000,67473,5,Petrol,4
429999,8198,1,Petrol,6
999000,28431,4,Petrol,8
1439,65,1,Petrol,10
899000,23668,5,Petrol,12
265000,31353,7,Petrol,8
649000,10000,3,Petrol,6
779000,35433,4,Petrol,8
739000,15500,5,Petrol,12
449000,34253,15,Petrol,8
279000,72135,6,Petrol,6
1150,22980,2,Petrol,10
399000,176,1,Petrol,6
89000,113200,11,Petrol,8
499000,76,2,Electric,0
155000,45000,2,Petrol,4
115000,79000,4,Petrol,4
38000,225969,8,Petrol,4
250000,14384,1,Petrol,6
52000,160527,9,Petrol,8
76000,47936,1,Petrol,4
58000,137904,5,Petrol,4
39000,78654,4,Petrol,4
39000,67616,4,Petrol,4
139000,16711,2,Petrol,4
135000,62011,2,Petrol,6
186000,46030,4,Petrol,6
82000,181361,8,Petrol,8
126900,79849,5,Petrol,4
45000,72563,3,Petrol,4
41000,65658,4,Petrol,4
75900,65852,8,Petrol,6
31500,133433,9,Petrol,4
262900,14124,1,Petrol,6
76900,233087,9,Petrol,8
90000,11571,2,Petrol,4
40000,93774,6,Petrol,4
49900,43590,9,Petrol,6
49900,230271,13,Petrol,8
358000,54107,7,Petrol,6
39900,148522,9,Petrol,6
49900,191134,10,Petrol,6
47900,177137,7,Petrol,4
98000,167377,5,Petrol,4
35000,145557,9,Petrol,6
195000,27604,3,Petrol,4
66000,41013,3,Petrol,4
54900,60416,6,Petrol,4
40900,108706,11,Petrol,6
55000,159795,5,Petrol,6
54900,123887,11,Petrol,6
63000,68230,3,Petrol,4
95000,256964,8,Petrol,8
62900,80418,6,Petrol,3
252900,38513,3,Petrol,6
47900,200562,5,Petrol,4
73000,65576,3,Petrol,4
180000,31137,4,Petrol,4
66000,17786,1,Petrol,4
209900,71554,7,Petrol,8
55000,211769,10,Petrol,8
72000,74567,5,Petrol,6
66900,132132,6,Petrol,4
50000,33452,3,Petrol,4
145000,106705,7,Petrol,6
273000,71051,3,Petrol,6
52000,146593,7,Petrol,4
239990,36000,2,Petrol,6
249990,58000,5,Petrol,8
259990,67000,5,Petrol,6
199990,72000,3,Petrol,4
129990,118000,6,Petrol,6
189990,145000,7,Petrol,8
234990,75000,6,Petrol,6
69990,200,1,Petrol,4
94990,18000,7,Petrol,6
369000,10491,1,Petrol,4
469000,12778,2,Hybrid,6
219000,11236,1,Petrol,4
569000,46787,6,Petrol,6
105000,17957,1,Petrol,4
110000,9500,3,Petrol,4
32000,64000,4,Petrol,4
24500,185000,12,Petrol,6
64000,1190,0,Petrol,4
29500,209000,12,Petrol,6
115000,41000,4,Petrol,4
330000,87000,4,Petrol,8
47500,73000,6,Petrol,4
58000,140000,10,Petrol,8
42000,88000,9,Petrol,4
17500,91000,9,Petrol,0
299990,70000,8,Petrol,8
239990,36000,2,Petrol,6
249990,58000,5,Petrol,8
259990,67000,5,Petrol,6
199990,72000,3,Petrol,4
129990,118000,6,Petrol,6
189990,145000,7,Petrol,8
234990,75000,6,Petrol,6
69990,200,1,Petrol,4
94990,18000,7,Petrol,6
369000,10491,1,Petrol,4
469000,12778,2,Hybrid,6
219000,11236,1,Petrol,4
569000,46787,6,Petrol,6
105000,17957,1,Petrol,4
110000,9500,3,Petrol,4
32000,64000,4,Petrol,4
24500,185000,12,Petrol,6
64000,1190,0,Petrol,4
29500,209000,12,Petrol,6
115000,41000,4,Petrol,4
330000,87000,4,Petrol,8
47500,73000,6,Petrol,4
58000,140000,10,Petrol,8
42000,88000,9,Petrol,4
169000,130550,7,Petrol,8
139000,93100,9,Petrol,8
77000,100900,10,Petrol,6
49000,100500,10,Petrol,6
45000,92821,4,Petrol,4
89000,56868,2,Petrol,4
169000,54042,3,Petrol,6
80000,135918,8,Petrol,8
43000,134924,7,Hybrid,4
205000,17368,1,Petrol,6
51000,75188,3,Petrol,4
73000,43338,4,Petrol,4
38000,225969,8,Petrol,4
250000,14384,1,Petrol,6
52000,160527,9,Petrol,8
76000,47936,1,Petrol,4
58000,137904,5,Petrol,4
39000,78654,4,Petrol,4
39000,67616,4,Petrol,4
139000,16711,2,Petrol,4
135000,62011,2,Petrol,6
186000,46030,4,Petrol,6
82000,181361,8,Petrol,8
126900,79849,5,Petrol,4
45000,72563,3,Petrol,4
45000,72563,3,Petrol,4
41000,65658,4,Petrol,4
75900,65852,8,Petrol,6
31500,133433,9,Petrol,4
262900,14124,1,Petrol,6
76900,233087,9,Petrol,8
90000,11571,2,Petrol,4
40000,93774,6,Petrol,4
49900,43590,9,Petrol,6
49900,230271,13,Petrol,8
358000,54107,7,Petrol,6
39900,148522,9,Petrol,6
49900,191134,10,Petrol,6
47900,177137,7,Petrol,4
98000,167377,5,Petrol,4
35000,145557,9,Petrol,6
195000,27604,3,Petrol,4
66000,41013,3,Petrol,4
54900,60416,6,Petrol,4
40900,108706,11,Petrol,6
55000,159795,5,Petrol,6
54900,123887,11,Petrol,6
63000,68230,3,Petrol,4
95000,256964,8,Petrol,8
62900,80418,6,Petrol,3
110000,77100,4,Petrol,6
53000,140000,13,Petrol,8
49000,169000,6,Petrol,3
185000,79000,6,Petrol,8
225000,75000,8,Petrol,8
165000,75000,10,Petrol,12
170000,55000,4,Hybrid,6
199000,139000,8,Petrol,8
279000,115000,6,Petrol,8
179999,30000,5,Petrol,6
199999,136000,8,Petrol,3
68000,150000,9,Petrol,4
229000,25000,4,Petrol,8
199000,50000,4,Petrol,8
199999,80000,7,Petrol,6
155000,55000,4,Petrol,4
175000,50000,6,Petrol,8
99000,61000,6,Petrol,4
45000,220000,10,Petrol,8
79999,179000,7,Petrol,6
119000,150000,8,Petrol,6
195000,10000,1,Petrol,4
115000,100000,8,Petrol,8
199000,120000,9,Petrol,8
72000,139000,8,Petrol,4
95000,120000,10,Petrol,8
129000,81000,6,Petrol,6
279000,31000,4,Petrol,6
509000,99000,5,Petrol,8
289000,89000,6,Petrol,8
149000,99000,12,Petrol,12
1385,0,1,Petrol,8
935000,0,1,Petrol,8
59000,124000,9,Petrol,6
170000,63000,5,Petrol,6
179000,0,0,Petrol,4
289000,0,0,Petrol,4
85000,196000,7,Petrol,8
289000,0,0,Petrol,4
298000,0,0,Petrol,4
26000,330000,9,Petrol,6
311999,0,1,Petrol,6
254999,0,1,Petrol,8
440999,0,1,Petrol,8
170000,800,41,Petrol,6
458999,0,1,Petrol,8
499999,0,0,Petrol,8
269999,0,0,Petrol,6
334999,0,2,Petrol,6
399999,6600,0,Petrol,6
22500,94225,8,Petrol,4
169000,82600,6,Petrol,6
82500,87000,9,Petrol,4
69000,30000,8,Petrol,4
85000,92000,9,Petrol,4
28000,67000,7,Petrol,4
183000,57890,3,Petrol,4
49500,120000,8,Petrol,4
55000,220000,7,Petrol,4
30500,66000,5,Petrol,4
33900,115398,10,Petrol,4
19500,257816,14,Petrol,4
45000,227000,11,Petrol,6
59900,0,1,Petrol,4
189000,85760,4,Petrol,8
37000,235000,12,Petrol,8
125000,94000,9,Petrol,8
59500,50000,11,Petrol,4
120000,9812,1,Petrol,4
438000,0,0,Petrol,6
40000,193000,9,Petrol,4
26000,540000,10,Petrol,6
19990,91074,18,Petrol,6
77000,72383,8,Petrol,6
33000,167000,10,Petrol,4
36000,116000,7,Petrol,6
22500,94225,8,Petrol,4
169000,82600,6,Petrol,6
82500,87000,9,Petrol,4
69000,30000,8,Petrol,4
85000,92000,9,Petrol,4
28000,67000,7,Petrol,4
183000,57890,3,Petrol,4
49500,120000,8,Petrol,4
55000,220000,7,Petrol,4
30500,66000,5,Petrol,4
33900,115398,10,Petrol,4
19500,257816,14,Petrol,4
45000,227000,11,Petrol,6
59900,0,1,Petrol,4
189000,85760,4,Petrol,8
37000,235000,12,Petrol,8
125000,94000,9,Petrol,8
59500,50000,11,Petrol,4
120000,9812,1,Petrol,4
438000,0,0,Petrol,6
40000,193000,9,Petrol,4
26000,540000,10,Petrol,6
19990,91074,18,Petrol,6
77000,72383,8,Petrol,6
33000,167000,10,Petrol,4
250000,0,0,Petrol,4
46500,170000,10,Petrol,4
53000,63000,5,Petrol,4
159000,63000,4,Petrol,4
62500,155000,9,Petrol,6
79000,130000,7,Petrol,4
29000,248000,11,Petrol,6
24000,217217,9,Petrol,4
50000,208000,14,Petrol,8
373000,26000,3,Petrol,6
55000,60000,4,Petrol,4
51000,82000,5,Petrol,4
290000,9592,2,Petrol,8
52700,116580,10,Petrol,4
25700,167560,15,Petrol,4
43700,152450,9,Petrol,4
24700,163560,9,Petrol,4
445000,0,0,Petrol,6
65000,60000,3,Petrol,4
1399,0,2,Petrol,8
377000,0,0,Petrol,4
669000,8000,5,Petrol,8
128000,41500,3,Petrol,6
14900,141900,14,Petrol,4
229000,25000,4,Petrol,8
199000,50000,4,Petrol,8
199999,80000,7,Petrol,6
155000,55000,4,Petrol,4
175000,50000,6,Petrol,8
99000,61000,6,Petrol,4
45000,220000,10,Petrol,8
79999,179000,7,Petrol,6
119000,150000,8,Petrol,6
195000,10000,1,Petrol,4
115000,100000,8,Petrol,8
199000,120000,9,Petrol,8
72000,139000,8,Petrol,4
95000,120000,10,Petrol,8
129000,81000,6,Petrol,6
279000,31000,4,Petrol,6
509000,99000,5,Petrol,8
289000,89000,6,Petrol,8
149000,99000,12,Petrol,12
1385,0,1,Petrol,8
935000,0,1,Petrol,8
59000,124000,9,Petrol,6
170000,63000,5,Petrol,6
179000,0,0,Petrol,4
289000,0,0,Petrol,4
54000,135000,20,Petrol,8
24000,220000,17,Petrol,6
20999,101110,10,Petrol,4
25000,158986,17,Petrol,8
65000,173000,11,Petrol,8
489000,1900,1,Petrol,6
219000,67803,7,Petrol,4
629000,8113,2,Petrol,6
369000,76960,4,Petrol,6
209000,46665,4,Petrol,4
239000,58363,2,Petrol,4
259000,50896,4,Petrol,6
299000,0,1,Petrol,4
739000,14472,1,Petrol,8
225000,20700,1,Petrol,8
45000,120000,12,Petrol,8
139000,109680,7,Petrol,6
229000,0,0,Petrol,4
229000,0,0,Petrol,4
30000,2580000,16,Petrol,8
109000,23150,1,Petrol,3
219000,22600,1,Petrol,6
229000,6110,0,Petrol,4
245000,48700,4,Petrol,4
155000,41200,4,Petrol,4
289000,0,0,Petrol,4
85000,196000,7,Petrol,8
289000,0,0,Petrol,4
298000,0,0,Petrol,4
26000,330000,9,Petrol,6
311999,0,1,Petrol,6
254999,0,1,Petrol,8
440999,0,1,Petrol,8
170000,800,41,Petrol,6
458999,0,1,Petrol,8
499999,0,0,Petrol,8
269999,0,0,Petrol,6
334999,0,2,Petrol,6
399999,6600,0,Petrol,6
249999,0,0,Petrol,6
204999,0,1,Petrol,6
234999,0,0,Petrol,4
202999,0,0,Petrol,4
379999,0,1,Petrol,6
274999,0,1,Petrol,6
224999,0,1,Petrol,6
210999,0,0,Petrol,6
219999,0,0,Petrol,6
160000,59500,5,Petrol,4
359900,520,1,Electric,0
699000,5000,3,Petrol,8
269000,24000,4,Petrol,4
729000,38000,2,Petrol,8
35800,0,0,Petrol,4
849000,3000,2,Petrol,8
885000,17000,2,Petrol,8
995000,3000,3,Petrol,8
339000,16000,4,Petrol,8
243000,0,0,Petrol,4
399000,27000,6,Petrol,8
399000,14000,7,Petrol,8
199000,40708,2,Petrol,6
139000,38000,23,Petrol,12
49000,120000,8,Petrol,6
21000,131000,15,Petrol,6
36000,118000,7,Petrol,4
108000,95000,5,Petrol,6
172000,121000,5,Petrol,6
49000,177000,9,Petrol,8
108000,129000,9,Petrol,6
58000,229900,6,Petrol,4
79000,139000,7,Petrol,6
64000,141000,8,Petrol,6
79000,119000,6,Petrol,6
78000,157000,6,Petrol,4
61000,162050,10,Petrol,8
41000,166848,5,Petrol,4
35000,42500,3,Petrol,4
51000,47000,6,Petrol,4
77000,98000,4,Petrol,4
287000,35000,2,Petrol,6
33000,241000,15,Petrol,8
79000,127000,7,Petrol,6
165000,107000,8,Petrol,6
109000,105900,10,Petrol,8
89000,97000,9,Petrol,6
79000,79000,10,Petrol,8
189000,70000,5,Petrol,6
67000,100000,12,Petrol,6
129000,101000,10,Petrol,6
36000,220000,8,Petrol,4
139000,102000,9,Petrol,6
109000,112700,9,Petrol,8
149000,117000,8,Petrol,8
49000,95000,12,Petrol,6
79000,77000,11,Petrol,6
67000,115000,11,Petrol,8
107000,90000,10,Petrol,8
127000,68000,2,Petrol,4
19000,143000,12,Petrol,4
33000,297350,9,Petrol,4
425000,9000,2,Electric,0
16000,137000,8,Petrol,4
30000,135000,9,Petrol,4
116000,57000,4,Petrol,4
12500,440000,16,Petrol,4
110000,102000,8,Petrol,6
32500,133000,18,Petrol,8
69990,94000,7,Petrol,4
99990,23000,3,Electric,0
79990,97000,5,Petrol,4
199990,69000,19,Petrol,10
49990,63000,5,Petrol,4
134990,600,0,Petrol,4
399990,100,8,Petrol,6
774990,10000,1,Petrol,8
114990,156000,9,Petrol,8
69000,122000,7,Petrol,8
40000,127000,9,Petrol,4
338000,44000,5,Petrol,8
445000,3800,1,Petrol,8
368000,13000,3,Petrol,6
88000,139500,10,Petrol,8
139990,50000,2,Petrol,6
319990,50,1,Petrol,8
164990,46000,8,Electric,0
249990,34000,9,Petrol,6
129990,33000,5,Petrol,4
89990,87000,7,Petrol,4
839990,20000,2,Petrol,8
109990,27000,6,Petrol,4
299990,70000,8,Petrol,8
148000,41000,6,Petrol,4
399990,22000,4,Petrol,6
129990,9000,1,Petrol,4
239990,82000,5,Petrol,6
210000,71000,8,Petrol,8
255000,47000,5,Petrol,6
39900,81200,5,Petrol,4
63999,72000,5,Petrol,8
219999,31000,3,Petrol,6
79999,43400,7,Petrol,8
67000,115000,13,Petrol,8
189000,14348,11,Petrol,8
145000,63500,9,Petrol,8
229000,36000,4,Petrol,8
129000,66000,5,Petrol,4
113500,148600,7,Petrol,6
249000,32000,2,Petrol,6
15000,230000,14,Petrol,6
299000,0,1,Petrol,4
739000,14472,1,Petrol,8
225000,20700,1,Petrol,8
45000,120000,12,Petrol,8
139000,109680,7,Petrol,6
229000,0,0,Petrol,4
229000,0,0,Petrol,4
30000,2580000,16,Petrol,8
109000,23150,1,Petrol,3
219000,22600,1,Petrol,6
229000,6110,0,Petrol,4
245000,48700,4,Petrol,4
155000,41200,4,Petrol,4
229000,0,0,Petrol,4
25500,92000,4,Petrol,3
133000,15200,1,Petrol,4
599000,17021,3,Petrol,6
45000,202000,9,Petrol,6
46500,108000,10,Petrol,6
154900,27600,2,Petrol,6
60000,83000,7,Petrol,6
47900,88000,11,Petrol,4
98000,150000,8,Petrol,6
138000,44000,5,Petrol,6
71000,94000,8,Petrol,6
21000,131000,15,Petrol,6
36000,118000,7,Petrol,4
108000,95000,5,Petrol,6
172000,121000,5,Petrol,6
49000,177000,9,Petrol,8
108000,129000,9,Petrol,6
58000,229900,6,Petrol,4
79000,139000,7,Petrol,6
64000,141000,8,Petrol,6
79000,119000,6,Petrol,6
78000,157000,6,Petrol,4
32000,155000,5,Petrol,4
28000,210000,13,Petrol,6
45000,153893,9,Petrol,4
82000,43000,1,Petrol,4
25500,99000,8,Hybrid,4
22500,135000,10,Petrol,4
285000,39000,2,Petrol,6
699000,42000,3,Petrol,8
399000,1000,2,Petrol,8
385000,63000,4,Petrol,8
995000,3000,4,Petrol,12
455000,14000,2,Electric,0
24000,271000,10,Petrol,6
32500,169500,11,Petrol,4
44000,188101,8,Petrol,4
105000,145000,5,Petrol,6
275000,91000,6,Petrol,8
21000,230000,12,Petrol,6
69999,100000,6,Petrol,4
220000,0,0,Petrol,6
215000,0,0,Petrol,8
37000,145000,10,Petrol,4
289000,0,3,Petrol,4
289000,3000,3,Petrol,6
139000,13000,2,Petrol,6
92500,83000,2,Petrol,4
279000,41000,3,Petrol,8
25000,166872,9,Petrol,5
359000,23388,2,Petrol,6
695000,9062,5,Petrol,8
795000,20296,5,Petrol,8
885000,0,0,Petrol,4
629000,45687,2,Petrol,8
189000,77669,5,Petrol,4
87500,5600,4,Diesel,4
66000,147000,10,Petrol,8
39900,189100,11,Petrol,8
37500,166000,11,Petrol,6
34500,111600,13,Petrol,6
82000,43000,1,Petrol,4
25500,99000,8,Hybrid,4
22500,135000,10,Petrol,4
285000,39000,2,Petrol,6
699000,42000,3,Petrol,8
399000,1000,2,Petrol,8
385000,63000,4,Petrol,8
995000,3000,4,Petrol,12
455000,14000,2,Electric,0
24000,271000,10,Petrol,6
32500,169500,11,Petrol,4
107000,18000,3,Petrol,4
148000,110000,7,Petrol,8
109000,108000,6,Petrol,6
38000,197000,11,Petrol,8
149000,41000,3,Petrol,6
45000,99000,8,Petrol,4
69000,128000,8,Petrol,4
61000,139000,9,Petrol,8
42000,174000,5,Petrol,4
230000,56185,6,Petrol,8
53000,92000,4,Petrol,4
33000,297350,9,Petrol,4
425000,9000,2,Electric,0
16000,137000,8,Petrol,4
30000,135000,9,Petrol,4
116000,57000,4,Petrol,4
12500,440000,16,Petrol,4
110000,102000,8,Petrol,6
32500,133000,18,Petrol,8
69990,94000,7,Petrol,4
99990,23000,3,Electric,0
79990,97000,5,Petrol,4
199990,69000,19,Petrol,10
49990,63000,5,Petrol,4
134990,600,0,Petrol,4
399990,100,8,Petrol,6
774990,10000,1,Petrol,8
114990,156000,9,Petrol,8
69000,122000,7,Petrol,8
40000,127000,9,Petrol,4
338000,44000,5,Petrol,8
445000,3800,1,Petrol,8
368000,13000,3,Petrol,6
88000,139500,10,Petrol,8
139990,50000,2,Petrol,6
319990,50,1,Petrol,8
164990,46000,8,Electric,0
249990,34000,9,Petrol,6
129990,33000,5,Petrol,4
43000,115250,11,Petrol,4
49000,105250,8,Petrol,6
870000,0,3,Petrol,8
39000,199320,8,Petrol,6
29000,105250,11,Petrol,4
29000,118250,11,Petrol,6
27000,115250,9,Petrol,6
209000,15879,2,Petrol,8
330000,0,2,Petrol,4
27000,142150,11,Petrol,4
29000,105250,10,Petrol,6
20900,209250,11,Petrol,6
235000,0,1,Petrol,6
650000,28000,5,Petrol,12
1240,0,1,Petrol,6
440000,33,2,Petrol,6
215000,0,0,Petrol,8
189000,0,1,Petrol,6
135000,0,1,Petrol,6
111000,0,1,Petrol,4
220000,0,0,Petrol,6
495000,150000,5,Petrol,8
509000,27000,2,Petrol,8
165000,0,1,Petrol,4
181000,0,0,Petrol,6
32500,181000,12,Petrol,4
31500,152000,14,Petrol,6
409500,100,2,Petrol,6
32000,160000,12,Petrol,8
319000,2000,1,Petrol,6
38000,94000,5,Petrol,4
19500,140000,9,Petrol,4
28000,133500,8,Petrol,4
30000,82590,8,Petrol,4
50500,55000,4,Petrol,4
135000,83000,7,Petrol,6
179000,108000,5,Petrol,6
389000,44700,2,Petrol,6
93000,117000,4,Petrol,4
8000,288920,21,Petrol,6
104000,79500,4,Petrol,6
425000,9000,6,Petrol,8
24500,266791,11,Petrol,6
99000,67000,6,Petrol,8
14000,130000,18,Petrol,6
999000,0,1,Petrol,8
98000,22800,3,Petrol,3
254000,0,0,Petrol,8
34000,202732,8,Petrol,6
75000,305000,15,Petrol,8
55000,182000,10,Petrol,4
340000,20,1,Petrol,4
45000,47479,16,Petrol,8
68000,0,1,Petrol,3
55000,76285,11,Petrol,6
375000,10000,2,Petrol,6
68000,34359,12,Petrol,6
40000,75000,14,Petrol,6
185000,45000,5,Petrol,6
63000,53540,17,Petrol,12
170000,50663,9,Petrol,8
330000,24000,4,Petrol,8
490000,43987,1,Petrol,6
44000,188101,8,Petrol,4
105000,145000,5,Petrol,6
275000,91000,6,Petrol,8
21000,230000,12,Petrol,6
69999,100000,6,Petrol,4
170000,50663,9,Petrol,8
330000,24000,4,Petrol,8
490000,43987,1,Petrol,6
44000,188101,8,Petrol,4
105000,145000,5,Petrol,6
275000,91000,6,Petrol,8
21000,230000,12,Petrol,6
69999,100000,6,Petrol,4
220000,0,0,Petrol,6
215000,0,0,Petrol,8
37000,145000,10,Petrol,4
289000,0,3,Petrol,4
289000,3000,3,Petrol,6
139000,13000,2,Petrol,6
92500,83000,2,Petrol,4
279000,41000,3,Petrol,8
25000,166872,9,Petrol,5
359000,23388,2,Petrol,6
695000,9062,5,Petrol,8
795000,20296,5,Petrol,8
885000,0,0,Petrol,4
629000,45687,2,Petrol,8
189000,77669,5,Petrol,4
87500,5600,4,Diesel,4
66000,147000,10,Petrol,8
39900,189100,11,Petrol,8
37500,166000,11,Petrol,6
34500,111600,13,Petrol,6
178000,63500,8,Petrol,6
36500,117500,11,Petrol,4
89900,62400,8,Petrol,6
69900,42000,4,Petrol,4
44000,108000,12,Petrol,4
49900,38,0,Petrol,4
115000,8000,3,Petrol,4
96999,7000,2,Petrol,8
77999,28400,3,Petrol,4
111000,31000,3,Petrol,4
895000,7000,2,Petrol,8
94000,137338,8,Petrol,6
16500,170000,16,Petrol,6
178000,50435,3,Petrol,6
320000,0,1,Electric,0
88000,166000,10,Petrol,8
209000,0,1,Petrol,6
389999,0,2,Petrol,6
129000,0,2,Petrol,6
169000,113000,6,Petrol,6
499000,0,1,Petrol,6
159000,0,2,Petrol,4
76000,177011,10,Petrol,6
329900,20239,1,Petrol,6
225000,34089,3,Petrol,8
285000,38037,1,Petrol,6
315000,33776,1,Petrol,6
72000,66608,5,Petrol,4
90000,75416,2,Petrol,4
60000,132471,9,Petrol,4
115000,178209,7,Petrol,4
275000,75015,9,Petrol,6
199000,115600,6,Petrol,6
42000,155088,8,Petrol,4
93000,56878,2,Petrol,6
237000,5229,1,Petrol,6
226000,28063,1,Petrol,8
84000,99158,4,Petrol,6
67000,104640,5,Petrol,4
83000,79703,6,Petrol,4
260000,66938,2,Petrol,6
103000,37414,4,Petrol,6
232000,36014,5,Petrol,8
88000,184777,6,Petrol,4
185000,72338,5,Petrol,6
64900,195073,8,Petrol,4
115900,8910,1,Petrol,4
69900,97359,5,Petrol,6
138000,78894,3,Petrol,6
210000,58090,4,Petrol,4
134900,96941,8,Petrol,8
65000,104582,8,Petrol,6
180000,84062,4,Petrol,4
53900,37640,2,Petrol,4
65000,160804,8,Petrol,6
94900,112661,9,Petrol,6
123000,11418,1,Petrol,4
100000,39,0,Petrol,4
295000,76875,2,Petrol,4
70000,212406,8,Petrol,6
49000,148395,8,Petrol,6
40000,158518,9,Petrol,4
200000,39744,6,Petrol,4
115000,47380,2,Petrol,4
18000,168607,9,Petrol,4
45000,141389,5,Petrol,4
71900,179047,10,Petrol,6
150000,148299,7,Petrol,6
207000,84404,5,Petrol,6
41900,83941,11,Petrol,6
65400,103208,8,Petrol,6
55000,138413,7,Petrol,4
1320,0,1,Petrol,8
588000,0,1,Petrol,6
305000,0,2,Petrol,4
1310,0,3,Petrol,8
1080,11000,2,Petrol,8
920000,2939,3,Petrol,8
1675,0,1,Petrol,8
1100,0,0,Petrol,8
530000,0,0,Petrol,6
295000,300,0,Petrol,6
245000,18,1,Diesel,6
47000,27000,4,Petrol,4
160000,83000,4,Petrol,4
780000,500,1,Petrol,8
370000,500,1,Petrol,6
49000,10,1,Petrol,4
305000,400,0,Petrol,6
110000,36000,4,Petrol,4
54000,68600,5,Petrol,4
59500,151921,9,Petrol,6
133000,139000,7,Petrol,4
99000,126000,6,Petrol,6
69000,95000,7,Petrol,6
48000,176403,10,Petrol,6
278000,81000,5,Petrol,8
222000,122085,6,Petrol,8
41900,209522,12,Petrol,8
168000,198628,5,Petrol,8
74900,49995,4,Petrol,4
131900,138863,6,Petrol,8
50000,107934,7,Hybrid,4
53900,107463,8,Petrol,4
85900,138938,4,Petrol,6
147000,78840,6,Petrol,8
136500,35250,4,Petrol,4
111900,78833,6,Petrol,4
55000,153975,9,Petrol,6
110000,13777,1,Petrol,4
95000,130986,6,Petrol,4
215900,3351,1,Petrol,4
161900,3524,1,Petrol,6
27900,214632,6,Petrol,4
166500,97658,6,Hybrid,4
26000,161134,7,Petrol,4
149000,24131,2,Petrol,6
55000,182344,8,Petrol,4
238000,32989,2,Petrol,8
70000,11007,1,Petrol,4
136900,68000,1,Electric,0
83900,160448,6,Petrol,4
99000,126000,6,Petrol,6
69000,95000,7,Petrol,6
48000,176403,10,Petrol,6
278000,81000,5,Petrol,8
34000,152000,9,Petrol,6
59500,138000,7,Petrol,4
139000,176777,9,Petrol,8
269000,58973,4,Petrol,6
99000,92300,2,Petrol,6
248000,79000,4,Petrol,8
849000,15000,2,Petrol,8
149000,19000,2,Petrol,6
239500,0,1,Petrol,4
25000,178000,17,Petrol,0
225000,15000,1,Petrol,8
52000,17000,3,Petrol,4
145000,219000,6,Petrol,6
24500,160000,14,Petrol,4
41000,149652,7,Petrol,4
19500,171867,12,Petrol,4
210000,1000,2,Petrol,6
62000,119000,8,Petrol,6
55000,107000,7,Petrol,4
85000,120000,5,Petrol,4
10000,262700,23,Petrol,4
53500,79000,9,Petrol,4
26500,136530,10,Petrol,6
168900,19970,2,Petrol,6
49999,157000,13,Petrol,8
85000,37000,3,Petrol,4
24000,231000,14,Petrol,6
78000,74000,3,Petrol,4
89000,244000,7,Petrol,4
25000,149000,29,Petrol,6
75000,59000,6,Petrol,4
49000,100600,10,Petrol,6
112000,90000,3,Petrol,6
133000,136000,8,Petrol,6
47000,100000,14,Petrol,8
129000,94000,9,Petrol,8
79000,95500,8,Petrol,6
79000,94000,9,Petrol,4
139000,134000,9,Petrol,8
59500,55867,2,Petrol,4
38000,144796,6,Petrol,4
255000,65970,3,Petrol,6
200000,33000,2,Petrol,4
201000,2408,1,Petrol,4
27000,121703,7,Petrol,4
53000,112362,9,Petrol,6
133900,120972,5,Petrol,4
44900,131407,10,Petrol,6
62000,8825,1,Petrol,4
346900,47758,6,Petrol,12
22000,116915,6,Petrol,4
47000,263358,6,Petrol,6
289000,25378,3,Petrol,8
41900,131675,8,Petrol,4
106000,19916,2,Petrol,4
113900,62276,1,Petrol,4
44900,116076,8,Petrol,3
220000,17811,2,Petrol,4
160000,80062,3,Petrol,6
25900,71195,4,Petrol,4
282900,121417,11,Petrol,12
469000,34174,2,Petrol,8
180000,119378,6,Petrol,6
136000,149671,7,Petrol,6
59900,10037,1,Petrol,4
42900,164154,10,Petrol,6
180900,109900,5,Petrol,6
302000,43892,2,Petrol,4
67900,95540,4,Petrol,6
299000,97693,6,Petrol,8
76000,7421,1,Petrol,4
260000,66938,2,Petrol,6
103000,37414,4,Petrol,6
232000,36014,5,Petrol,8
88000,184777,6,Petrol,4
185000,72338,5,Petrol,6
64900,195073,8,Petrol,4
115900,8910,1,Petrol,4
69900,97359,5,Petrol,6
138000,78894,3,Petrol,6
210000,58090,4,Petrol,4
134900,96941,8,Petrol,8
65000,104582,8,Petrol,6
180000,84062,4,Petrol,4
53900,37640,2,Petrol,4
65000,160804,8,Petrol,6
94900,112661,9,Petrol,6
123000,11418,1,Petrol,4
100000,39,0,Petrol,4
295000,76875,2,Petrol,4
70000,212406,8,Petrol,6
49000,148395,8,Petrol,6
40000,158518,9,Petrol,4
200000,39744,6,Petrol,4
115000,47380,2,Petrol,4
18000,168607,9,Petrol,4
117900,148234,8,Petrol,6
250000,41385,3,Petrol,6
187000,34396,2,Petrol,6
59500,131798,6,Petrol,4
70000,164236,7,Petrol,8
205000,73619,5,Petrol,6
62900,60705,7,Petrol,6
115000,91053,5,Petrol,4
195000,54887,3,Petrol,4
75000,127367,6,Petrol,4
138900,78003,5,Petrol,6
69000,105979,6,Petrol,4
163000,79652,4,Petrol,6
185000,113388,6,Petrol,6
235000,95609,5,Petrol,6
450000,77081,5,Petrol,12
50900,100854,5,Petrol,4
361900,59471,3,Petrol,6
28500,95746,6,Petrol,3
60900,109100,5,Petrol,4
48000,41482,3,Petrol,4
54500,129367,8,Petrol,6
69900,78802,8,Petrol,6
179900,61456,5,Petrol,6
261000,39878,3,Petrol,6
299000,23103,2,Petrol,4
66900,204124,10,Petrol,6
65000,179475,7,Petrol,6
248900,32887,5,Petrol,6
148000,19389,2,Petrol,6
47000,57301,3,Petrol,4
250000,75712,10,Petrol,6
34000,117000,11,Petrol,6
41000,74330,3,Petrol,4
165000,82690,6,Petrol,8
193900,10938,1,Petrol,4
83000,1681,2,Petrol,4
45900,123608,5,Petrol,4
80000,115783,5,Petrol,6
55900,160497,5,Petrol,4
246900,29784,2,Petrol,8
140000,9440,2,Petrol,6
295000,31734,5,Petrol,6
119000,57088,8,Petrol,6
72900,193488,8,Petrol,6
295000,11490,2,Petrol,4
52000,104362,7,Petrol,4
26000,185039,8,Petrol,4
25000,172238,11,Petrol,4
62900,188194,8,Petrol,4
26000,161134,7,Petrol,4
149000,24131,2,Petrol,6
55000,182344,8,Petrol,4
238000,32989,2,Petrol,8
70000,11007,1,Petrol,4
136900,68000,1,Electric,0
83900,160448,6,Petrol,4
111000,9670,1,Petrol,4
63900,112976,6,Petrol,4
94000,165176,8,Petrol,6
89900,37153,4,Petrol,4
165900,88617,7,Petrol,6
175000,30923,5,Petrol,8
49000,167837,9,Petrol,6
76000,142677,7,Petrol,6
69500,23621,2,Petrol,4
312900,18953,2,Petrol,6
52900,104070,7,Petrol,4
60900,102114,4,Petrol,4
59900,153125,8,Petrol,6
185000,24384,2,Petrol,4
95900,120353,6,Petrol,6
92000,111059,5,Petrol,4
146000,18928,2,Petrol,6
60000,124761,7,Petrol,4
47900,66028,4,Petrol,4
86900,67395,7,Petrol,6
125000,87338,7,Petrol,8
37000,84842,2,Petrol,4
53000,138655,7,Petrol,6
85900,214758,8,Petrol,6
77000,13293,1,Petrol,4
73500,71960,6,Petrol,4
49000,57127,4,Petrol,4
260900,173702,7,Petrol,6
133900,120972,5,Petrol,4
44900,131407,10,Petrol,6
62000,8825,1,Petrol,4
346900,47758,6,Petrol,12
22000,116915,6,Petrol,4
47000,263358,6,Petrol,6
289000,25378,3,Petrol,8
41900,131675,8,Petrol,4
106000,19916,2,Petrol,4
113900,62276,1,Petrol,4
44900,116076,8,Petrol,3
220000,17811,2,Petrol,4
160000,80062,3,Petrol,6
25900,71195,4,Petrol,4
282900,121417,11,Petrol,12
131900,151436,12,Petrol,8
264000,104782,6,Petrol,8
468900,38897,1,Petrol,8
155000,57078,3,Petrol,4
45000,188407,13,Petrol,8
83000,77827,12,Petrol,8
490000,16469,1,Petrol,6
104000,101010,5,Petrol,6
43900,207778,11,Petrol,6
117900,148234,8,Petrol,6
250000,41385,3,Petrol,6
187000,34396,2,Petrol,6
59500,131798,6,Petrol,4
70000,164236,7,Petrol,8
205000,73619,5,Petrol,6
62900,60705,7,Petrol,6
115000,91053,5,Petrol,4
195000,54887,3,Petrol,4
75000,127367,6,Petrol,4
138900,78003,5,Petrol,6
69000,105979,6,Petrol,4
163000,79652,4,Petrol,6
185000,113388,6,Petrol,6
235000,95609,5,Petrol,6
450000,77081,5,Petrol,12
32000,78515,10,Petrol,4
60000,167612,9,Petrol,4
35000,134358,10,Petrol,6
59995,124974,9,Petrol,6
156900,84484,4,Petrol,4
110900,20524,4,Petrol,6
75900,96197,7,Petrol,4
95000,45678,11,Hybrid,4
86900,28130,1,Petrol,4
105000,44667,5,Petrol,4
68000,75231,10,Petrol,6
125000,84623,5,Petrol,4
104000,86582,7,Petrol,6
222900,55830,6,Petrol,8
215900,30437,2,Petrol,8
37500,148144,10,Petrol,6
120900,17674,2,Petrol,4
76000,120685,8,Petrol,4
68900,102419,6,Petrol,6
46000,81027,4,Petrol,4
224900,5213,1,Petrol,6
60900,189480,9,Petrol,4
110000,127941,7,Petrol,4
44400,163107,7,Petrol,4
49999,54010,4,Petrol,4
300000,10412,1,Petrol,6
73900,112216,9,Petrol,6
265000,142532,6,Petrol,8
93000,63036,4,Petrol,4
18000,210000,13,Petrol,6
225000,53000,4,Petrol,6
20000,265300,13,Petrol,6
240000,50000,4,Petrol,6
43000,30600,3,Petrol,4
105000,7000,1,Petrol,4
34500,140697,9,Petrol,6
105000,35000,3,Petrol,4
21000,155000,10,Petrol,4
24999,65000,5,Petrol,4
49000,120000,12,Petrol,8
89000,102100,11,Petrol,8
119000,120000,7,Petrol,6
109000,3000,1,Petrol,4
69000,115000,12,Petrol,8
399000,101000,19,Petrol,12
67000,101000,12,Petrol,6
69000,101000,12,Petrol,8
40000,286000,35,Petrol,8
98000,170000,9,Diesel,8
123000,75000,4,Diesel,4
185000,140000,5,Diesel,8
52000,115000,9,Diesel,6
325000,75000,4,Petrol,8
49000,117500,12,Petrol,6
63000,155000,7,Petrol,6
81000,80000,6,Hybrid,4
22000,245544,11,Petrol,6
470000,0,1,Petrol,8
106000,0,0,Petrol,4
119000,112500,7,Petrol,6
48000,173000,7,Petrol,6
259000,70000,2,Petrol,6
30000,140000,12,Petrol,6
29000,220000,14,Petrol,8
35000,65108,8,Petrol,6
37999,88300,6,Petrol,4
325000,32000,2,Petrol,6
19900,149000,6,Petrol,4
72000,76000,6,Petrol,4
220000,95000,4,Petrol,6
192000,400,1,Electric,0
112000,70000,4,Petrol,4
367000,66000,10,Petrol,12
34000,65000,8,Petrol,4
49500,98000,5,Hybrid,4
125000,39221,4,Petrol,6
68000,203277,7,Petrol,6
184900,68525,5,Petrol,4
90000,104595,7,Petrol,6
114000,92115,7,Petrol,6
161900,120669,9,Petrol,8
29000,150935,8,Petrol,5
350000,23869,2,Petrol,6
62900,112868,10,Petrol,8
118900,49854,4,Petrol,4
80900,21938,1,Petrol,4
34500,175982,9,Petrol,4
58000,112022,9,Petrol,4
39500,171773,11,Petrol,6
45000,227834,12,Petrol,8
280000,46077,9,Petrol,10
58000,51070,4,Petrol,4
25900,139242,11,Petrol,4
87000,79975,4,Petrol,4
82000,5091,0,Petrol,4
112000,106491,6,Petrol,6
235000,13668,2,Petrol,6
75000,39059,5,Petrol,4
105900,70579,4,Petrol,4
27000,173851,11,Petrol,4
385000,32000,2,Petrol,8
36000,136000,13,Petrol,6
208000,11700,2,Petrol,4
44000,230000,11,Petrol,4
113000,31400,4,Petrol,6
29000,240000,16,Petrol,6
599000,27000,4,Petrol,12
288000,32000,9,Petrol,6
379000,48200,5,Petrol,8
19500,180000,16,Petrol,5
103000,50500,4,Petrol,6
85000,40000,3,Petrol,4
72000,40000,3,Petrol,4
14500,247000,13,Petrol,4
25000,141000,10,Petrol,6
77000,25000,3,Petrol,6
34000,198000,9,Petrol,6
99500,160000,9,Electric,0
199000,15000,2,Petrol,4
43000,175000,5,Petrol,6
75000,90000,20,Petrol,8
278000,91000,4,Petrol,8
368000,63000,4,Petrol,8
98000,135000,8,Petrol,8
115000,35000,3,Electric,0
27000,173851,11,Petrol,4
128900,74533,4,Petrol,4
169000,90779,9,Petrol,8
39900,171817,8,Petrol,4
136000,100624,6,Hybrid,6
250000,47869,4,Electric,0
46000,206654,11,Petrol,8
76900,103490,4,Petrol,4
29900,57122,3,Petrol,3
117000,95967,6,Petrol,6
32000,78515,10,Petrol,4
60000,167612,9,Petrol,4
35000,134358,10,Petrol,6
59995,124974,9,Petrol,6
156900,84484,4,Petrol,4
110900,20524,4,Petrol,6
75900,96197,7,Petrol,4
95000,45678,11,Hybrid,4
86900,28130,1,Petrol,4
105000,44667,5,Petrol,4
68000,75231,10,Petrol,6
125000,84623,5,Petrol,4
104000,86582,7,Petrol,6
222900,55830,6,Petrol,8
215900,30437,2,Petrol,8
119000,120000,7,Petrol,6
109000,3000,1,Petrol,4
69000,115000,12,Petrol,8
399000,101000,19,Petrol,12
67000,101000,12,Petrol,6
69000,101000,12,Petrol,8
40000,286000,35,Petrol,8
98000,170000,9,Diesel,8
123000,75000,4,Diesel,4
185000,140000,5,Diesel,8
52000,115000,9,Diesel,6
325000,75000,4,Petrol,8
49000,117500,12,Petrol,6
63000,155000,7,Petrol,6
81000,80000,6,Hybrid,4
22000,245544,11,Petrol,6
470000,0,1,Petrol,8
106000,0,0,Petrol,4
119000,112500,7,Petrol,6
48000,173000,7,Petrol,6
259000,70000,2,Petrol,6
30000,140000,12,Petrol,6
29000,220000,14,Petrol,8
35000,65108,8,Petrol,6
37999,88300,6,Petrol,4
3100,1938,1,Petrol,12
12000,280000,15,Petrol,4
26500,57608,3,Petrol,4
35000,98000,7,Petrol,4
28900,145000,9,Petrol,4
39900,110000,12,Petrol,6
35000,98000,8,Petrol,0
48000,105000,8,Petrol,4
12000,252600,17,Petrol,4
145000,121000,6,Petrol,8
1190,27000,3,Petrol,10
49000,160000,4,Petrol,4
26000,252000,11,Petrol,4
12000,217000,12,Petrol,4
129900,134000,7,Electric,0
18500,147000,12,Petrol,4
19000,355000,11,Petrol,6
59000,51000,1,Petrol,4
16000,250000,11,Petrol,4
32000,80000,4,Petrol,4
92000,92000,10,Petrol,8
35000,170000,10,Petrol,8
36000,156000,10,Petrol,4
689900,11539,1,Petrol,0
43000,141000,10,Petrol,8
37999,88300,6,Petrol,4
325000,32000,2,Petrol,6
19900,149000,6,Petrol,4
72000,76000,6,Petrol,4
220000,95000,4,Petrol,6
192000,400,1,Electric,0
112000,70000,4,Petrol,4
367000,66000,10,Petrol,12
34000,65000,8,Petrol,4
49500,98000,5,Hybrid,4
649000,5298,1,Petrol,8
133000,145000,9,Petrol,8
125000,43000,3,Petrol,8
26000,85000,6,Petrol,4
120000,56000,4,Petrol,8
53000,250000,9,Petrol,8
234990,6500,1,Petrol,8
169990,23000,8,Petrol,8
214990,66000,4,Petrol,4
339990,46000,9,Petrol,3
275000,26000,4,Petrol,6
114990,51000,4,Petrol,4
18000,130000,11,Petrol,4
20999,162000,9,Petrol,4
89500,126000,6,Petrol,4
32000,210000,10,Petrol,4
189990,120000,3,Petrol,4
83000,71472,10,Petrol,4
283000,16015,9,Petrol,12
18000,90000,11,Petrol,4
95000,57000,3,Petrol,4
23000,192506,11,Petrol,4
245000,121000,5,Petrol,8
399000,0,0,Petrol,6
92000,2300,0,Petrol,4
385000,32000,2,Petrol,8
36000,136000,13,Petrol,6
208000,11700,2,Petrol,4
44000,230000,11,Petrol,4
113000,31400,4,Petrol,6
29000,240000,16,Petrol,6
599000,27000,4,Petrol,12
288000,32000,9,Petrol,6
379000,48200,5,Petrol,8
19500,180000,16,Petrol,5
103000,50500,4,Petrol,6
85000,40000,3,Petrol,4
72000,40000,3,Petrol,4
14500,247000,13,Petrol,4
25000,141000,10,Petrol,6
77000,25000,3,Petrol,6
34000,198000,9,Petrol,6
99500,160000,9,Electric,0
199000,15000,2,Petrol,4
43000,175000,5,Petrol,6
75000,90000,20,Petrol,8
278000,91000,4,Petrol,8
368000,63000,4,Petrol,8
98000,135000,8,Petrol,8
115000,35000,3,Electric,0
120000,146000,6,Petrol,8
295000,1400,2,Petrol,4
615000,13000,2,Petrol,6
499000,8500,0,Petrol,8
184000,0,1,Petrol,4
158000,4000,1,Petrol,4
248000,0,0,Petrol,6
179000,107000,2,Petrol,4
45000,79184,4,Petrol,6
42000,63610,5,Petrol,4
36000,11036,4,Petrol,4
257000,0,1,Petrol,8
85000,114000,10,Petrol,8
46000,214000,5,Petrol,4
37000,175000,8,Petrol,4
160000,144000,6,Petrol,6
320000,23450,4,Petrol,8
79500,32800,4,Petrol,4
59000,150000,10,Petrol,8
23800,137500,10,Petrol,4
65000,112300,6,Petrol,4
60000,194726,9,Petrol,8
79500,21500,2,Petrol,6
125000,19000,4,Petrol,4
131000,20000,2,Petrol,4
92000,400,2,Petrol,4
89000,25000,4,Petrol,6
129500,75000,6,Petrol,6
99000,2000,1,Petrol,4
39000,186000,9,Petrol,6
94000,75000,7,Petrol,4
180000,44000,7,Petrol,6
32000,130857,12,Petrol,6
23000,139000,7,Petrol,0
16000,260000,11,Petrol,4
55000,131000,11,Petrol,6
48500,0,0,Petrol,4
42000,0,0,Petrol,4
93000,0,0,Petrol,4
76500,0,0,Petrol,4
21000,217000,12,Petrol,4
17000,304176,11,Petrol,4
63500,29800,3,Petrol,4
70000,143000,10,Petrol,6
165000,127951,5,Electric,0
42000,52000,4,Petrol,4
74000,20320,2,Petrol,4
86000,109500,10,Petrol,6
425000,34000,7,Petrol,6
105000,108000,3,Petrol,4
69500,114000,8,Petrol,3
89500,150000,15,Petrol,12
1280,8500,0,Petrol,8
1460,6200,1,Petrol,8
190000,16744,2,Petrol,6
28000,139000,10,Petrol,4
59000,149000,9,Petrol,6
58000,189000,8,Petrol,4
13000,276000,17,Petrol,6
37000,203000,13,Petrol,6
159000,132000,14,Petrol,6
550000,99000,5,Petrol,8
49999,122000,8,Petrol,6
179500,43776,2,Petrol,4
45000,44500,2,Petrol,4
18500,147000,12,Petrol,4
19000,355000,11,Petrol,6
59000,51000,1,Petrol,4
16000,250000,11,Petrol,4
32000,80000,4,Petrol,4
92000,92000,10,Petrol,8
35000,170000,10,Petrol,8
36000,156000,10,Petrol,4
689900,11539,1,Petrol,0
43000,141000,10,Petrol,8
154000,79000,5,Petrol,6
22000,110840,7,Petrol,4
105000,122000,7,Petrol,4
209000,139000,6,Petrol,8
580000,3936,0,Petrol,8
20000,400000,12,Diesel,4
63000,172000,9,Petrol,8
27000,105000,8,Petrol,6
195000,76000,5,Petrol,8
429000,43000,8,Petrol,8
45000,150000,13,Petrol,8
89000,150000,10,Petrol,8
49000,123000,10,Petrol,6
145000,108400,8,Petrol,8
185000,68000,4,Petrol,6
185000,68000,4,Petrol,6
6500,235000,20,Petrol,3
66000,88000,6,Petrol,6
2150,13700,5,Petrol,12
1240,9700,2,Petrol,8
1090,27000,3,Petrol,8
25000,480000,12,Petrol,4
24600,175278,12,Petrol,6
169999,57000,4,Petrol,6
59500,106600,10,Petrol,4
75000,54948,6,Petrol,4
38000,267000,10,Petrol,6
22500,256000,11,Petrol,4
79000,171000,10,Petrol,8
65000,104104,8,Petrol,8
63000,147522,5,Petrol,4
140000,91000,4,Petrol,4
29000,155000,11,Petrol,6
42500,125000,16,Petrol,8
42000,96000,8,Petrol,4
119000,100700,7,Petrol,4
99000,97000,10,Petrol,8
59000,105000,12,Petrol,6
119000,77100,5,Petrol,4
109000,77000,8,Petrol,8
74900,6275,1,Diesel,4
59900,45987,4,Petrol,4
69900,110418,4,Petrol,6
24900,88092,4,Petrol,4
154900,40779,4,Petrol,6
154900,52627,4,Petrol,6
82900,97635,4,Petrol,6
28900,72435,4,Petrol,4
39900,90845,5,Petrol,4
64900,143797,5,Petrol,4
64900,69028,2,Petrol,4
47900,97558,4,Petrol,4
46900,81937,5,Petrol,4
62900,73676,4,Petrol,4
74900,65825,6,Petrol,4
62900,57564,2,Petrol,4
49900,77224,4,Petrol,4
64900,42966,2,Petrol,4
58900,70540,2,Petrol,4
84900,80431,3,Petrol,4
48000,144920,10,Petrol,4
75000,147000,5,Petrol,6
219000,105000,4,Petrol,6
79000,99000,7,Petrol,8
250000,95000,5,Petrol,8
64500,140000,9,Petrol,6
105000,36994,1,Petrol,4
109500,231000,10,Petrol,8
89500,56000,3,Petrol,8
89500,71000,7,Petrol,6
21000,183762,11,Petrol,4
529000,32701,2,Petrol,8
45000,106000,9,Petrol,6
625000,95000,3,Petrol,8
14000,349000,16,Petrol,6
17000,300000,14,Petrol,8
119000,124000,8,Petrol,6
55000,145000,9,Petrol,6
129000,122000,7,Petrol,6
95000,91000,5,Petrol,4
85000,76000,6,Petrol,6
139000,102500,9,Petrol,6
25000,133000,9,Petrol,6
51900,104453,8,Petrol,6
99000,100000,10,Petrol,8
175000,75000,6,Petrol,8
44000,137215,10,Petrol,4
239000,51600,6,Petrol,8
155000,120600,6,Petrol,6
16500,158000,11,Petrol,6
94000,75000,7,Petrol,4
180000,44000,7,Petrol,6
32000,130857,12,Petrol,6
23000,139000,7,Petrol,0
16000,260000,11,Petrol,4
55000,131000,11,Petrol,6
48500,0,0,Petrol,4
42000,0,0,Petrol,4
93000,0,0,Petrol,4
76500,0,0,Petrol,4
21000,217000,12,Petrol,4
17000,304176,11,Petrol,4
63500,29800,3,Petrol,4
70000,143000,10,Petrol,6
165000,127951,5,Electric,0
42000,52000,4,Petrol,4
74000,20320,2,Petrol,4
86000,109500,10,Petrol,6
425000,34000,7,Petrol,6
105000,108000,3,Petrol,4
69500,114000,8,Petrol,3
89500,150000,15,Petrol,12
1280,8500,0,Petrol,8
1460,6200,1,Petrol,8
190000,16744,2,Petrol,6
28000,139000,10,Petrol,4
59000,149000,9,Petrol,6
58000,189000,8,Petrol,4
13000,276000,17,Petrol,6
37000,203000,13,Petrol,6
159000,132000,14,Petrol,6
550000,99000,5,Petrol,8
49999,122000,8,Petrol,6
179500,43776,2,Petrol,4
45000,44500,2,Petrol,4
21000,250000,15,Petrol,6
50000,185892,8,Petrol,6
13000,260000,17,Petrol,0
559000,31773,2,Petrol,8
179000,49504,9,Petrol,6
299000,65034,5,Petrol,8
719000,57849,3,Petrol,8
65000,48000,4,Petrol,6
260000,58000,4,Petrol,8
135000,135142,7,Petrol,6
55000,170000,7,Petrol,6
125000,100000,5,Petrol,4
43000,190000,8,Petrol,6
120000,80000,8,Petrol,6
120000,170000,6,Petrol,8
23000,177000,11,Petrol,6
39000,126000,7,Petrol,6
38000,122000,4,Petrol,4
149990,42000,3,Petrol,6
35500,157500,10,Petrol,6
22000,292500,17,Petrol,6
32500,139500,10,Petrol,4
289750,49000,4,Petrol,6
55000,70000,5,Petrol,6
75000,50000,5,Petrol,4
85000,75000,5,Petrol,8
65000,80000,5,Petrol,4
69900,60528,2,Petrol,4
49900,72757,3,Petrol,4
32900,98131,5,Petrol,4
84900,79769,4,Petrol,4
64900,86200,3,Petrol,4
94900,85570,5,Petrol,4
179900,82284,3,Petrol,6
47900,93890,5,Petrol,4
73900,76436,4,Petrol,4
49900,73012,4,Petrol,4
219900,62788,3,Petrol,8
29900,94364,6,Petrol,4
58900,90155,4,Petrol,4
74900,57850,3,Petrol,4
61900,106108,2,Petrol,4
27900,91958,4,Petrol,4
66900,85661,4,Petrol,4
47900,114283,3,Petrol,4
47900,92501,3,Petrol,4
59900,52624,2,Petrol,4
29900,73969,4,Petrol,4
109900,10946,1,Petrol,4
74900,6275,1,Diesel,4
59900,45987,4,Petrol,4
69900,110418,4,Petrol,6
24900,88092,4,Petrol,4
154900,40779,4,Petrol,6
154900,52627,4,Petrol,6
82900,97635,4,Petrol,6
28900,72435,4,Petrol,4
39900,90845,5,Petrol,4
64900,143797,5,Petrol,4
64900,69028,2,Petrol,4
47900,97558,4,Petrol,4
46900,81937,5,Petrol,4
62900,73676,4,Petrol,4
74900,65825,6,Petrol,4
62900,57564,2,Petrol,4
89000,92200,9,Petrol,6
69000,92200,8,Petrol,4
169000,130700,7,Petrol,8
77000,102700,10,Petrol,6
59000,97000,11,Petrol,6
77000,106000,10,Petrol,8
149000,88500,9,Petrol,8
69000,98000,10,Petrol,6
137000,110000,9,Petrol,8
320000,22100,3,Electric,0
135000,59300,3,Petrol,6
310000,15896,1,Petrol,4
53000,162119,7,Petrol,6
79000,142446,7,Petrol,4
144000,9037,1,Petrol,4
368000,45546,3,Petrol,6
67000,22200,1,Petrol,3
85000,72370,5,Petrol,6
159000,33067,3,Petrol,6
30000,227415,7,Petrol,4
72000,125078,6,Petrol,4
211000,10291,6,Petrol,6
70000,122934,9,Petrol,6
220000,52129,3,Petrol,4
125000,57504,2,Petrol,4
60000,73169,6,Petrol,4
47000,283154,10,Petrol,6
105900,88952,6,Petrol,6
44000,154827,9,Petrol,4
189000,14644,1,Petrol,4
31000,48881,4,Petrol,3
55900,105509,8,Petrol,4
130900,41228,2,Petrol,4
75000,33477,1,Petrol,4
219000,23421,3,Petrol,8
73000,23178,1,Petrol,4
39500,82032,8,Petrol,4
223000,41961,3,Petrol,4
53900,131541,6,Petrol,4
63000,144772,8,Petrol,6
39500,101811,9,Petrol,6
120000,1053,2,Petrol,3
83000,19434,3,Petrol,4
61000,83277,8,Petrol,4
262000,40927,2,Petrol,6
109900,86220,7,Petrol,4
516000,41621,3,Petrol,8
130000,136444,6,Petrol,6
54000,261734,11,Petrol,8
68000,135762,5,Petrol,6
125000,0,1,Petrol,4
226000,0,1,Petrol,4
169000,142000,9,Petrol,8
69950,50000,6,Petrol,4
599000,0,0,Petrol,4
599000,0,0,Petrol,4
599000,0,0,Petrol,4
599000,0,0,Petrol,4
109000,16000,3,Petrol,4
179000,79000,4,Petrol,8
11500,192000,19,Petrol,4
128000,55000,4,Petrol,6
48750,97200,13,Petrol,6
15800,214000,13,Petrol,4
229000,108000,4,Petrol,8
14500,159000,17,Petrol,6
89000,52000,6,Petrol,4
119000,14000,3,Petrol,6
195000,80000,5,Petrol,6
90000,112000,7,Petrol,4
179000,22000,2,Petrol,4
83000,92000,3,Petrol,6
159000,118500,7,Petrol,4
199000,11000,1,Petrol,6
119000,80008,5,Diesel,4
128000,183500,8,Petrol,8
13500,205623,15,Petrol,0
35500,125000,6,Petrol,4
178000,158000,9,Petrol,8
498000,0,1,Petrol,6
39500,205352,9,Petrol,6
915000,0,0,Petrol,8
100000,145558,6,Petrol,6
169000,108000,3,Petrol,6
32000,174590,10,Petrol,4
72000,140000,10,Petrol,8
47500,137345,10,Petrol,0
23000,275000,8,Petrol,3
21500,495000,12,Petrol,4
23000,156000,12,Petrol,4
19500,117000,10,Petrol,4
33000,59000,10,Petrol,4
27000,144200,19,Petrol,8
47000,124000,33,Petrol,6
26500,52782,5,Petrol,4
73500,35657,5,Petrol,6
37000,112000,10,Petrol,6
119000,120000,10,Petrol,8
125000,37000,4,Petrol,6
31900,186510,10,Petrol,4
25500,264920,13,Petrol,8
50900,204039,8,Petrol,6
32000,136826,10,Petrol,4
43900,196057,8,Petrol,4
47000,141230,8,Petrol,4
46900,233863,11,Petrol,8
48000,140229,9,Petrol,4
61500,135805,9,Petrol,8
74000,145746,6,Petrol,6
85000,52985,2,Hybrid,4
75000,137306,7,Petrol,4
58000,52683,4,Petrol,4
65000,116557,10,Petrol,6
78000,178957,10,Petrol,8
77000,159840,7,Petrol,4
79900,51329,6,Petrol,3
86900,173243,6,Petrol,4
92900,95523,8,Petrol,6
90000,127717,8,Petrol,6
110000,41779,4,Petrol,4
113900,98863,2,Petrol,4
105900,133108,8,Petrol,6
149000,48166,1,Petrol,6
118000,34253,2,Petrol,4
140000,144415,6,Petrol,6
33000,138500,7,Petrol,4
48000,116807,12,Petrol,8
32000,164573,10,Petrol,4
48000,120000,9,Petrol,4
455000,12407,2,Petrol,6
620000,42000,2,Petrol,8
40000,195000,10,Petrol,6
15000,272300,18,Petrol,4
123000,157000,8,Petrol,6
32000,182569,14,Petrol,8
223000,106000,3,Petrol,6
37000,129000,4,Petrol,4
50000,166000,22,Petrol,8
85000,187000,11,Petrol,8
29000,123301,11,Petrol,6
168000,118000,11,Petrol,8
47500,190000,17,Petrol,6
26000,54723,4,Petrol,3
21500,140000,9,Petrol,4
113500,59915,2,Petrol,4
125000,115000,6,Petrol,6
26000,130000,11,Petrol,8
28000,140000,6,Petrol,4
19500,181000,11,Petrol,4
122000,157868,6,Petrol,6
615000,36000,5,Petrol,12
110000,125000,6,Petrol,6
55000,129359,9,Petrol,4
849000,42500,12,Petrol,8
399000,22000,8,Petrol,8
379000,3000,2,Petrol,4
589000,16000,5,Petrol,12
130000,72000,3,Petrol,8
98000,6200,2,Petrol,4
69000,68055,5,Petrol,6
55000,228305,9,Petrol,6
155000,107770,6,Petrol,6
39000,88200,5,Petrol,4
57500,123107,6,Petrol,4
43500,186000,12,Petrol,8
64000,139000,4,Petrol,4
31500,164009,10,Petrol,6
22000,165373,10,Petrol,5
69900,171849,11,Petrol,6
56000,272000,8,Petrol,4
28000,98515,7,Petrol,4
35000,207000,15,Petrol,8
120000,70369,6,Petrol,4
42000,155500,8,Petrol,6
330000,16000,1,Petrol,6
161900,41770,4,Petrol,4
28000,120793,10,Petrol,6
37000,136828,8,Petrol,4
306900,13215,4,Petrol,8
148000,171478,5,Petrol,6
72000,26250,2,Petrol,4
43900,114379,9,Petrol,4
27100,133072,8,Petrol,4
121000,26849,2,Petrol,4
208900,34410,3,Petrol,4
62900,82684,6,Petrol,3
78900,23645,3,Petrol,4
63000,187368,5,Petrol,4
72900,100238,6,Petrol,6
275000,3015,0,Petrol,4
36900,114148,9,Petrol,4
66000,137482,7,Petrol,6
188900,62561,7,Petrol,8
67000,77530,6,Petrol,4
316900,47068,1,Petrol,6
23900,228279,7,Petrol,5
54000,124576,6,Petrol,6
67900,96312,4,Petrol,4
52000,138852,7,Petrol,4
248900,40504,4,Petrol,6
52500,29000,3,Petrol,4
230000,0,0,Petrol,6
252000,0,0,Petrol,6
236000,0,0,Petrol,8
19000,151000,7,Petrol,4
63000,69886,5,Petrol,6
16800,366000,12,Petrol,6
76000,0,1,Petrol,4
41000,135000,8,Petrol,6
229000,127000,8,Petrol,8
119000,120000,8,Petrol,6
178000,85000,5,Petrol,6
56000,7500,2,Petrol,4
89000,125000,9,Petrol,6
38000,164000,10,Petrol,6
34500,148000,11,Petrol,6
175000,9297,2,Petrol,8
44000,105000,18,Petrol,8
14500,480000,15,Petrol,4
150000,24000,2,Electric,0
29000,96560,21,Petrol,8
31000,232130,10,Petrol,6
135000,17393,2,Petrol,6
159000,129000,8,Petrol,8
64900,188000,8,Petrol,6
57900,75332,5,Petrol,4
29000,34680,3,Petrol,4
33000,195000,13,Petrol,6
95000,180000,9,Petrol,6
94000,37000,3,Petrol,4
49000,133000,9,Petrol,6
74000,96000,6,Petrol,4
35500,122000,7,Petrol,4
33000,138500,7,Petrol,4
48000,116807,12,Petrol,8
32000,164573,10,Petrol,4
48000,120000,9,Petrol,4
455000,12407,2,Petrol,6
620000,42000,2,Petrol,8
40000,195000,10,Petrol,6
15000,272300,18,Petrol,4
32000,182569,14,Petrol,8
223000,106000,3,Petrol,6
37000,129000,4,Petrol,4
50000,166000,22,Petrol,8
85000,187000,11,Petrol,8
29000,123301,11,Petrol,6
168000,118000,11,Petrol,8
47500,190000,17,Petrol,6
26000,54723,4,Petrol,3
1490,6036,2,Petrol,12
1395,112,2,Petrol,8
1270,20,0,Hybrid,8
650000,138000,5,Petrol,8
345000,78000,7,Petrol,12
2350,41,1,Petrol,8
40000,148000,6,Petrol,4
287000,25000,4,Electric,0
375000,1500,0,Petrol,4
85000,94000,15,Petrol,6
44000,120000,5,Petrol,4
965000,5000,2,Petrol,8
585000,45000,5,Petrol,12
169000,18300,2,Petrol,4
42500,186000,10,Petrol,6
24000,264000,15,Petrol,6
112000,123000,6,Petrol,4
60000,0,1,Petrol,4
259000,78000,9,Petrol,6
59000,80000,11,Petrol,8
248000,130000,4,Petrol,8
38000,124000,7,Petrol,4
229500,0,1,Petrol,4
149000,44000,3,Petrol,6
315000,65000,4,Petrol,8
59000,245000,8,Petrol,4
319000,175000,4,Petrol,8
249000,155000,7,Petrol,8
319000,116000,5,Petrol,8
119000,163000,8,Petrol,6
123000,32000,1,Petrol,6
104500,126700,4,Petrol,6
38000,140000,10,Petrol,6
43000,173000,4,Petrol,4
40000,162000,7,Petrol,6
19000,110000,8,Petrol,4
45000,52000,8,Petrol,4
29995,204000,13,Petrol,8
150000,106000,10,Petrol,8
54000,100000,6,Petrol,4
83500,100000,6,Petrol,6
36500,90000,15,Petrol,6
65500,107000,12,Petrol,8
34000,170000,10,Petrol,4
53000,170000,8,Petrol,6
58500,150000,10,Petrol,8
128000,67000,3,Petrol,6
30750,135000,11,Petrol,4
115000,118450,28,Petrol,0
112000,95000,4,Petrol,4
22000,165373,10,Petrol,5
69900,171849,11,Petrol,6
56000,272000,8,Petrol,4
28000,98515,7,Petrol,4
35000,207000,15,Petrol,8
120000,70369,6,Petrol,4
42000,155500,8,Petrol,6
330000,16000,1,Petrol,6
300000,44000,3,Petrol,8
770000,39000,7,Petrol,12
85000,49,1,Petrol,4
715000,12000,1,Petrol,8
87000,140000,8,Petrol,6
17500,170000,15,Petrol,4
80000,0,1,Petrol,4
75000,0,0,Petrol,4
50000,0,0,Diesel,4
58000,0,0,Diesel,4
39500,230000,6,Petrol,0
21500,92437,9,Petrol,4
30000,109000,14,Petrol,6
93000,1786,0,Petrol,4
52500,121000,6,Petrol,4
31500,75000,8,Petrol,4
30000,38900,4,Petrol,4
575000,64000,8,Petrol,12
245000,0,0,Electric,0
209000,11098,1,Petrol,4
43500,0,0,Petrol,4
86000,0,2,Electric,0
72000,0,0,Petrol,4
90000,0,0,Petrol,4
109000,0,1,Petrol,4
52500,29000,3,Petrol,4
230000,0,0,Petrol,6
252000,0,0,Petrol,6
236000,0,0,Petrol,8
19000,151000,7,Petrol,4
63000,69886,5,Petrol,6
16800,366000,12,Petrol,6
76000,0,1,Petrol,4
41000,135000,8,Petrol,6
229000,127000,8,Petrol,8
119000,120000,8,Petrol,6
178000,85000,5,Petrol,6
56000,7500,2,Petrol,4
89000,125000,9,Petrol,6
38000,164000,10,Petrol,6
34500,148000,11,Petrol,6
175000,9297,2,Petrol,8
44000,105000,18,Petrol,8
14500,480000,15,Petrol,4
150000,24000,2,Electric,0
29000,96560,21,Petrol,8
31000,232130,10,Petrol,6
135000,17393,2,Petrol,6
159000,129000,8,Petrol,8
64900,188000,8,Petrol,6
87000,65000,3,Petrol,4
19000,192000,9,Petrol,4
98000,100000,7,Petrol,8
36000,157000,10,Petrol,4
530000,12500,1,Petrol,8
149000,11672,2,Petrol,6
50000,40050,3,Petrol,4
52000,51000,3,Petrol,4
839000,60,0,Petrol,8
615000,10000,2,Petrol,8
1499,95,0,Petrol,8
565000,12000,2,Petrol,8
2750,30,2,Petrol,12
1395,64,2,Petrol,8
560000,20,0,Petrol,6
560000,20,0,Petrol,6
1045,23336,8,Petrol,12
259000,78000,9,Petrol,6
59000,80000,11,Petrol,8
248000,130000,4,Petrol,8
38000,124000,7,Petrol,4
229500,0,1,Petrol,4
149000,44000,3,Petrol,6
315000,65000,4,Petrol,8
59000,245000,8,Petrol,4
319000,175000,4,Petrol,8
249000,155000,7,Petrol,8
319000,116000,5,Petrol,8
119000,163000,8,Petrol,6
123000,32000,1,Petrol,6
104500,126700,4,Petrol,6
38000,140000,10,Petrol,6
43000,173000,4,Petrol,4
40000,162000,7,Petrol,6
19000,110000,8,Petrol,4
45000,52000,8,Petrol,4
29995,204000,13,Petrol,8
150000,106000,10,Petrol,8
54000,100000,6,Petrol,4
83500,100000,6,Petrol,6
36500,90000,15,Petrol,6
65500,107000,12,Petrol,8
42000,360000,11,Petrol,8
27000,87300,17,Petrol,6
665000,23000,3,Petrol,8
609000,34500,3,Petrol,8
637000,26100,3,Petrol,8
40000,165000,11,Petrol,6
27500,150000,10,Petrol,6
94000,103000,8,Petrol,6
32500,175000,10,Petrol,4
55000,73000,7,Petrol,3
97000,140000,7,Petrol,4
19900,390000,13,Petrol,6
25500,81352,4,Petrol,4
1650,6600,2,Petrol,8
3799,900,3,Petrol,12
1449,1896,3,Petrol,8
1099,0,1,Petrol,8
3299,0,3,Petrol,8
2099,0,1,Petrol,8
1049,0,1,Petrol,6
1469,10,2,Petrol,8
3199,0,0,Petrol,12
325000,50000,3,Petrol,6
1199,6800,2,Petrol,8
639000,22000,2,Petrol,8
348000,32000,7,Petrol,12
425000,0,1,Petrol,4
157000,34000,6,Petrol,6
699000,3300,3,Petrol,0
2299,10000,6,Petrol,12
89000,189000,9,Petrol,6
1999,0,1,Petrol,6
23000,147000,8,Petrol,4
249000,9000,1,Petrol,6
2199,0,1,Petrol,8
41000,58000,4,Petrol,4
660000,47000,5,Petrol,8
20000,148000,9,Petrol,4
210000,132000,6,Petrol,4
45000,111000,20,Petrol,8
22900,130000,7,Petrol,4
125500,142000,8,Petrol,6
825000,2200,2,Petrol,8
23500,49060,4,Petrol,4
11000,230000,22,Petrol,4
48500,51117,6,Petrol,6
79000,156000,8,Petrol,4
43000,179280,9,Petrol,4
255000,75000,11,Petrol,4
145000,12000,2,Petrol,8
225000,19000,1,Petrol,8
321000,71795,2,Petrol,6
159000,14967,2,Petrol,6
275000,9500,2,Petrol,6
237000,45000,2,Hybrid,6
75500,56400,9,Petrol,8
180000,57500,2,Petrol,6
165000,35069,2,Petrol,6
315000,62059,3,Petrol,8
89000,3400,2,Petrol,6
630000,24000,8,Petrol,12
59500,137400,9,Petrol,8
145000,87000,4,Petrol,8
13500,214858,12,Petrol,4
18000,161000,32,Petrol,4
279000,9968,12,Petrol,12
40000,75900,11,Petrol,6
179000,10423,1,Petrol,4
135000,59000,1,Electric,0
159000,15245,3,Petrol,6
275000,51000,7,Petrol,8
209000,31974,1,Diesel,6
229000,12795,1,Petrol,8
139900,92000,6,Petrol,6
199000,19776,2,Petrol,4
199999,80000,4,Petrol,6
84999,0,1,Petrol,4
79999,75000,7,Petrol,6
57999,91000,5,Petrol,4
99999,120000,6,Petrol,4
59999,98000,8,Petrol,4
94999,108000,8,Petrol,6
49999,74000,4,Petrol,4
59999,18000,1,Petrol,4
159999,11000,1,Petrol,6
114999,31000,4,Electric,0
74999,89000,6,Petrol,6
499000,11222,5,Petrol,8
169000,7720,8,Petrol,8
259999,38000,2,Petrol,6
279000,18,1,Petrol,4
839000,7058,2,Petrol,8
269000,42834,8,Petrol,8
659000,500,0,Petrol,6
535000,64000,10,Petrol,8
10500,309000,14,Petrol,4
32600,80000,10,Petrol,6
38500,236172,10,Petrol,4
177000,15000,2,Petrol,4
379500,24000,3,Petrol,12
175000,80000,7,Petrol,5
99990,75000,3,Petrol,4
242000,0,0,Petrol,4
140000,35000,4,Petrol,8
242000,0,0,Petrol,4
305000,18228,4,Petrol,8
118000,44000,7,Petrol,4
47500,0,0,Petrol,4
620000,59847,46,Petrol,8
23500,190000,5,Petrol,4
58000,78482,4,Petrol,4
40500,56754,4,Petrol,4
199900,21000,1,Petrol,4
18000,240556,15,Petrol,8
49000,175000,12,Petrol,6
699000,41000,3,Petrol,6
725000,42000,3,Petrol,8
30000,62000,8,Petrol,0
440000,16784,3,Petrol,8
129500,116000,6,Petrol,6
69900,80439,24,Petrol,6
89500,93550,17,Petrol,8
459500,13390,3,Petrol,8
135000,141000,18,Petrol,6
162500,102861,9,Petrol,8
75999,60000,7,Petrol,8
17500,230000,8,Petrol,4
25000,175000,10,Petrol,4
20000,50300,12,Petrol,6
17700,132000,8,Petrol,4
24000,160000,11,Petrol,4
22000,195000,9,Petrol,4
53000,0,0,Petrol,4
189000,51517,1,Petrol,6
75900,13937,1,Petrol,4
58000,47000,1,Petrol,4
36000,118250,11,Petrol,6
152000,189000,5,Petrol,8
32000,196000,10,Petrol,8
525000,0,2,Electric,0
475000,0,1,Petrol,4
35500,195000,8,Petrol,6
85000,165000,8,Petrol,6
263000,0,1,Petrol,8
36000,156000,15,Petrol,6
179000,0,0,Petrol,4
179000,0,0,Petrol,4
60000,114000,4,Petrol,4
485000,63000,4,Petrol,6
292000,0,1,Petrol,8
310000,0,0,Petrol,8
428000,50000,3,Petrol,6
113000,65000,7,Petrol,6
185000,0,0,Petrol,6
185000,0,1,Petrol,6
190000,0,0,Petrol,6
271000,0,1,Petrol,8
185000,0,0,Petrol,6
385000,0,1,Petrol,8
1125,0,1,Petrol,12
65000,51000,2,Petrol,4
75000,87,1,Petrol,4
58000,88000,8,Petrol,6
77000,19000,2,Petrol,4
89000,105034,5,Petrol,4
32000,103140,12,Petrol,4
240000,86650,8,Petrol,12
18500,173000,11,Petrol,4
46000,147000,7,Petrol,4
139000,109332,8,Petrol,6
49000,107000,9,Petrol,4
26000,66856,4,Petrol,4
38000,165389,9,Petrol,4
76000,133000,6,Petrol,4
679000,75817,36,Petrol,6
80000,40000,3,Petrol,4
55000,176000,6,Petrol,4
60000,113294,11,Petrol,6
207000,18000,3,Petrol,6
380000,8000,1,Petrol,6
32000,75000,4,Petrol,4
27000,193505,11,Petrol,6
177000,21000,2,Petrol,4
29900,120000,10,Petrol,4
35499,194000,8,Petrol,6
510000,71000,8,Petrol,8
27500,100266,12,Petrol,6
139000,47000,4,Petrol,4
148000,48000,7,Petrol,6
184000,54000,5,Petrol,4
429000,10284,1,Petrol,10
555000,0,1,Petrol,6
1649,8000,2,Petrol,12
255000,0,0,Petrol,4
799000,28500,2,Petrol,8
849000,15400,5,Petrol,8
460000,0,1,Petrol,6
1189,0,1,Petrol,12
250000,139625,3,Petrol,8
55499,27000,2,Petrol,4
140000,92200,4,Petrol,4
205000,46417,2,Petrol,8
85000,167418,2,Petrol,6
14500,180000,11,Petrol,4
85000,201364,2,Petrol,6
137900,93071,5,Petrol,6
219000,55000,3,Petrol,6
175000,80000,7,Petrol,5
99990,75000,3,Petrol,4
242000,0,0,Petrol,4
140000,35000,4,Petrol,8
242000,0,0,Petrol,4
305000,18228,4,Petrol,8
118000,44000,7,Petrol,4
47500,0,0,Petrol,4
620000,59847,46,Petrol,8
23500,190000,5,Petrol,4
58000,78482,4,Petrol,4
40500,56754,4,Petrol,4
199900,21000,1,Petrol,4
18000,240556,15,Petrol,8
49000,175000,12,Petrol,6
699000,41000,3,Petrol,6
725000,42000,3,Petrol,8
30000,62000,8,Petrol,0
34000,167000,10,Petrol,6
144000,153000,6,Petrol,6
90000,31751,5,Petrol,4
359000,50000,3,Petrol,6
299000,70000,2,Petrol,6
399000,85000,5,Petrol,8
167999,260000,6,Petrol,8
84500,21100,5,Petrol,4
35000,600000,5,Petrol,4
82000,163000,10,Petrol,6
15499,390000,16,Petrol,4
145000,128000,8,Petrol,6
265000,990,1,Petrol,8
235000,32402,2,Petrol,6
24499,78000,8,Petrol,4
59000,44000,4,Petrol,3
63000,0,1,Petrol,4
63000,0,1,Petrol,4
1110,10500,2,Petrol,8
465000,78000,5,Petrol,8
68000,123000,6,Petrol,6
85000,255700,15,Petrol,8
99000,5000,2,Petrol,4
62000,224000,10,Petrol,8
30000,145000,9,Petrol,4
30000,62000,8,Petrol,0
440000,16784,3,Petrol,8
129500,116000,6,Petrol,6
69900,80439,24,Petrol,6
89500,93550,17,Petrol,8
459500,13390,3,Petrol,8
135000,141000,18,Petrol,6
162500,102861,9,Petrol,8
75999,60000,7,Petrol,8
17500,230000,8,Petrol,4
25000,175000,10,Petrol,4
20000,50300,12,Petrol,6
17700,132000,8,Petrol,4
24000,160000,11,Petrol,4
22000,195000,9,Petrol,4
53000,0,0,Petrol,4
189000,51517,1,Petrol,6
75900,13937,1,Petrol,4
58000,47000,1,Petrol,4
36000,118250,11,Petrol,6
152000,189000,5,Petrol,8
32000,196000,10,Petrol,8
525000,0,2,Electric,0
475000,0,1,Petrol,4
35500,195000,8,Petrol,6
16000,276600,12,Petrol,4
44000,120796,9,Petrol,6
399000,100,0,Petrol,6
162000,100,1,Petrol,4
119000,161000,5,Petrol,4
185000,32000,3,Petrol,8
95500,76700,6,Petrol,4
109000,25000,2,Petrol,6
31500,110000,8,Petrol,4
175000,60300,4,Petrol,6
200000,45757,32,Petrol,6
1650,1037,5,Petrol,6
1050,12800,4,Petrol,8
900000,26351,7,Petrol,12
4750,60,5,Petrol,6
15500,3430,3,Petrol,0
13000,62,4,Petrol,12
2950,16291,2,Petrol,12
650000,44865,8,Petrol,12
2250,35,2,Petrol,12
2450,60,1,Petrol,12
7700,1600,9,Hybrid,8
525000,35225,4,Petrol,6
5800,14575,18,Petrol,10
1225,30,1,Petrol,6
255000,0,0,Petrol,4
799000,28500,2,Petrol,8
849000,15400,5,Petrol,8
460000,0,1,Petrol,6
1189,0,1,Petrol,12
250000,139625,3,Petrol,8
55499,27000,2,Petrol,4
19000,124000,11,Petrol,4
165000,65000,5,Petrol,8
25000,287000,12,Petrol,6
69000,53000,4,Petrol,6
27500,185000,7,Petrol,4
145000,100000,3,Petrol,4
220000,40000,1,Petrol,6
210000,120000,7,Petrol,8
145000,190000,7,Petrol,6
510000,142000,4,Petrol,8
190000,43000,5,Petrol,8
129000,147000,7,Petrol,6
167000,118000,6,Petrol,6
14000,265000,12,Petrol,4
36000,196000,8,Petrol,4
230000,76200,5,Petrol,6
369000,12700,1,Petrol,6
230000,76000,5,Petrol,6
2400,38,2,Petrol,8
4720,650,5,Petrol,8
750000,43,1,Petrol,8
2650,6290,3,Petrol,12
2500,135,2,Petrol,12
1325,8415,2,Petrol,8
1050,40200,3,Petrol,8
2050,2836,2,Petrol,12
2050,788,3,Petrol,12
2500,84,2,Hybrid,8
2450,640,2,Petrol,8
2100,85,1,Hybrid,8
700000,1000,0,Petrol,6
740000,62,1,Petrol,8
1000,1300,2,Petrol,8
750000,42190,4,Petrol,12
1600,60,2,Petrol,12
700000,26870,3,Petrol,8
1450,78,1,Petrol,8
775000,12600,3,Petrol,8
1450,37,1,Petrol,8
870000,27400,5,Petrol,12
650000,680,4,Hybrid,6
41500,158045,10,Petrol,6
77000,98200,7,Petrol,4
230000,76000,5,Petrol,6
179000,93000,8,Petrol,8
775000,0,2,Petrol,4
920000,126,1,Hybrid,6
820000,0,1,Petrol,4
75000,180050,7,Petrol,8
21800,104019,8,Petrol,4
249000,63000,3,Petrol,6
34000,167000,10,Petrol,6
144000,153000,6,Petrol,6
90000,31751,5,Petrol,4
359000,50000,3,Petrol,6
299000,70000,2,Petrol,6
399000,85000,5,Petrol,8
167999,260000,6,Petrol,8
84500,21100,5,Petrol,4
35000,600000,5,Petrol,4
82000,163000,10,Petrol,6
15499,390000,16,Petrol,4
145000,128000,8,Petrol,6
265000,990,1,Petrol,8
235000,32402,2,Petrol,6
24499,78000,8,Petrol,4
59000,44000,4,Petrol,3
63000,0,1,Petrol,4
170000,95000,6,Diesel,6
169000,188000,6,Petrol,6
109000,102008,12,Petrol,8
140000,156042,7,Petrol,6
65000,151400,9,Petrol,6
41000,65000,5,Petrol,6
118000,79000,7,Petrol,6
100000,75000,9,Petrol,8
65000,63000,9,Petrol,6
60000,99000,12,Petrol,6
199500,50000,9,Petrol,6
14500,275000,12,Petrol,4
55000,194000,8,Petrol,6
21000,209000,14,Petrol,8
449000,14800,1,Petrol,8
345000,30000,4,Petrol,8
1650,26000,1,Petrol,8
318000,62100,2,Petrol,8
57000,40000,6,Petrol,0
33500,77000,6,Petrol,4
17000,83825,21,Petrol,6
73900,98954,7,Petrol,4
57500,144799,6,Petrol,4
112000,207393,6,Petrol,4
220000,23554,2,Petrol,4
650000,44865,8,Petrol,12
2250,35,2,Petrol,12
2450,60,1,Petrol,12
7700,1600,9,Hybrid,8
525000,35225,4,Petrol,6
5800,14575,18,Petrol,10
1225,30,1,Petrol,6
1600,3503,6,Petrol,6
1900,98,1,Petrol,6
14500,777,3,Petrol,12
400000,16217,3,Petrol,6
2800,14981,11,Petrol,8
700000,53000,10,Petrol,8
2200,88,3,Petrol,8
2400,62,3,Petrol,8
18499,50,1,Hybrid,6
265000,39000,40,Petrol,6
750000,29,2,Petrol,8
770000,9803,2,Petrol,8
1750,115,2,Petrol,8
1350,72,2,Petrol,8
1800,106,1,Petrol,8
180000,58000,7,Petrol,8
4000,267,3,Petrol,8
2200,193,1,Petrol,8
1375,78,2,Petrol,8
1900,97,3,Petrol,8
1050,130,1,Petrol,8
2200,16,2,Petrol,8
2200,23,2,Petrol,8
2300,26,2,Petrol,8
3210,71,16,Petrol,8
2400,38,2,Petrol,8
4720,650,5,Petrol,8
750000,43,1,Petrol,8
2650,6290,3,Petrol,12
2500,135,2,Petrol,12
1325,8415,2,Petrol,8
1050,40200,3,Petrol,8
2050,2836,2,Petrol,12
2050,788,3,Petrol,12
2500,84,2,Hybrid,8
2450,640,2,Petrol,8
2100,85,1,Hybrid,8
700000,1000,0,Petrol,6
740000,62,1,Petrol,8
1000,1300,2,Petrol,8
750000,42190,4,Petrol,12
1600,60,2,Petrol,12
700000,26870,3,Petrol,8
2200,193,1,Petrol,8
1375,78,2,Petrol,8
1900,97,3,Petrol,8
1050,130,1,Petrol,8
2200,16,2,Petrol,8
2200,23,2,Petrol,8
2300,26,2,Petrol,8
3210,71,16,Petrol,8
2400,38,2,Petrol,8
4720,650,5,Petrol,8
750000,43,1,Petrol,8
2650,6290,3,Petrol,12
2500,135,2,Petrol,12
1325,8415,2,Petrol,8
1050,40200,3,Petrol,8
2050,2836,2,Petrol,12
2050,788,3,Petrol,12
2500,84,2,Hybrid,8
2450,640,2,Petrol,8
2100,85,1,Hybrid,8
700000,1000,0,Petrol,6
740000,62,1,Petrol,8
1000,1300,2,Petrol,8
750000,42190,4,Petrol,12
1600,60,2,Petrol,12
700000,26870,3,Petrol,8
1450,78,1,Petrol,8
775000,12600,3,Petrol,8
1450,37,1,Petrol,8
870000,27400,5,Petrol,12
650000,680,4,Hybrid,6
41500,158045,10,Petrol,6
77000,98200,7,Petrol,4
17500,219000,13,Petrol,0
15900,22000,15,Petrol,8
169990,300,1,Petrol,6
67000,97500,11,Petrol,8
149000,94000,6,Petrol,6
365000,100,1,Petrol,6
215000,62,1,Petrol,8
16500,216700,8,Petrol,4
49900,152000,11,Petrol,8
37500,159200,9,Petrol,4
69900,97600,8,Petrol,4
32500,46000,10,Petrol,4
35500,121220,9,Petrol,6
19900,92000,9,Petrol,4
145000,44000,3,Petrol,6
112000,69000,2,Petrol,4
71500,44000,4,Petrol,4
57000,40000,6,Petrol,0
33500,77000,6,Petrol,4
17000,83825,21,Petrol,6
73900,98954,7,Petrol,4
57500,144799,6,Petrol,4
112000,207393,6,Petrol,4
220000,23554,2,Petrol,4
137000,118200,9,Petrol,8
79000,95550,8,Petrol,6
82500,68000,10,Petrol,6
27000,116900,5,Petrol,4
29500,136859,9,Petrol,6
9500,189901,15,Petrol,4
30500,98663,8,Petrol,4
18500,198633,9,Petrol,4
14000,140211,9,Petrol,4
72000,160000,9,Petrol,6
49500,140000,6,Petrol,4
48000,222218,9,Petrol,6
389000,29921,4,Petrol,8
115000,52624,5,Petrol,4
95000,158118,9,Petrol,8
179000,19790,2,Petrol,6
335000,42854,3,Petrol,6
145000,63073,4,Petrol,6
69999,162836,7,Petrol,6
52900,56552,3,Petrol,4
179000,22723,1,Electric,0
345000,40673,5,Petrol,4
115000,21048,4,Petrol,6
98000,130279,9,Petrol,6
310000,49189,2,Petrol,6
52000,100003,6,Petrol,4
126900,234460,6,Petrol,4
88500,59400,6,Petrol,4
72000,203601,6,Petrol,6
106900,49090,5,Petrol,4
43900,17081,7,Petrol,4
206000,136830,8,Petrol,8
830000,24324,2,Petrol,8
198200,30535,3,Petrol,6
307000,19051,1,Petrol,6
109000,101631,10,Petrol,6
52000,194921,7,Petrol,4
25000,211689,10,Petrol,6
120900,112982,5,Petrol,8
205000,67264,3,Petrol,4
40000,193092,5,Petrol,4
72000,145795,10,Petrol,6
130000,115234,4,Petrol,6
145000,63073,4,Petrol,6
69999,162836,7,Petrol,6
52900,56552,3,Petrol,4
179000,22723,1,Electric,0
345000,40673,5,Petrol,4
115000,21048,4,Petrol,6
98000,130279,9,Petrol,6
310000,49189,2,Petrol,6
52000,100003,6,Petrol,4
126900,234460,6,Petrol,4
88500,59400,6,Petrol,4
72000,203601,6,Petrol,6
106900,49090,5,Petrol,4
43900,17081,7,Petrol,4
206000,136830,8,Petrol,8
830000,24324,2,Petrol,8
198200,30535,3,Petrol,6
307000,19051,1,Petrol,6
109000,101631,10,Petrol,6
52000,194921,7,Petrol,4
25000,211689,10,Petrol,6
120900,112982,5,Petrol,8
205000,67264,3,Petrol,4
40000,193092,5,Petrol,4
72000,145795,10,Petrol,6
37900,88820,8,Petrol,4
34900,207261,9,Petrol,6
205000,57657,5,Petrol,4
140000,94935,4,Petrol,4
92000,71885,4,Petrol,6
72000,63997,4,Petrol,4
101000,16931,1,Petrol,4
98000,37232,6,Petrol,4
25900,176872,11,Petrol,6
61000,140858,8,Petrol,4
48900,90442,8,Petrol,3
44000,67896,8,Petrol,4
282900,49393,4,Petrol,6
42000,144118,13,Petrol,8
150000,158394,5,Petrol,6
50000,28320,1,Petrol,4
85000,39861,3,Petrol,4
47900,143308,9,Petrol,4
299900,48307,4,Petrol,6
24000,121191,7,Petrol,4
48000,71865,11,Petrol,4
153900,118165,5,Petrol,4
210000,35793,1,Petrol,6
31000,104887,4,Petrol,4
55000,80850,8,Petrol,6
62000,166602,5,Petrol,4
66900,131643,9,Petrol,6
69900,149654,9,Petrol,6
62500,185428,10,Petrol,6
139000,49025,4,Petrol,4
89700,21809,4,Petrol,3
75900,145066,7,Petrol,6
56000,97000,9,Petrol,4
73000,127000,6,Petrol,6
245000,44359,4,Petrol,6
102900,159522,7,Petrol,4
19900,197317,10,Petrol,4
45000,156267,9,Petrol,6
142000,154022,5,Petrol,6
109000,140403,8,Petrol,6
45999,169328,9,Petrol,6
250000,20147,2,Petrol,8
79900,68678,11,Hybrid,4
233900,9331,1,Petrol,6
42900,91956,9,Petrol,6
185000,73012,7,Petrol,8
51900,203891,11,Petrol,6
48900,174410,10,Petrol,6
120900,130878,6,Petrol,6
53000,132150,9,Petrol,6
54900,168810,8,Petrol,6
201900,35901,2,Petrol,4
100000,155690,9,Petrol,6
359000,19154,2,Petrol,6
34500,149951,8,Petrol,6
247500,33693,5,Petrol,6
118900,121138,6,Petrol,4
185900,57752,8,Petrol,6
53900,62300,5,Petrol,4
144900,78158,6,Petrol,6
126900,97455,8,Petrol,6
90900,183186,10,Petrol,6
450900,23577,5,Petrol,8
37900,224598,9,Petrol,6
171500,28872,3,Petrol,4
43900,194416,9,Petrol,6
71900,142053,9,Petrol,6
36000,109040,7,Petrol,4
100000,39167,2,Petrol,4
187000,49248,3,Petrol,4
127900,136450,7,Petrol,6
35900,101580,10,Petrol,4
190000,126994,5,Petrol,8
300000,29633,4,Petrol,8
52900,234448,8,Petrol,6
126900,142723,8,Petrol,6
85000,114009,4,Petrol,6
81900,53799,5,Petrol,4
127000,78564,2,Petrol,6
275000,83874,5,Petrol,8
106900,103437,7,Petrol,8
72900,161807,8,Petrol,6
55900,234002,9,Petrol,8
110000,120798,4,Petrol,8
75000,206910,8,Petrol,6
245900,54468,3,Petrol,4
81500,16645,1,Petrol,4
85000,114394,6,Petrol,4
153900,79361,11,Petrol,8
52900,87729,4,Petrol,4
43900,173312,7,Petrol,4
46500,121638,7,Petrol,3
61000,157493,6,Petrol,4
44000,120833,9,Petrol,4
129000,24983,3,Petrol,4
57000,106585,8,Petrol,4
118900,45607,4,Petrol,4
266900,83655,6,Petrol,8
110000,229618,8,Petrol,8
55000,110483,6,Petrol,4
78000,77966,8,Petrol,5
42900,160299,10,Petrol,8
99900,88830,7,Petrol,6
171500,100652,7,Petrol,8
66900,189603,6,Petrol,6
55500,158169,10,Petrol,6
107400,41053,3,Petrol,4
81900,117346,5,Petrol,4
209900,114654,5,Petrol,6
159000,89216,6,Petrol,8
105000,95203,7,Petrol,4
106900,20900,1,Petrol,4
110000,250164,9,Petrol,8
225000,4081,1,Petrol,4
46000,21224,1,Petrol,4
83000,117442,8,Petrol,4
78900,98919,9,Petrol,8
135900,112158,8,Petrol,6
125000,69696,4,Petrol,6
25900,238592,10,Petrol,6
211900,59135,8,Petrol,8
18000,244378,12,Petrol,4
189000,145606,3,Petrol,6
156000,50696,5,Petrol,4
27900,48056,4,Petrol,4
69999,174532,6,Petrol,4
51000,177200,9,Petrol,6
94000,167662,8,Petrol,4
72900,34000,8,Petrol,6
120900,38580,5,Petrol,4
193000,16776,2,Petrol,4
32000,146243,11,Petrol,4
97000,123595,5,Petrol,6
54000,172836,11,Petrol,6
97000,150437,5,Petrol,6
165000,52423,4,Petrol,4
237900,15513,2,Petrol,8
38900,173854,12,Petrol,6
45000,217181,10,Petrol,8
41900,155011,9,Petrol,4
269000,29374,3,Petrol,6
320000,1223,1,Petrol,6
57000,81139,11,Petrol,6
95000,10489,1,Petrol,4
239900,30676,2,Petrol,8
78000,137622,7,Petrol,6
92900,209902,9,Petrol,8
39000,79,1,Petrol,4
39000,78,1,Petrol,4
204000,76251,5,Petrol,6
78900,134419,10,Petrol,8
40900,162764,9,Petrol,4
829000,11580,2,Petrol,8
196900,59815,3,Petrol,4
46000,172702,7,Petrol,6
119900,95598,7,Petrol,4
190000,36934,8,Petrol,8
137800,21946,2,Petrol,4
75900,69857,8,Petrol,4
51000,111378,7,Petrol,4
103000,43004,4,Petrol,4
155900,55610,3,Petrol,8
120000,144886,6,Petrol,6
72900,102529,7,Petrol,6
27500,92796,5,Petrol,3
85900,100085,6,Petrol,4
85000,149497,5,Petrol,4
68000,65123,5,Petrol,4
120000,194009,9,Petrol,8
122000,29991,2,Petrol,4
70000,58730,4,Petrol,4
76900,156547,8,Petrol,6
187900,132275,4,Petrol,4
131000,38533,2,Petrol,6
101000,126965,4,Petrol,4
42900,91956,9,Petrol,6
185000,73012,7,Petrol,8
51900,203891,11,Petrol,6
48900,174410,10,Petrol,6
120900,130878,6,Petrol,6
53000,132150,9,Petrol,6
395000,4850,1,Petrol,6
54900,168810,8,Petrol,6
201900,35901,2,Petrol,4
100000,155690,9,Petrol,6
359000,19154,2,Petrol,6
34500,149951,8,Petrol,6
247500,33693,5,Petrol,6
118900,121138,6,Petrol,4
185900,57752,8,Petrol,6
53900,62300,5,Petrol,4
144900,78158,6,Petrol,6
126900,97455,8,Petrol,6
90900,183186,10,Petrol,6
450900,23577,5,Petrol,8
37900,224598,9,Petrol,6
171500,28872,3,Petrol,4
43900,194416,9,Petrol,6
71900,142053,9,Petrol,6
36000,109040,7,Petrol,4
98000,49435,2,Petrol,4
266900,100693,5,Petrol,6
75000,175113,9,Petrol,8
352900,40932,5,Petrol,6
124900,106754,8,Petrol,6
122900,123300,9,Petrol,8
336500,75846,2,Petrol,6
36900,199544,10,Petrol,8
205000,30,2,Electric,0
74000,64412,4,Hybrid,4
119000,100504,9,Petrol,6
90000,119214,7,Petrol,4
118000,116413,9,Petrol,6
82000,32576,2,Petrol,4
55900,113902,6,Petrol,4
30900,177472,8,Petrol,4
65500,72095,6,Petrol,4
156900,184481,10,Petrol,12
387900,142852,9,Petrol,12
81000,110498,9,Petrol,8
265000,44689,5,Petrol,6
242000,50762,6,Petrol,4
61900,49513,7,Petrol,6
211900,134019,7,Petrol,8
283000,24091,5,Petrol,8
211900,134019,7,Petrol,8
283000,24091,5,Petrol,8
101900,101187,8,Petrol,6
269000,41653,4,Petrol,6
107000,77208,5,Petrol,4
115000,59945,3,Petrol,4
178000,16487,2,Petrol,6
77000,147351,10,Petrol,8
102900,48800,4,Petrol,6
95000,129676,7,Petrol,4
82000,33248,1,Petrol,4
59900,202246,9,Petrol,8
74900,123981,7,Petrol,6
169000,32467,2,Petrol,4
97900,12622,1,Petrol,4
86900,74833,6,Petrol,4
140900,111595,6,Petrol,6
93900,75928,5,Petrol,6
44900,155305,8,Petrol,4
77000,73369,5,Petrol,4
71000,95001,8,Petrol,8
210900,82190,8,Petrol,8
90000,101872,6,Petrol,6
93900,140112,8,Petrol,6
39000,43,1,Petrol,4
97900,115769,5,Petrol,4
95000,211720,9,Petrol,8
158499,36000,3,Petrol,6
36100,204507,9,Petrol,6
322900,17097,2,Petrol,4
110000,117078,9,Petrol,6
48900,30917,2,Petrol,4
90000,114924,7,Petrol,6
400900,25943,1,Electric,0
60000,192456,8,Petrol,4
99000,172000,8,Petrol,6
40000,249081,10,Petrol,8
50000,101232,8,Petrol,4
127900,97019,7,Petrol,6
98900,136552,8,Petrol,4
67000,131332,4,Petrol,6
105000,67965,8,Petrol,6
300000,59771,3,Petrol,6
55000,133142,5,Petrol,4
280000,28083,3,Petrol,4
60000,115800,5,Petrol,3
135000,90364,8,Petrol,8
120000,80696,5,Petrol,6
60000,92346,8,Petrol,4
97900,113711,8,Petrol,6
320000,1223,1,Petrol,6
57000,81139,11,Petrol,6
95000,10489,1,Petrol,4
239900,30676,2,Petrol,8
78000,137622,7,Petrol,6
92900,209902,9,Petrol,8
39000,79,1,Petrol,4
39000,78,1,Petrol,4
204000,76251,5,Petrol,6
78900,134419,10,Petrol,8
40900,162764,9,Petrol,4
829000,11580,2,Petrol,8
196900,59815,3,Petrol,4
46000,172702,7,Petrol,6
119900,95598,7,Petrol,4
190000,36934,8,Petrol,8
137800,21946,2,Petrol,4
75900,69857,8,Petrol,4
51000,111378,7,Petrol,4
103000,43004,4,Petrol,4
155900,55610,3,Petrol,8
120000,144886,6,Petrol,6
72900,102529,7,Petrol,6
27500,92796,5,Petrol,3
85900,100085,6,Petrol,4
140000,91630,5,Petrol,4
102900,111372,4,Petrol,4
110900,39694,1,Petrol,4
68000,9052,1,Petrol,3
53000,118550,6,Petrol,4
85000,74814,9,Petrol,4
164000,155178,8,Petrol,8
70000,92482,4,Petrol,4
44500,180932,9,Petrol,6
340900,39487,1,Petrol,6
43000,154923,6,Petrol,4
283900,64761,5,Petrol,6
259000,87188,4,Petrol,6
120000,82175,7,Petrol,6
39000,67968,4,Petrol,4
115000,21123,2,Petrol,4
63000,50365,4,Petrol,4
48000,168001,9,Petrol,6
38100,190578,10,Petrol,4
89999,10848,2,Petrol,4
154000,33537,4,Petrol,6
79900,169994,7,Petrol,4
42100,171716,9,Petrol,6
67900,15005,1,Petrol,4
122000,64051,5,Petrol,4
188000,97372,6,Petrol,6
116900,74079,7,Petrol,4
44000,154500,8,Petrol,6
137000,53000,8,Petrol,8
46900,102312,9,Petrol,4
81900,87204,6,Petrol,6
93000,35208,4,Petrol,6
91000,205121,9,Petrol,8
50000,116042,12,Petrol,8
80000,85220,8,Petrol,6
95000,125887,9,Petrol,8
120000,152144,9,Petrol,8
78500,153000,8,Petrol,6
305000,30252,8,Petrol,8
139000,29903,2,Petrol,4
99900,186976,9,Petrol,6
151900,120230,8,Petrol,8
119999,214888,8,Petrol,8
45000,85361,10,Petrol,4
100000,85090,6,Petrol,6
56500,92500,8,Hybrid,4
37000,74000,8,Petrol,6
422900,41905,7,Petrol,12
28000,194994,11,Petrol,6
177000,21190,2,Petrol,6
65500,72095,6,Petrol,4
156900,184481,10,Petrol,12
387900,142852,9,Petrol,12
81000,110498,9,Petrol,8
265000,44689,5,Petrol,6
242000,50762,6,Petrol,4
61900,49513,7,Petrol,6
211900,134019,7,Petrol,8
283000,24091,5,Petrol,8
101900,101187,8,Petrol,6
269000,41653,4,Petrol,6
107000,77208,5,Petrol,4
115000,59945,3,Petrol,4
178000,16487,2,Petrol,6
77000,147351,10,Petrol,8
102900,48800,4,Petrol,6
95000,129676,7,Petrol,4
82000,33248,1,Petrol,4
59900,202246,9,Petrol,8
74900,123981,7,Petrol,6
169000,32467,2,Petrol,4
97900,12622,1,Petrol,4
86900,74833,6,Petrol,4
140900,111595,6,Petrol,6
93900,75928,5,Petrol,6
44900,155305,8,Petrol,4
77000,73369,5,Petrol,4
71000,95001,8,Petrol,8
210900,82190,8,Petrol,8
90000,101872,6,Petrol,6
93900,140112,8,Petrol,6
39000,43,1,Petrol,4
97900,115769,5,Petrol,4
95000,211720,9,Petrol,8
158499,36000,3,Petrol,6
36100,204507,9,Petrol,6
322900,17097,2,Petrol,4
110000,117078,9,Petrol,6
48900,30917,2,Petrol,4
90000,114924,7,Petrol,6
400900,25943,1,Electric,0
60000,192456,8,Petrol,4
99000,172000,8,Petrol,6
40000,249081,10,Petrol,8
50000,101232,8,Petrol,4
127900,97019,7,Petrol,6
98900,136552,8,Petrol,4
67000,131332,4,Petrol,6
105000,67965,8,Petrol,6
300000,59771,3,Petrol,6
162900,19862,1,Petrol,4
47000,99610,8,Petrol,4
86000,166671,10,Petrol,8
193000,123450,11,Petrol,6
34900,160710,11,Petrol,4
75000,133952,7,Petrol,6
140000,91630,5,Petrol,4
102900,111372,4,Petrol,4
110900,39694,1,Petrol,4
68000,9052,1,Petrol,3
53000,118550,6,Petrol,4
85000,74814,9,Petrol,4
164000,155178,8,Petrol,8
70000,92482,4,Petrol,4
44500,180932,9,Petrol,6
340900,39487,1,Petrol,6
43000,154923,6,Petrol,4
283900,64761,5,Petrol,6
259000,87188,4,Petrol,6
120000,82175,7,Petrol,6
39000,67968,4,Petrol,4
115000,21123,2,Petrol,4
63000,50365,4,Petrol,4
48000,168001,9,Petrol,6
38100,190578,10,Petrol,4
270000,50000,3,Petrol,6
365000,18700,1,Petrol,6
1075,5000,2,Petrol,8
289000,400,1,Petrol,6
199000,140000,12,Petrol,6
48000,140000,8,Petrol,6
46000,131000,14,Petrol,6
34000,131000,7,Petrol,4
64500,133000,8,Petrol,4
99000,40000,4,Petrol,5
109000,112000,9,Petrol,8
179000,0,0,Petrol,6
25000,107000,11,Petrol,4
54000,136109,8,Petrol,6
22000,135000,18,Petrol,8
179900,109854,5,Petrol,4
56000,154000,10,Petrol,8
14500,187994,16,Petrol,4
85000,100258,4,Petrol,4
27500,118000,6,Petrol,4
109000,18000,2,Petrol,4
369000,9277,1,Petrol,6
172000,60000,3,Petrol,6
96000,150000,5,Petrol,8
119000,55000,3,Petrol,4
97000,107000,4,Petrol,4
69999,141159,12,Petrol,8
287000,29000,2,Petrol,8
19000,192000,8,Petrol,4
10700,252278,16,Petrol,4
55000,12000,0,Petrol,4
114000,39102,4,Petrol,4
59000,146200,8,Petrol,4
70995,45600,4,Petrol,4
68000,73000,3,Petrol,4
250000,69442,6,Petrol,6
49500,189606,9,Petrol,6
175000,38832,3,Petrol,4
74500,74000,6,Petrol,4
17500,160132,8,Petrol,4
52500,129121,7,Petrol,6
23500,123425,10,Petrol,4
38000,81169,9,Petrol,4
279000,3500,3,Electric,0
85000,42027,2,Petrol,4
81000,0,0,Petrol,4
64000,0,1,Diesel,4
72000,126533,6,Petrol,8
24500,96000,5,Petrol,4
45000,85361,10,Petrol,4
100000,85090,6,Petrol,6
56500,92500,8,Hybrid,4
37000,74000,8,Petrol,6
422900,41905,7,Petrol,12
28000,194994,11,Petrol,6
177000,21190,2,Petrol,6
115000,34928,3,Petrol,4
235000,167033,6,Petrol,8
114900,133016,9,Petrol,8
337900,36531,2,Petrol,8
451900,62793,5,Petrol,8
179999,103950,5,Petrol,6
113000,59000,3,Petrol,4
66900,222111,11,Petrol,8
63000,170911,6,Petrol,6
67000,206017,10,Petrol,8
56000,190155,9,Petrol,6
54900,150000,7,Petrol,4
325000,32926,4,Hybrid,6
47000,121756,9,Petrol,6
100000,138362,8,Petrol,8
275000,67792,3,Petrol,6
215000,41243,2,Petrol,8
155000,117016,6,Petrol,8
63000,140914,9,Petrol,6
170900,97827,4,Petrol,8
44900,164284,9,Petrol,4
150900,18211,3,Petrol,4
88000,166000,8,Petrol,8
80900,70204,4,Petrol,4
104000,21255,2,Petrol,4
87900,109749,6,Petrol,4
33000,212575,12,Petrol,4
140000,165189,9,Petrol,8
239900,153957,6,Petrol,8
145500,115252,7,Petrol,6
172500,44514,3,Petrol,4
169000,114565,10,Petrol,12
74900,85875,4,Petrol,4
143500,63597,4,Petrol,4
36000,178964,9,Petrol,3
71500,145971,8,Petrol,6
49900,239051,7,Petrol,6
41000,162909,8,Petrol,6
44900,150365,8,Petrol,4
95900,55000,6,Petrol,6
91650,18204,1,Petrol,4
73125,130366,6,Petrol,4
209900,98487,4,Petrol,8
145000,53483,4,Petrol,4
23000,127000,8,Petrol,4
32000,180000,13,Petrol,6
45500,149000,6,Petrol,4
60000,140000,17,Petrol,6
514990,77000,7,Petrol,12
139990,83000,11,Petrol,8
109990,25000,4,Petrol,6
389990,51000,7,Petrol,8
199990,97000,17,Petrol,6
79990,107000,8,Petrol,4
259990,37000,14,Petrol,10
289990,65000,17,Petrol,8
149990,73000,8,Petrol,6
159990,56000,4,Petrol,4
134990,42000,3,Petrol,4
199990,77000,6,Petrol,4
124990,11000,1,Petrol,4
184990,51000,2,Petrol,6
124990,81000,5,Petrol,4
89000,98000,4,Petrol,8
38000,87000,4,Petrol,4
59000,85000,11,Petrol,6
99000,112100,9,Petrol,6
59000,101800,11,Petrol,6
2675,0,1,Petrol,8
57000,90000,9,Petrol,4
74500,54000,6,Petrol,4
12900,103525,11,Petrol,4
17000,137000,14,Petrol,6
27000,215000,8,Petrol,4
549000,37000,1,Petrol,8
159000,89000,6,Petrol,4
32000,116000,12,Petrol,6
47000,96000,8,Petrol,6
109750,112000,5,Petrol,4
179000,3000,3,Petrol,4
139000,139000,8,Petrol,8
149000,53000,4,Petrol,4
159000,38000,7,Petrol,6
475000,2000,1,Petrol,8
385000,0,1,Petrol,6
369000,34000,3,Petrol,8
849000,0,1,Petrol,8
26000,280000,13,Petrol,6
67000,205000,8,Petrol,6
28000,155000,9,Petrol,4
39000,290000,11,Petrol,4
675000,70000,7,Petrol,12
105000,130000,4,Petrol,8
79000,51000,8,Petrol,6
72999,181000,11,Petrol,6
50000,160000,10,Petrol,8
9000,197900,15,Petrol,6
24000,189000,12,Petrol,4
65000,49000,14,Petrol,8
53500,51500,2,Petrol,4
111000,106000,5,Petrol,6
22500,149000,11,Petrol,6
66000,86500,7,Petrol,4
209500,17678,1,Petrol,4
39999,142000,9,Petrol,6
169750,104000,7,Petrol,8
76000,303000,10,Petrol,8
97000,245000,7,Petrol,8
78000,149250,7,Petrol,4
298000,53000,3,Petrol,6
71000,82000,9,Petrol,8
359999,11300,1,Petrol,6
480999,0,0,Petrol,8
274999,0,1,Petrol,6
379999,0,1,Petrol,6
239999,0,1,Petrol,6
33000,164000,12,Petrol,4
469000,93000,9,Petrol,12
53000,145000,10,Petrol,8
700000,10000,8,Petrol,12
289000,0,0,Petrol,6
55000,215000,12,Petrol,6
177000,205000,11,Petrol,8
399000,0,0,Petrol,4
89000,74000,4,Petrol,6
19500,92000,9,Petrol,4
49500,107000,7,Petrol,4
43000,34000,3,Petrol,4
179000,159000,8,Petrol,8
114999,78000,7,Petrol,6
42000,119000,10,Petrol,4
599990,43000,7,Petrol,12
169900,49889,2,Petrol,4
269900,8773,1,Petrol,4
269900,13202,1,Petrol,4
339900,12028,2,Electric,0
289900,2232,1,Petrol,4
489900,2500,0,Petrol,6
269900,958,1,Petrol,0
359900,4863,1,Electric,0
118000,82000,4,Hybrid,6
265000,35000,4,Petrol,6
407000,500,1,Petrol,6
74000,65453,5,Petrol,4
37000,210000,10,Petrol,6
37000,72200,5,Petrol,6
289000,58000,3,Petrol,6
889000,56472,38,Petrol,12
949999,121454,25,Petrol,6
949999,137488,25,Petrol,6
1899,3070,2,Petrol,12
1299,1154,16,Petrol,8
2099,6429,3,Petrol,8
1130,0,0,Petrol,8
2325,0,1,Petrol,12
699999,15599,45,Petrol,8
660000,53763,5,Petrol,8
1849,49755,58,Petrol,12
1590,99997,60,Petrol,8
599999,35300,58,Petrol,8
799999,43200,56,Petrol,8
1500,669,7,Petrol,8
849999,0,2,Petrol,6
730000,49187,4,Petrol,8
1320,4141,1,Petrol,8
2599,0,15,Petrol,8
2275,0,0,Petrol,8
1999,5183,3,Petrol,8
49000,85484,7,Petrol,6
75000,65484,5,Petrol,8
74000,65453,5,Petrol,4
37000,210000,10,Petrol,6
37000,72200,5,Petrol,6
289000,58000,3,Petrol,6
889000,56472,38,Petrol,12
949999,121454,25,Petrol,6
949999,137488,25,Petrol,6
1899,3070,2,Petrol,12
1299,1154,16,Petrol,8
2099,6429,3,Petrol,8
1130,0,0,Petrol,8
2325,0,1,Petrol,12
699999,15599,45,Petrol,8
660000,53763,5,Petrol,8
1849,49755,58,Petrol,12
1590,99997,60,Petrol,8
599999,35300,58,Petrol,8
799999,43200,56,Petrol,8
1500,669,7,Petrol,8
849999,0,2,Petrol,6
730000,49187,4,Petrol,8
1320,4141,1,Petrol,8
2599,0,15,Petrol,8
849000,0,1,Petrol,8
26000,280000,13,Petrol,6
67000,205000,8,Petrol,6
28000,155000,9,Petrol,4
39000,290000,11,Petrol,4
675000,70000,7,Petrol,12
105000,130000,4,Petrol,8
79000,51000,8,Petrol,6
72999,181000,11,Petrol,6
50000,160000,10,Petrol,8
9000,197900,15,Petrol,6
24000,189000,12,Petrol,4
65000,49000,14,Petrol,8
53500,51500,2,Petrol,4
111000,106000,5,Petrol,6
22500,149000,11,Petrol,6
66000,86500,7,Petrol,4
209500,17678,1,Petrol,4
39999,142000,9,Petrol,6
169750,104000,7,Petrol,8
76000,303000,10,Petrol,8
97000,245000,7,Petrol,8
78000,149250,7,Petrol,4
298000,53000,3,Petrol,6
71000,82000,9,Petrol,8
62000,95000,11,Petrol,6
60000,138000,13,Petrol,8
79000,130000,6,Petrol,4
42000,155000,9,Petrol,6
36000,105000,9,Petrol,4
55000,241000,14,Petrol,6
79000,81000,6,Petrol,4
59000,141000,9,Petrol,6
95000,111000,5,Petrol,4
99000,104000,6,Petrol,4
135000,79000,5,Petrol,4
87000,54000,5,Petrol,4
135000,41000,7,Petrol,6
53000,158000,6,Petrol,6
77000,105000,5,Petrol,4
52999,94495,8,Petrol,4
35500,145980,4,Petrol,4
35000,69000,7,Petrol,4
108000,114000,6,Petrol,4
125000,110850,8,Petrol,6
18500,152000,15,Petrol,8
54000,72000,4,Petrol,5
227000,57000,2,Petrol,4
330000,18000,2,Petrol,4
625000,80000,2,Petrol,8
71000,82000,9,Petrol,8
359999,11300,1,Petrol,6
480999,0,0,Petrol,8
274999,0,1,Petrol,6
379999,0,1,Petrol,6
239999,0,1,Petrol,6
33000,164000,12,Petrol,4
469000,93000,9,Petrol,12
53000,145000,10,Petrol,8
700000,10000,8,Petrol,12
289000,0,0,Petrol,6
55000,215000,12,Petrol,6
177000,205000,11,Petrol,8
399000,0,0,Petrol,4
89000,74000,4,Petrol,6
19500,92000,9,Petrol,4
49500,107000,7,Petrol,4
43000,34000,3,Petrol,4
179000,159000,8,Petrol,8
114999,78000,7,Petrol,6
42000,119000,10,Petrol,4
599990,43000,7,Petrol,12
169900,49889,2,Petrol,4
269900,8773,1,Petrol,4
269900,13202,1,Petrol,4
339900,12028,2,Electric,0
289900,2232,1,Petrol,4
489900,2500,0,Petrol,6
269900,958,1,Petrol,0
359900,4863,1,Electric,0
118000,82000,4,Hybrid,6
265000,35000,4,Petrol,6
407000,500,1,Petrol,6
335000,500,1,Electric,0
277500,500,0,Petrol,4
155000,2000,0,Petrol,4
170000,500,0,Petrol,4
445000,500,1,Electric,0
12500,434503,15,Petrol,6
79000,267000,10,Petrol,8
559000,158,4,Petrol,8
279000,82000,11,Petrol,8
120000,100500,3,Petrol,4
510000,86000,6,Petrol,8
139000,126000,6,Petrol,8
121000,85000,5,Petrol,4
55000,52000,4,Petrol,4
649900,3324,2,Petrol,8
429750,22000,2,Petrol,6
66500,129000,4,Petrol,6
213000,63000,4,Petrol,4
93000,90500,10,Petrol,8
1699,11000,3,Hybrid,8
179000,26000,2,Petrol,6
269000,0,0,Petrol,6
230000,13500,1,Petrol,6
2350,400,1,Petrol,12
1599,25000,3,Petrol,12
1990,3000,1,Petrol,12
790000,0,7,Petrol,8
1150,19000,7,Petrol,12
2490,300,1,Petrol,12
749000,63000,7,Petrol,12
1050,19000,7,Petrol,12
2590,500,1,Petrol,12
849000,34000,5,Petrol,12
1790,500,1,Petrol,12
51500,111000,5,Petrol,4
29300,0,1,Petrol,3
179000,144000,9,Petrol,8
229000,0,0,Petrol,4
70000,124367,4,Petrol,6
1790,6000,3,Petrol,12
149000,123000,8,Petrol,8
829000,100,1,Petrol,8
1120,27000,7,Petrol,12
173000,49000,2,Petrol,4
14900,203123,15,Petrol,6
825000,13000,5,Petrol,6
879000,100,1,Petrol,6
799000,15000,2,Petrol,6
499000,500,0,Petrol,8
799000,48000,5,Petrol,8
699000,8000,2,Petrol,8
1090,22000,2,Petrol,8
929000,17000,6,Petrol,10
965000,2000,4,Petrol,10
1990,900,2,Petrol,8
1250,600,2,Petrol,8
765000,4000,4,Petrol,12
2290,1000,1,Petrol,8
58000,134000,4,Petrol,4
1590,100,1,Petrol,8
415000,18000,2,Petrol,8
359000,17000,8,Petrol,8
679000,15000,5,Petrol,12
429000,36000,7,Petrol,12
165000,65405,10,Petrol,8
229000,41500,5,Petrol,6
499000,12000,2,Petrol,8
65000,105000,9,Petrol,6
75000,137734,9,Petrol,6
285000,2582,1,Petrol,6
225000,43,1,Petrol,6
168000,9597,2,Petrol,6
76900,88820,6,Petrol,4
42500,120000,10,Petrol,6
22500,110000,8,Petrol,4
76000,350000,10,Petrol,6
75000,166000,11,Petrol,8
10900,180000,16,Petrol,6
27000,143000,12,Petrol,4
55000,22000,2,Petrol,4
18000,150000,13,Petrol,4
85000,66000,3,Petrol,6
269000,46000,9,Petrol,12
24000,135260,13,Petrol,6
233000,33000,6,Petrol,8
48500,173000,8,Petrol,4
55000,87000,7,Petrol,6
949000,5700,0,Petrol,8
46500,78000,10,Petrol,4
69000,120000,8,Petrol,4
65000,121000,8,Petrol,4
95000,26500,6,Petrol,4
165000,94000,7,Petrol,8
175000,75000,8,Petrol,8
175000,21000,5,Petrol,4
115000,70000,9,Petrol,8
335000,45000,5,Petrol,6
210000,25000,5,Petrol,8
185000,48000,11,Petrol,8
235000,42000,9,Petrol,8
43500,95000,13,Petrol,6
232000,27000,6,Petrol,8
67500,71000,11,Petrol,8
72500,120000,10,Petrol,6
69500,86000,10,Petrol,6
225000,51000,7,Petrol,8
79000,80000,6,Petrol,4
50000,155000,10,Petrol,6
132000,106000,11,Petrol,6
28999,128705,12,Petrol,4
209000,16167,1,Petrol,4
158000,0,1,Petrol,6
59000,45000,3,Petrol,4
320000,20000,1,Petrol,6
123000,42000,3,Petrol,4
200000,58000,6,Petrol,4
215000,96000,5,Petrol,6
205000,25000,2,Electric,0
93000,136000,7,Petrol,8
48000,93500,9,Petrol,4
17500,206525,14,Petrol,6
23000,180000,17,Petrol,6
15500,134000,15,Petrol,6
213000,63000,4,Petrol,4
93000,90500,10,Petrol,8
1699,11000,3,Hybrid,8
179000,26000,2,Petrol,6
269000,0,0,Petrol,6
230000,13500,1,Petrol,6
2350,400,1,Petrol,12
1599,25000,3,Petrol,12
1990,3000,1,Petrol,12
790000,0,7,Petrol,8
1150,19000,7,Petrol,12
2490,300,1,Petrol,12
749000,63000,7,Petrol,12
1050,19000,7,Petrol,12
2590,500,1,Petrol,12
849000,34000,5,Petrol,12
1790,500,1,Petrol,12
51500,111000,5,Petrol,4
29300,0,1,Petrol,3
179000,144000,9,Petrol,8
229000,0,0,Petrol,4
70000,124367,4,Petrol,6
1790,6000,3,Petrol,12
149000,123000,8,Petrol,8
829000,100,1,Petrol,8
1120,27000,7,Petrol,12
173000,49000,2,Petrol,4
14900,203123,15,Petrol,6
825000,13000,5,Petrol,6
879000,100,1,Petrol,6
799000,15000,2,Petrol,6
499000,500,0,Petrol,8
799000,48000,5,Petrol,8
699000,8000,2,Petrol,8
1090,22000,2,Petrol,8
929000,17000,6,Petrol,10
965000,2000,4,Petrol,10
1990,900,2,Petrol,8
1250,600,2,Petrol,8
765000,4000,4,Petrol,12
2290,1000,1,Petrol,8
58000,134000,4,Petrol,4
1590,100,1,Petrol,8
415000,18000,2,Petrol,8
25000,122000,11,Petrol,6
830000,30000,2,Petrol,8
28000,174000,9,Petrol,6
209900,487,0,Petrol,4
108000,182000,9,Petrol,6
235000,17000,1,Petrol,4
595000,3000,1,Petrol,8
899000,0,1,Petrol,8
202000,36000,1,Petrol,4
115000,54000,3,Petrol,4
81000,98097,6,Petrol,6
469999,23,1,Petrol,6
429999,22,1,Petrol,6
48500,56682,14,Petrol,6
25000,228000,12,Petrol,4
39800,176323,8,Petrol,4
224999,24000,3,Petrol,8
109990,52000,6,Petrol,5
59990,75000,8,Petrol,4
319990,5000,2,Petrol,6
74990,102000,10,Petrol,8
299990,57000,6,Petrol,4
769990,25,2,Petrol,8
169990,57000,4,Petrol,4
159990,46000,5,Petrol,6
359000,17000,8,Petrol,8
679000,15000,5,Petrol,12
429000,36000,7,Petrol,12
165000,65405,10,Petrol,8
229000,41500,5,Petrol,6
499000,12000,2,Petrol,8
65000,105000,9,Petrol,6
75000,137734,9,Petrol,6
285000,2582,1,Petrol,6
225000,43,1,Petrol,6
168000,9597,2,Petrol,6
76900,88820,6,Petrol,4
42500,120000,10,Petrol,6
22500,110000,8,Petrol,4
76000,350000,10,Petrol,6
75000,166000,11,Petrol,8
10900,180000,16,Petrol,6
27000,143000,12,Petrol,4
55000,22000,2,Petrol,4
18000,150000,13,Petrol,4
85000,66000,3,Petrol,6
269000,46000,9,Petrol,12
24000,135260,13,Petrol,6
233000,33000,6,Petrol,8
48500,173000,8,Petrol,4
350000,120000,7,Petrol,12
69000,100305,6,Petrol,4
668000,24365,5,Petrol,12
1448,0,1,Petrol,8
1398,0,1,Petrol,8
1098,0,2,Petrol,8
55000,170000,9,Petrol,8
678000,0,1,Petrol,8
169000,53000,5,Petrol,8
36500,168000,10,Petrol,6
1848,1080,3,Petrol,8
136500,8000,1,Petrol,4
798000,0,1,Petrol,8
2598,0,2,Petrol,8
798000,33000,2,Petrol,8
148000,104000,7,Petrol,8
498000,29705,1,Petrol,6
328000,15000,4,Petrol,6
292000,18000,4,Petrol,8
89900,25000,2,Diesel,4
15000,285000,13,Petrol,4
1500,11000,2,Petrol,8
1430,18826,2,Petrol,12
249000,53900,10,Petrol,12
1250,35000,8,Petrol,12
345000,0,2,Electric,0
475000,493,1,Petrol,0
635000,71713,4,Petrol,8
700000,28000,13,Petrol,12
1899,1500,4,Petrol,6
3900,8229,6,Petrol,8
1250,3000,1,Petrol,6
1450,16000,3,Petrol,12
1555,1500,2,Petrol,10
1850,600,1,Petrol,8
295000,38470,5,Petrol,8
590000,0,1,Petrol,4
235000,65000,5,Petrol,6
129000,64000,6,Petrol,6
325000,0,3,Petrol,8
730000,0,0,Electric,0
699000,0,1,Electric,0
1050,39000,12,Petrol,8
149900,56000,5,Petrol,6
99999,105000,12,Petrol,6
65000,134000,7,Petrol,6
49000,179000,6,Petrol,4
58000,121000,6,Petrol,4
94000,102000,7,Petrol,6
26000,68000,8,Petrol,4
81000,106600,12,Petrol,8
149000,8,1,Petrol,6
95000,14,1,Petrol,4
95000,17,1,Petrol,4
45000,68000,4,Petrol,4
49900,61000,2,Petrol,4
56900,89000,5,Petrol,4
46000,45852,2,Petrol,4
46000,45852,2,Petrol,4
55000,83168,6,Petrol,4
92000,30122,1,Petrol,4
46000,50591,2,Petrol,4
46000,42318,2,Petrol,4
98000,62000,6,Petrol,4
95000,17,1,Petrol,4
529000,22893,1,Petrol,4
16000,250000,9,Petrol,4
59000,72602,2,Petrol,4
289000,18941,1,Petrol,8
310000,13755,1,Petrol,8
259000,13500,2,Petrol,8
190000,51419,1,Petrol,6
95000,77393,5,Petrol,6
135000,47,2,Petrol,6
129000,9912,1,Petrol,6
103000,13917,1,Petrol,4
89000,10012,1,Petrol,4
95000,14,1,Petrol,4
107000,105000,7,Petrol,6
169000,137000,4,Petrol,8
84000,120000,4,Petrol,6
239000,0,1,Petrol,4
189000,0,0,Petrol,4
189000,0,0,Petrol,4
845000,51000,7,Petrol,12
1325,3000,1,Petrol,10
575000,72000,5,Petrol,12
1495,4000,1,Petrol,12
995000,6000,1,Petrol,8
1250,10000,1,Petrol,12
1795,25000,4,Petrol,8
549000,28000,10,Petrol,12
399000,57000,3,Petrol,8
1595,11000,2,Petrol,12
18200,180000,14,Petrol,4
525000,26000,2,Petrol,6
345000,67000,4,Petrol,8
1345,23000,2,Petrol,8
995000,31000,2,Petrol,8
899000,3000,3,Petrol,8
849000,60,1,Petrol,8
21500,162000,8,Petrol,4
23500,179000,8,Petrol,4
25000,195000,13,Petrol,4
67000,9402,1,Petrol,4
17500,250000,16,Petrol,0
108000,107000,9,Petrol,6
33000,286858,9,Petrol,4
42500,206350,6,Petrol,4
515000,2000,1,Petrol,8
19500,120000,23,Petrol,8
140000,40200,58,Petrol,8
37500,74000,4,Petrol,4
79000,57000,10,Petrol,6
179000,49000,6,Petrol,6
180000,68000,11,Petrol,12
185000,55000,8,Petrol,8
145000,91000,9,Petrol,8
219000,8000,1,Petrol,4
155000,96000,10,Petrol,8
19500,257300,8,Petrol,4
210000,54000,8,Petrol,8
44000,98000,16,Petrol,8
389000,37000,3,Petrol,8
499000,4000,1,Petrol,6
619000,32000,3,Petrol,8
189000,25000,2,Petrol,4
289000,37000,4,Petrol,6
24000,89000,19,Petrol,6
24000,105000,19,Petrol,6
309000,32800,1,Petrol,6
80000,79000,13,Petrol,8
309000,2080,0,Petrol,5
229000,5220,1,Petrol,4
359000,19417,2,Petrol,8
125000,35000,9,Petrol,6
49000,77000,13,Petrol,6
30000,70000,17,Petrol,8
39000,87000,15,Petrol,8
200000,24000,3,Petrol,6
44000,53000,16,Petrol,8
200000,41000,7,Petrol,6
49000,104000,20,Petrol,8
179000,84000,7,Petrol,6
110000,131592,7,Petrol,8
24000,81000,17,Petrol,6
58000,96000,13,Petrol,8
225000,27000,6,Petrol,8
33500,75000,18,Petrol,8
280000,0,0,Petrol,4
820000,0,1,Petrol,8
165000,0,2,Petrol,8
290000,0,0,Hybrid,4
310000,0,1,Hybrid,6
380000,0,1,Hybrid,6
190000,0,1,Hybrid,4
165000,0,0,Petrol,6
101000,0,1,Petrol,4
168000,0,0,Petrol,6
230000,0,2,Petrol,6
195000,0,0,Petrol,6
290000,0,2,Diesel,6
205000,0,1,Petrol,6
520000,0,1,Petrol,6
65000,82000,8,Petrol,5
40500,171000,12,Petrol,8
27000,36000,7,Petrol,4
16000,273000,14,Petrol,6
69000,85700,12,Petrol,8
43500,113258,10,Petrol,6
36900,182104,11,Petrol,6
582000,35000,9,Petrol,10
75000,200000,36,Petrol,8
19999,148018,7,Petrol,6
109000,82000,4,Petrol,6
369000,12800,1,Petrol,6
425000,9200,2,Electric,0
113000,7272,1,Petrol,4
17500,160500,9,Petrol,4
55000,97000,6,Petrol,4
59900,34000,2,Petrol,4
29900,130000,9,Petrol,4
25000,180000,6,Petrol,4
18000,165000,13,Petrol,6
39000,130000,10,Petrol,6
370000,23000,1,Petrol,6
720000,0,2,Petrol,8
710000,20000,2,Petrol,8
145000,4126,1,Petrol,6
309000,29077,1,Petrol,6
139000,42617,2,Petrol,6
249000,78878,3,Petrol,6
185000,12139,2,Petrol,4
135000,31855,2,Petrol,8
66500,155016,10,Petrol,8
69000,76070,6,Petrol,4
28000,94980,7,Petrol,4
58000,105339,6,Petrol,4
37000,147252,10,Petrol,6
79000,69772,5,Petrol,4
89000,24318,0,Petrol,4
64000,43535,6,Petrol,4
92000,59201,5,Petrol,4
119000,16602,1,Petrol,4
59000,20151,2,Petrol,4
175000,68965,6,Petrol,8
76000,85589,8,Petrol,4
57900,179586,8,Petrol,6
47000,213716,9,Petrol,4
194900,50890,4,Petrol,6
21500,187834,8,Petrol,4
22500,179653,12,Petrol,6
94500,123262,10,Petrol,8
173000,92661,4,Petrol,4
19900,75424,4,Petrol,4
220000,95897,6,Petrol,6
93000,114178,8,Petrol,8
82000,87097,6,Petrol,6
225000,52141,3,Petrol,4
46500,112307,9,Petrol,4
57900,11646,1,Petrol,4
39000,131419,8,Petrol,4
125000,65409,4,Petrol,6
40900,228905,12,Petrol,6
73900,104655,6,Petrol,4
36000,126498,7,Petrol,6
80000,47945,2,Petrol,4
81900,190561,9,Petrol,6
66000,57197,2,Petrol,4
36000,113773,9,Petrol,4
23900,221946,12,Petrol,6
48000,152494,8,Petrol,4
95000,7481,2,Petrol,4
130000,32405,5,Petrol,4
99900,215978,10,Petrol,6
203000,59842,5,Petrol,6
88000,156553,6,Petrol,6
205000,15126,2,Petrol,4
278000,33977,8,Petrol,6
335900,88816,10,Petrol,6
85000,102992,3,Petrol,4
75000,103057,7,Petrol,6
50900,168078,9,Petrol,4
135000,73084,6,Petrol,4
220500,57399,4,Petrol,6
266000,62839,3,Petrol,6
105000,8003,0,Petrol,4
133000,82903,5,Petrol,4
36500,140928,10,Petrol,4
31000,178069,10,Petrol,6
155000,96000,10,Petrol,8
19500,257300,8,Petrol,4
210000,54000,8,Petrol,8
44000,98000,16,Petrol,8
389000,37000,3,Petrol,8
499000,4000,1,Petrol,6
619000,32000,3,Petrol,8
189000,25000,2,Petrol,4
289000,37000,4,Petrol,6
24000,89000,19,Petrol,6
24000,105000,19,Petrol,6
309000,32800,1,Petrol,6
80000,79000,13,Petrol,8
309000,2080,0,Petrol,5
229000,5220,1,Petrol,4
359000,19417,2,Petrol,8
125000,35000,9,Petrol,6
49000,77000,13,Petrol,6
30000,70000,17,Petrol,8
39000,87000,15,Petrol,8
200000,24000,3,Petrol,6
44000,53000,16,Petrol,8
200000,41000,7,Petrol,6
49000,104000,20,Petrol,8
179000,84000,7,Petrol,6
110000,131592,7,Petrol,8
24000,81000,17,Petrol,6
58000,96000,13,Petrol,8
225000,27000,6,Petrol,8
33500,75000,18,Petrol,8
280000,0,0,Petrol,4
820000,0,1,Petrol,8
165000,0,2,Petrol,8
290000,0,0,Hybrid,4
310000,0,1,Hybrid,6
380000,0,1,Hybrid,6
190000,0,1,Hybrid,4
165000,0,0,Petrol,6
101000,0,1,Petrol,4
168000,0,0,Petrol,6
230000,0,2,Petrol,6
195000,0,0,Petrol,6
290000,0,2,Diesel,6
205000,0,1,Petrol,6
520000,0,1,Petrol,6
65000,82000,8,Petrol,5
40500,171000,12,Petrol,8
27000,36000,7,Petrol,4
16000,273000,14,Petrol,6
69000,85700,12,Petrol,8
66500,155016,10,Petrol,8
69000,76070,6,Petrol,4
28000,94980,7,Petrol,4
58000,105339,6,Petrol,4
37000,147252,10,Petrol,6
79000,69772,5,Petrol,4
89000,24318,0,Petrol,4
64000,43535,6,Petrol,4
92000,59201,5,Petrol,4
119000,16602,1,Petrol,4
59000,20151,2,Petrol,4
175000,68965,6,Petrol,8
76000,85589,8,Petrol,4
57900,179586,8,Petrol,6
47000,213716,9,Petrol,4
194900,50890,4,Petrol,6
21500,187834,8,Petrol,4
22500,179653,12,Petrol,6
94500,123262,10,Petrol,8
173000,92661,4,Petrol,4
19900,75424,4,Petrol,4
220000,95897,6,Petrol,6
93000,114178,8,Petrol,8
82000,87097,6,Petrol,6
225000,52141,3,Petrol,4
199000,30000,3,Petrol,6
76000,139335,6,Petrol,4
15000,191000,9,Petrol,4
27000,105102,9,Petrol,4
335000,37000,4,Petrol,8
168000,42000,3,Electric,0
169000,84000,3,Petrol,6
27500,153000,9,Petrol,4
36000,59000,2,Petrol,4
36500,109000,10,Petrol,4
40000,186643,11,Petrol,8
75000,215000,10,Petrol,8
225000,66070,3,Petrol,8
35500,149000,6,Petrol,4
59900,48952,4,Hybrid,4
23000,256000,11,Petrol,4
14000,165000,10,Petrol,0
15000,288000,11,Petrol,4
132000,6000,2,Petrol,6
23000,400000,16,Petrol,8
169999,66000,10,Petrol,6
120000,59000,7,Petrol,4
198000,90000,5,Petrol,6
57000,16500,9,Petrol,6
159000,109000,4,Petrol,6
220500,57399,4,Petrol,6
266000,62839,3,Petrol,6
105000,8003,0,Petrol,4
133000,82903,5,Petrol,4
36500,140928,10,Petrol,4
31000,178069,10,Petrol,6
20000,196601,11,Petrol,6
82500,110421,6,Petrol,4
30000,153080,7,Petrol,4
101900,144573,8,Petrol,6
240000,54961,6,Petrol,6
123000,135288,4,Petrol,6
90000,115948,6,Petrol,6
102000,2604,1,Petrol,4
196000,117402,5,Petrol,6
42000,130687,8,Petrol,4
80000,119423,7,Petrol,6
41900,132441,9,Petrol,4
19000,164727,7,Petrol,4
41900,193564,9,Petrol,4
369000,29200,1,Petrol,6
105900,60923,6,Petrol,4
55000,122474,2,Petrol,4
135000,64511,9,Petrol,6
112000,198885,7,Petrol,6
460000,17000,1,Hybrid,6
35000,159000,13,Petrol,6
45000,110000,9,Petrol,4
11500,402000,16,Petrol,4
600000,26000,1,Petrol,6
310000,137000,5,Petrol,8
129000,167000,11,Petrol,8
15000,112125,4,Petrol,4
850000,3800,14,Petrol,8
89000,61000,3,Electric,0
33000,205587,9,Petrol,6
185000,600,1,Petrol,4
69000,101000,6,Petrol,4
69900,172592,9,Petrol,6
118500,45000,2,Petrol,4
45500,139700,6,Petrol,4
320000,5400,3,Petrol,6
69998,49751,2,Petrol,4
90000,88038,9,Petrol,8
40000,155000,11,Petrol,0
170000,6511,1,Petrol,4
16500,74000,7,Petrol,4
81000,26939,2,Petrol,4
68000,90401,4,Petrol,4
109500,95000,4,Petrol,4
460000,61044,3,Petrol,6
81900,179836,10,Petrol,8
390000,9645,1,Petrol,6
28000,152910,9,Petrol,4
22900,179357,9,Petrol,4
184900,69097,6,Electric,0
103000,60592,6,Petrol,4
71000,164369,7,Petrol,4
83900,149996,7,Petrol,6
154900,67866,4,Petrol,4
101900,161433,8,Petrol,6
115000,93982,4,Petrol,6
37900,155173,11,Petrol,6
49900,87725,10,Petrol,4
656900,3465,1,Petrol,6
23000,256245,10,Petrol,4
21000,238588,11,Petrol,4
187000,22069,3,Petrol,6
32400,147095,10,Petrol,6
65900,120340,9,Petrol,4
75000,53079,5,Petrol,3
885000,3500,0,Petrol,8
88000,31043,2,Petrol,4
48500,84500,4,Petrol,4
67500,149000,6,Petrol,6
84000,80000,9,Petrol,8
73000,157000,6,Petrol,4
26500,156500,7,Petrol,4
235000,23000,2,Petrol,6
26500,259000,13,Petrol,8
18999,200000,12,Petrol,4
199000,30000,3,Petrol,6
76000,139335,6,Petrol,4
15000,191000,9,Petrol,4
27000,105102,9,Petrol,4
335000,37000,4,Petrol,8
168000,42000,3,Electric,0
169000,84000,3,Petrol,6
27500,153000,9,Petrol,4
36000,59000,2,Petrol,4
36500,109000,10,Petrol,4
40000,186643,11,Petrol,8
75000,215000,10,Petrol,8
225000,66070,3,Petrol,8
35500,149000,6,Petrol,4
59900,48952,4,Hybrid,4
23000,256000,11,Petrol,4
14000,165000,10,Petrol,0
15000,288000,11,Petrol,4
132000,6000,2,Petrol,6
210000,55816,3,Petrol,4
54500,148739,9,Petrol,4
32000,140548,11,Petrol,4
113000,173287,5,Petrol,6
115000,134304,5,Petrol,4
82000,50121,3,Hybrid,4
139000,11034,0,Petrol,4
109900,89845,7,Petrol,6
149900,58303,5,Petrol,4
281000,61934,2,Petrol,8
58000,86474,6,Petrol,4
25000,218823,10,Petrol,4
328000,4076,1,Electric,0
28000,91840,5,Petrol,4
39500,118070,9,Petrol,6
165000,41252,3,Petrol,6
45500,134238,11,Petrol,6
133000,96491,6,Petrol,6
100000,76738,3,Petrol,4
63000,78563,4,Petrol,4
173000,118934,6,Petrol,6
190900,20008,4,Petrol,4
247000,14589,2,Petrol,8
345900,43028,3,Petrol,8
210000,88592,5,Petrol,6
55000,144919,15,Petrol,6
64000,52000,5,Petrol,4
129000,79703,6,Petrol,8
30000,138000,10,Petrol,4
285000,10550,4,Hybrid,3
30000,150000,11,Petrol,6
460000,17000,1,Hybrid,6
35000,159000,13,Petrol,6
45000,110000,9,Petrol,4
11500,402000,16,Petrol,4
600000,26000,1,Petrol,6
310000,137000,5,Petrol,8
129000,167000,11,Petrol,8
15000,112125,4,Petrol,4
850000,3800,14,Petrol,8
89000,61000,3,Electric,0
33000,205587,9,Petrol,6
185000,600,1,Petrol,4
69000,101000,6,Petrol,4
69900,172592,9,Petrol,6
118500,45000,2,Petrol,4
45500,139700,6,Petrol,4
320000,5400,3,Petrol,6
69998,49751,2,Petrol,4
90000,88038,9,Petrol,8
106900,113960,8,Petrol,6
226900,8933,1,Petrol,8
88000,63999,11,Petrol,6
80000,57270,4,Petrol,6
140900,34065,2,Petrol,6
112000,73134,5,Petrol,6
52900,177400,9,Petrol,6
41900,104634,4,Petrol,4
144900,33165,2,Petrol,4
400000,58482,6,Petrol,12
160000,47153,3,Hybrid,4
205000,101980,7,Petrol,8
121900,81533,3,Petrol,4
115000,100000,4,Petrol,6
20000,246371,15,Petrol,6
65000,225000,10,Petrol,6
19000,121000,9,Petrol,5
13500,121643,18,Petrol,4
27500,122000,9,Petrol,4
53000,140000,11,Petrol,6
313000,32000,6,Petrol,8
470000,34200,5,Petrol,8
39000,94000,7,Petrol,6
345000,37000,1,Electric,0
41000,86000,5,Petrol,4
60000,149380,10,Petrol,6
130000,186628,5,Petrol,8
36000,100369,9,Petrol,6
46000,96334,7,Petrol,4
15000,238000,10,Petrol,6
125000,178918,8,Petrol,6
45500,165000,9,Petrol,6
135000,148512,5,Petrol,6
224000,10815,1,Petrol,8
47500,78000,10,Petrol,6
125000,130000,5,Petrol,6
27000,47520,6,Petrol,0
77900,120510,8,Petrol,4
33000,160000,6,Petrol,4
112000,840,1,Petrol,4
112000,50,1,Petrol,4
155000,8893,2,Petrol,4
34500,59000,5,Petrol,4
75000,63232,7,Petrol,4
53000,187435,12,Petrol,6
74500,98562,7,Petrol,4
12900,147000,14,Petrol,4
20000,200000,11,Petrol,0
97000,76417,6,Petrol,4
205000,13136,1,Petrol,4
205000,13136,1,Petrol,4
129000,120895,9,Petrol,8
121000,87487,6,Petrol,8
109000,77669,5,Petrol,4
180000,151755,4,Petrol,6
62000,40508,2,Petrol,4
147000,21199,4,Petrol,4
95000,132297,6,Petrol,4
210000,55816,3,Petrol,4
54500,148739,9,Petrol,4
32000,140548,11,Petrol,4
113000,173287,5,Petrol,6
115000,134304,5,Petrol,4
82000,50121,3,Hybrid,4
139000,11034,0,Petrol,4
109900,89845,7,Petrol,6
149900,58303,5,Petrol,4
281000,61934,2,Petrol,8
58000,86474,6,Petrol,4
25000,218823,10,Petrol,4
328000,4076,1,Electric,0
28000,91840,5,Petrol,4
39500,118070,9,Petrol,6
165000,41252,3,Petrol,6
45500,134238,11,Petrol,6
133000,96491,6,Petrol,6
100000,76738,3,Petrol,4
63000,78563,4,Petrol,4
173000,118934,6,Petrol,6
190900,20008,4,Petrol,4
247000,14589,2,Petrol,8
345900,43028,3,Petrol,8
210000,88592,5,Petrol,6
126500,4346,0,Hybrid,4
29500,238443,8,Petrol,4
25000,152127,8,Petrol,4
135000,239422,5,Petrol,4
122000,99739,6,Petrol,6
197000,5333,1,Electric,0
56000,45461,1,Petrol,4
1110,13753,2,Petrol,8
149000,41273,5,Petrol,4
339900,7530,1,Petrol,6
70900,78318,6,Petrol,6
212900,28617,2,Petrol,8
136000,40908,2,Petrol,6
48000,34773,3,Petrol,4
101900,138606,8,Petrol,8
64000,166521,10,Petrol,8
199999,151336,6,Petrol,6
210000,180000,6,Petrol,8
150000,59000,6,Petrol,6
46000,135015,6,Petrol,6
55000,129000,6,Petrol,4
30000,150000,10,Petrol,4
225000,97000,4,Petrol,6
60000,106000,8,Petrol,4
389500,23000,2,Petrol,8
30000,154111,11,Petrol,4
19000,200000,11,Petrol,4
27500,85000,4,Petrol,4
77900,71789,4,Petrol,4
34000,110000,6,Petrol,4
66000,74000,8,Petrol,3
30500,180000,11,Petrol,3
115000,145000,15,Petrol,8
225000,21000,15,Petrol,10
83000,47000,5,Petrol,6
69000,157786,6,Petrol,4
25000,150000,15,Petrol,8
40000,119000,8,Petrol,6
34000,90000,6,Petrol,4
163000,76000,14,Petrol,6
950000,12500,4,Petrol,10
229999,20000,1,Petrol,8
189000,61382,5,Petrol,6
36000,151296,9,Petrol,6
145000,82672,4,Petrol,6
25000,139948,9,Petrol,4
52500,58235,2,Petrol,4
87000,189892,10,Petrol,8
105000,163789,5,Petrol,4
96000,146061,9,Petrol,6
106900,113960,8,Petrol,6
226900,8933,1,Petrol,8
88000,63999,11,Petrol,6
80000,57270,4,Petrol,6
140900,34065,2,Petrol,6
112000,73134,5,Petrol,6
52900,177400,9,Petrol,6
41900,104634,4,Petrol,4
144900,33165,2,Petrol,4
400000,58482,6,Petrol,12
160000,47153,3,Hybrid,4
205000,101980,7,Petrol,8
121900,81533,3,Petrol,4
115000,100000,4,Petrol,6
20000,246371,15,Petrol,6
65000,225000,10,Petrol,6
19000,121000,9,Petrol,5
13500,121643,18,Petrol,4
27500,122000,9,Petrol,4
53000,140000,11,Petrol,6
313000,32000,6,Petrol,8
470000,34200,5,Petrol,8
39000,94000,7,Petrol,6
345000,37000,1,Electric,0
41000,86000,5,Petrol,4
87000,65000,6,Petrol,4
15000,131500,12,Petrol,4
145000,90243,7,Petrol,6
54000,119000,9,Petrol,6
89000,124000,5,Petrol,4
54000,138000,8,Petrol,6
535990,46395,1,Petrol,8
209000,59000,5,Petrol,6
63000,94000,6,Petrol,6
24000,144000,11,Petrol,4
157000,45,0,Hybrid,0
56000,168000,9,Petrol,4
89000,11000,7,Petrol,4
148000,129000,6,Petrol,8
105900,39262,1,Petrol,4
49000,80000,5,Petrol,4
24500,947273,8,Petrol,4
370000,24,0,Petrol,4
300000,46000,5,Petrol,8
105000,11,2,Petrol,4
650000,3100,1,Petrol,8
520000,7500,3,Petrol,8
35000,160000,17,Petrol,4
38000,95000,5,Petrol,4
37000,150000,5,Hybrid,4
157500,111133,5,Petrol,6
20500,129123,5,Petrol,4
66500,105000,8,Petrol,6
103000,69000,4,Petrol,4
215000,4079,1,Petrol,6
40000,118000,11,Petrol,6
18000,219000,15,Petrol,6
77000,149000,8,Petrol,6
35000,73000,6,Petrol,4
520000,30000,1,Petrol,8
70000,38000,4,Petrol,4
125000,130079,7,Petrol,8
180000,15000,29,Petrol,8
220000,130000,23,Petrol,6
51000,130000,9,Petrol,6
57000,360000,10,Petrol,6
97500,232000,27,Petrol,6
65000,94000,9,Petrol,4
1160,2800,2,Petrol,12
169000,70000,4,Petrol,4
69000,75000,5,Petrol,6
210000,180000,6,Petrol,8
150000,59000,6,Petrol,6
46000,135015,6,Petrol,6
55000,129000,6,Petrol,4
30000,150000,10,Petrol,4
225000,97000,4,Petrol,6
60000,106000,8,Petrol,4
389500,23000,2,Petrol,8
30000,154111,11,Petrol,4
19000,200000,11,Petrol,4
27500,85000,4,Petrol,4
77900,71789,4,Petrol,4
34000,110000,6,Petrol,4
66000,74000,8,Petrol,3
30500,180000,11,Petrol,3
115000,145000,15,Petrol,8
225000,21000,15,Petrol,10
83000,47000,5,Petrol,6
69000,157786,6,Petrol,4
25000,150000,15,Petrol,8
97500,232000,27,Petrol,6
65000,94000,9,Petrol,4
1160,2800,2,Petrol,12
169000,70000,4,Petrol,4
69000,75000,5,Petrol,6
210000,180000,6,Petrol,8
150000,59000,6,Petrol,6
46000,135015,6,Petrol,6
55000,129000,6,Petrol,4
30000,150000,10,Petrol,4
225000,97000,4,Petrol,6
60000,106000,8,Petrol,4
389500,23000,2,Petrol,8
30000,154111,11,Petrol,4
19000,200000,11,Petrol,4
27500,85000,4,Petrol,4
77900,71789,4,Petrol,4
34000,110000,6,Petrol,4
66000,74000,8,Petrol,3
30500,180000,11,Petrol,3
115000,145000,15,Petrol,8
225000,21000,15,Petrol,10
83000,47000,5,Petrol,6
69000,157786,6,Petrol,4
25000,150000,15,Petrol,8
590000,0,0,Petrol,4
549000,89000,5,Petrol,8
83000,231111,33,Diesel,6
53000,78392,6,Petrol,4
37000,175652,9,Petrol,4
349000,55000,3,Petrol,6
29000,212000,12,Petrol,6
16900,120000,11,Petrol,4
175000,92000,4,Petrol,4
184000,135500,5,Petrol,6
122000,114000,6,Petrol,4
119900,46273,4,Petrol,4
27000,135000,9,Petrol,4
28000,93153,7,Petrol,4
29900,111500,13,Petrol,4
490000,6000,5,Petrol,6
359000,14000,2,Petrol,6
225000,12000,2,Petrol,6
185000,89000,4,Petrol,4
28000,133000,9,Petrol,4
21900,186000,12,Petrol,4
104000,11920,3,Petrol,4
50000,105000,10,Petrol,6
79000,80000,6,Petrol,6
25500,69000,5,Petrol,4
280000,88000,7,Petrol,8
117500,134000,6,Petrol,4
35000,85000,18,Petrol,6
65000,140000,19,Petrol,6
55000,38000,3,Petrol,4
115000,7000,3,Petrol,4
159000,69000,6,Petrol,4
19000,255000,9,Petrol,4
64900,107000,6,Petrol,4
217000,41700,3,Hybrid,6
250000,45500,5,Petrol,8
145000,98000,6,Petrol,6
139500,27000,3,Petrol,4
20000,73000,8,Petrol,4
15000,182000,16,Petrol,6
13500,183000,15,Petrol,6
95000,216000,8,Petrol,8
121000,23500,3,Petrol,4
65000,125000,7,Petrol,6
40000,97000,4,Petrol,3
63000,203000,10,Petrol,8
22500,115000,18,Petrol,6
82500,53000,10,Petrol,8
49900,125000,8,Petrol,6
31998,67000,17,Petrol,6
67000,180000,8,Petrol,6
95900,22429,1,Petrol,4
69900,27699,5,Petrol,4
39000,110000,10,Petrol,6
129000,50000,5,Petrol,4
120000,80000,4,Petrol,6
59000,74000,6,Petrol,4
140000,42000,4,Petrol,4
234000,13800,2,Petrol,6
232000,15000,1,Petrol,4
299990,13733,0,Petrol,6
59900,12608,1,Petrol,4
395000,0,1,Petrol,8
155000,56424,9,Petrol,6
62000,47000,3,Hybrid,4
28500,138000,10,Petrol,6
78000,0,0,Petrol,4
89000,98000,8,Petrol,4
79500,30000,3,Petrol,4
309000,40000,2,Petrol,6
899000,8000,3,Petrol,8
269000,79582,5,Petrol,8
220000,37500,6,Petrol,6
285000,41400,6,Petrol,8
125000,87000,6,Petrol,6
129500,46000,6,Petrol,6
63000,0,0,Petrol,4
74500,0,1,Petrol,4
210000,0,1,Petrol,6
20000,84000,4,Petrol,4
28000,150000,12,Petrol,6
38000,80000,6,Petrol,4
89000,91000,6,Petrol,6
115000,110000,9,Petrol,8
33000,180000,10,Petrol,6
23900,131000,10,Petrol,4
29000,170000,29,Petrol,8
19000,166000,7,Petrol,4
46000,88000,5,Petrol,4
569000,32000,10,Petrol,8
34000,94000,4,Petrol,4
67990,128567,7,Petrol,6
47990,110786,6,Petrol,4
71990,101550,4,Petrol,4
725000,8000,3,Petrol,8
159500,25000,3,Petrol,6
24000,185000,9,Petrol,3
109000,27000,2,Petrol,6
559000,42990,3,Petrol,8
255000,37000,15,Petrol,6
26500,220000,8,Hybrid,4
69000,86000,6,Petrol,4
129000,9500,2,Petrol,6
79500,33000,4,Petrol,6
79500,58500,4,Petrol,6
49500,123000,8,Petrol,4
109000,700,1,Petrol,4
22500,170000,7,Petrol,4
329900,59441,5,Petrol,8
45000,90000,6,Petrol,4
89000,45700,6,Petrol,6
90000,88000,5,Petrol,6
127000,85000,6,Petrol,6
35000,104120,9,Petrol,6
56000,13281,4,Petrol,6
65000,40310,4,Petrol,6
55000,53495,4,Petrol,6
57000,45860,3,Petrol,4
35000,57570,4,Petrol,4
455000,27912,3,Petrol,8
330000,42088,6,Petrol,8
136000,27000,4,Petrol,4
136000,34000,4,Petrol,4
95000,167000,7,Petrol,8
150000,179000,7,Petrol,6
57000,149000,8,Petrol,5
880000,35000,4,Petrol,8
76500,74456,9,Petrol,4
89500,40500,2,Petrol,4
345000,93000,4,Petrol,8
54500,83600,5,Petrol,4
320000,3500,1,Petrol,4
315000,23103,2,Petrol,4
220000,8500,8,Petrol,8
159000,90000,5,Petrol,4
39500,1011000,10,Petrol,6
650000,0,1,Petrol,8
69500,8000,0,Petrol,4
510000,66000,5,Petrol,8
87000,142000,6,Petrol,4
27000,86000,7,Petrol,4
49000,73538,9,Petrol,4
41000,105000,8,Petrol,4
145000,162000,6,Petrol,6
30000,157000,12,Petrol,6
45000,138000,12,Petrol,8
40000,202000,9,Petrol,6
38500,144000,9,Petrol,4
66000,1330000,5,Petrol,4
89000,88000,5,Petrol,4
135000,12000,3,Petrol,4
85900,0,0,Petrol,4
119000,84200,5,Petrol,6
67000,180000,8,Petrol,6
95900,22429,1,Petrol,4
69900,27699,5,Petrol,4
39000,110000,10,Petrol,6
129000,50000,5,Petrol,4
120000,80000,4,Petrol,6
59000,74000,6,Petrol,4
140000,42000,4,Petrol,4
234000,13800,2,Petrol,6
232000,15000,1,Petrol,4
299990,13733,0,Petrol,6
59900,12608,1,Petrol,4
395000,0,1,Petrol,8
155000,56424,9,Petrol,6
62000,47000,3,Hybrid,4
28500,138000,10,Petrol,6
78000,0,0,Petrol,4
89000,98000,8,Petrol,4
79500,30000,3,Petrol,4
309000,40000,2,Petrol,6
899000,8000,3,Petrol,8
269000,79582,5,Petrol,8
220000,37500,6,Petrol,6
285000,41400,6,Petrol,8
125000,87000,6,Petrol,6
129500,46000,6,Petrol,6
63000,0,0,Petrol,4
74500,0,1,Petrol,4
210000,0,1,Petrol,6
20000,84000,4,Petrol,4
28000,150000,12,Petrol,6
38000,80000,6,Petrol,4
89000,91000,6,Petrol,6
115000,110000,9,Petrol,8
33000,180000,10,Petrol,6
23900,131000,10,Petrol,4
29000,170000,29,Petrol,8
19000,166000,7,Petrol,4
46000,88000,5,Petrol,4
569000,32000,10,Petrol,8
34000,94000,4,Petrol,4
67990,128567,7,Petrol,6
47990,110786,6,Petrol,4
39500,90000,17,Petrol,8
63000,69000,12,Petrol,6
55000,58249,9,Petrol,4
379000,29800,4,Petrol,8
33000,115000,6,Petrol,4
29000,374999,9,Petrol,4
18000,378000,19,Petrol,6
109500,159000,7,Petrol,6
115000,144000,5,Petrol,6
24500,114000,6,Petrol,4
37500,134000,9,Petrol,4
19900,169000,8,Petrol,4
18000,180000,18,Petrol,8
148000,46000,8,Petrol,8
38000,55000,15,Petrol,8
33000,75000,17,Petrol,6
140000,85000,5,Petrol,6
59000,45000,10,Petrol,6
138000,47000,7,Petrol,6
184000,97000,7,Petrol,6
80000,14000,2,Petrol,6
148000,54000,5,Petrol,4
23000,280000,10,Petrol,6
369000,7200,3,Petrol,8
269000,37000,2,Diesel,8
71990,101550,4,Petrol,4
725000,8000,3,Petrol,8
159500,25000,3,Petrol,6
24000,185000,9,Petrol,3
109000,27000,2,Petrol,6
559000,42990,3,Petrol,8
255000,37000,15,Petrol,6
26500,220000,8,Hybrid,4
69000,86000,6,Petrol,4
129000,9500,2,Petrol,6
79500,33000,4,Petrol,6
79500,58500,4,Petrol,6
49500,123000,8,Petrol,4
109000,700,1,Petrol,4
22500,170000,7,Petrol,4
329900,59441,5,Petrol,8
45000,90000,6,Petrol,4
89000,45700,6,Petrol,6
90000,88000,5,Petrol,6
127000,85000,6,Petrol,6
35000,104120,9,Petrol,6
56000,13281,4,Petrol,6
65000,40310,4,Petrol,6
55000,53495,4,Petrol,6
57000,45860,3,Petrol,4
145000,162000,6,Petrol,6
30000,157000,12,Petrol,6
45000,138000,12,Petrol,8
40000,202000,9,Petrol,6
38500,144000,9,Petrol,4
87500,141000,7,Petrol,8
23000,194000,9,Petrol,4
35000,193000,8,Petrol,4
210000,12000,7,Petrol,6
29500,53000,5,Petrol,4
59000,110000,8,Diesel,4
29000,128000,6,Petrol,4
32000,86000,4,Petrol,4
360000,24000,5,Petrol,6
910000,800,1,Petrol,8
1360,7800,2,Petrol,10
150000,50000,4,Petrol,4
78000,0,0,Petrol,4
60000,0,0,Hybrid,4
166000,0,1,Diesel,8
105000,0,2,Hybrid,4
67000,0,0,Petrol,4
59000,0,1,Petrol,4
95000,53000,6,Petrol,6
150000,113000,7,Petrol,6
113000,116250,9,Petrol,8
68000,144000,10,Petrol,8
139000,97000,6,Petrol,6
88000,45000,7,Petrol,4
55000,48000,5,Petrol,6
15999,86000,7,Petrol,4
70000,33688,2,Petrol,4
29500,198000,10,Petrol,6
25000,175000,17,Petrol,8
168000,93000,6,Electric,0
24000,280000,13,Petrol,8
72000,150000,10,Petrol,6
169000,53600,6,Petrol,6
310000,13200,2,Petrol,8
279000,54000,4,Diesel,8
210000,41000,3,Petrol,6
147000,35000,5,Petrol,4
42900,90000,4,Petrol,4
209000,65000,7,Petrol,8
139000,116000,8,Petrol,6
249000,80000,5,Petrol,6
105000,44000,5,Petrol,4
330000,33500,5,Petrol,8
99000,35000,5,Petrol,4
189000,23000,3,Petrol,8
120000,140000,8,Petrol,6
540000,3500,1,Petrol,8
89999,0,0,Petrol,4
149000,100000,8,Petrol,8
54000,0,0,Petrol,4
239000,30000,3,Petrol,6
138000,108164,5,Petrol,6
499000,0,0,Petrol,6
390000,7300,15,Petrol,8
329000,85000,11,Petrol,12
189000,88000,7,Petrol,8
70000,33688,2,Petrol,4
29500,198000,10,Petrol,6
25000,175000,17,Petrol,8
168000,93000,6,Electric,0
24000,280000,13,Petrol,8
72000,150000,10,Petrol,6
169000,53600,6,Petrol,6
310000,13200,2,Petrol,8
279000,54000,4,Diesel,8
210000,41000,3,Petrol,6
147000,35000,5,Petrol,4
42900,90000,4,Petrol,4
209000,65000,7,Petrol,8
139000,116000,8,Petrol,6
249000,80000,5,Petrol,6
105000,44000,5,Petrol,4
330000,33500,5,Petrol,8
99000,35000,5,Petrol,4
189000,23000,3,Petrol,8
199000,33000,2,Petrol,6
249000,15000,2,Diesel,6
142000,112000,7,Petrol,6
149000,8500,2,Petrol,8
129000,2500,2,Petrol,4
188000,23000,2,Petrol,6
290000,22000,4,Diesel,6
249000,48000,5,Petrol,6
159000,81000,4,Petrol,4
45000,92000,2,Petrol,4
95000,106000,7,Petrol,4
185000,54000,2,Petrol,8
129000,72000,7,Petrol,8
77000,23000,3,Petrol,4
45000,21000,3,Petrol,4
35000,74000,5,Petrol,4
42500,86000,7,Petrol,4
279000,43000,3,Petrol,8
85000,104000,5,Petrol,8
125000,63000,4,Petrol,4
289000,0,1,Petrol,4
549000,13500,2,Petrol,10
195000,144000,6,Petrol,8
19999,85500,8,Petrol,0
11900,196000,15,Petrol,4
125000,78000,16,Petrol,8
115000,31000,3,Petrol,4
33000,220000,10,Petrol,6
79999,7800,1,Petrol,3
105000,204000,9,Petrol,8
9590,100000,16,Petrol,4
150000,94000,37,Petrol,8
105000,29600,4,Petrol,6
93000,74712,4,Petrol,4
52000,82700,6,Petrol,6
91000,11066,4,Petrol,6
89000,67542,5,Petrol,6
112000,27461,2,Petrol,6
75000,61000,5,Petrol,6
76000,62330,4,Hybrid,4
102000,46519,3,Petrol,6
59999,6000,2,Petrol,4
102000,51000,6,Petrol,6
79999,103000,6,Petrol,8
49999,77000,5,Petrol,6
66000,65000,7,Petrol,4
72000,61000,4,Petrol,8
65000,81000,4,Petrol,4
85000,61000,4,Petrol,6
63000,39000,3,Petrol,4
105000,31000,2,Petrol,4
42000,288761,12,Petrol,8
53000,7700,1,Petrol,4
55000,92000,8,Petrol,4
62000,83000,6,Petrol,4
95000,55000,4,Petrol,8
92000,41000,3,Petrol,8
72000,125000,10,Petrol,8
46000,102000,6,Petrol,6
62000,67000,4,Petrol,6
59999,62000,5,Petrol,4
67000,45000,3,Petrol,4
73000,35000,3,Petrol,6
110000,64000,4,Petrol,8
89000,31000,3,Petrol,4
135000,81000,5,Petrol,6
25000,241000,16,Petrol,8
40000,108055,7,Petrol,4
379000,116000,4,Petrol,8
35000,57000,4,Petrol,4
67000,68000,5,Petrol,6
73000,130000,7,Petrol,8
73000,130000,7,Petrol,8
44000,51000,5,Petrol,6
28000,115000,11,Petrol,6
22000,250000,14,Petrol,6
87000,78000,6,Petrol,4
77000,25000,5,Petrol,4
165000,135000,6,Petrol,0
79500,600,1,Petrol,4
67000,211000,11,Petrol,8
98000,140000,12,Petrol,8
67000,211000,11,Petrol,8
69000,35000,4,Petrol,6
77000,61000,5,Petrol,4
87000,21000,2,Petrol,8
65000,41000,3,Petrol,6
75000,138000,7,Petrol,8
123000,36000,3,Petrol,4
77000,64000,6,Petrol,4
118000,33000,3,Petrol,4
108000,31000,6,Petrol,4
57000,75000,5,Petrol,4
128000,79000,6,Petrol,4
53000,120000,12,Petrol,8
218000,88000,4,Petrol,6
870000,20,0,Petrol,0
78000,93000,5,Petrol,4
188000,61000,6,Petrol,6
78000,120000,6,Petrol,4
223000,32000,3,Petrol,4
228000,51000,4,Petrol,6
135000,1200,0,Petrol,4
183000,1880,2,Petrol,4
168000,95000,5,Petrol,4
115000,60000,4,Petrol,4
37000,167000,12,Petrol,4
19999,300000,18,Petrol,8
69000,70000,5,Petrol,4
109000,99000,5,Petrol,6
54000,44000,10,Petrol,4
116000,61000,4,Petrol,6
109000,100000,5,Petrol,4
178000,35000,3,Petrol,4
104000,125000,8,Petrol,6
145000,32000,4,Petrol,6
29000,160000,10,Petrol,3
109000,130000,10,Petrol,6
99000,92000,5,Petrol,6
269000,32000,1,Petrol,5
139000,59000,6,Petrol,4
409000,53000,9,Petrol,8
139000,98000,8,Petrol,6
259000,68000,3,Electric,0
899000,3000,1,Petrol,8
109000,66000,7,Petrol,4
67000,42000,1,Petrol,4
39000,230000,11,Petrol,6
185000,27000,1,Petrol,4
889000,55000,7,Petrol,12
259000,32000,5,Petrol,6
55000,122000,7,Petrol,4
275000,0,0,Petrol,4
305000,45000,4,Petrol,6
129000,32000,3,Petrol,4
35000,86000,18,Petrol,8
179000,68000,10,Petrol,8
369000,13000,2,Petrol,6
149000,24000,4,Petrol,6
149000,45000,5,Hybrid,4
319000,46000,18,Petrol,12
990000,27000,5,Petrol,12
235000,80000,5,Petrol,6
439000,28000,2,Petrol,6
449000,37000,3,Petrol,8
35000,87000,6,Petrol,4
139000,45000,7,Petrol,4
99000,40000,7,Petrol,4
139000,13000,2,Petrol,4
99000,6000,7,Petrol,8
369000,65000,9,Petrol,8
1199,6000,4,Petrol,8
79000,57000,8,Petrol,6
155000,14000,3,Petrol,4
279000,71000,7,Petrol,8
749000,20000,6,Petrol,8
42000,76000,8,Petrol,4
21500,182500,9,Petrol,4
52500,149765,10,Petrol,6
22000,143636,9,Petrol,4
59800,121000,7,Petrol,8
38000,4000,1,Petrol,4
44000,95000,4,Petrol,4
78000,94000,5,Hybrid,4
70000,74000,4,Petrol,4
58500,45000,4,Petrol,4
139000,13000,2,Petrol,4
99000,6000,7,Petrol,8
369000,65000,9,Petrol,8
1199,6000,4,Petrol,8
79000,57000,8,Petrol,6
155000,14000,3,Petrol,4
279000,71000,7,Petrol,8
749000,20000,6,Petrol,8
42000,76000,8,Petrol,4
21500,182500,9,Petrol,4
52500,149765,10,Petrol,6
22000,143636,9,Petrol,4
59800,121000,7,Petrol,8
38000,4000,1,Petrol,4
44000,95000,4,Petrol,4
78000,94000,5,Hybrid,4
70000,74000,4,Petrol,4
58500,45000,4,Petrol,4
49000,12000,2,Petrol,4
17000,187723,9,Petrol,4
60000,27000,4,Petrol,4
32900,78000,4,Petrol,4
58000,41000,3,Petrol,4
60000,142001,7,Petrol,4
38000,65000,5,Petrol,5
52500,149765,10,Petrol,6
22000,143636,9,Petrol,4
59800,121000,7,Petrol,8
38000,4000,1,Petrol,4
44000,95000,4,Petrol,4
78000,94000,5,Hybrid,4
70000,74000,4,Petrol,4
58500,45000,4,Petrol,4
49000,12000,2,Petrol,4
17000,187723,9,Petrol,4
60000,27000,4,Petrol,4
32900,78000,4,Petrol,4
58000,41000,3,Petrol,4
60000,142001,7,Petrol,4
38000,65000,5,Petrol,5
16000,181451,20,Petrol,6
96500,44000,3,Petrol,4
154000,13000,2,Petrol,6
60000,25000,4,Petrol,5
84000,29000,5,Petrol,4
59000,40000,4,Petrol,4
51000,30000,4,Petrol,4
60500,40000,3,Petrol,4
97000,5000,2,Petrol,4
59000,45000,4,Petrol,4
40000,81000,5,Petrol,4
27500,61000,4,Petrol,4
33500,81000,5,Petrol,4
21500,125000,8,Petrol,4
60000,111800,24,Petrol,8
145000,16984,7,Petrol,6
49000,410000,4,Petrol,4
23000,148000,8,Petrol,4
25800,346000,9,Petrol,4
150000,88000,10,Petrol,6
129000,27000,1,Petrol,4
810000,9000,3,Petrol,6
2000,6200,1,Petrol,12
18999,210000,16,Petrol,3
45000,121000,11,Petrol,4
35000,180000,9,Petrol,4
34000,109200,5,Petrol,4
95000,95000,4,Petrol,4
20000,255000,9,Petrol,4
18500,147000,10,Petrol,4
64500,25000,1,Petrol,4
26500,46000,9,Petrol,4
89000,102000,5,Petrol,4
89000,212000,7,Petrol,8
69000,142000,9,Petrol,6
119000,59000,6,Petrol,6
25500,81000,5,Petrol,4
42000,91000,6,Petrol,4
42500,97000,2,Petrol,4
36500,82000,6,Petrol,4
46000,65120,3,Petrol,4
27000,59000,4,Petrol,4
40000,81000,5,Petrol,4
27500,61000,4,Petrol,4
33500,81000,5,Petrol,4
21500,125000,8,Petrol,4
60000,111800,24,Petrol,8
145000,16984,7,Petrol,6
49000,410000,4,Petrol,4
23000,148000,8,Petrol,4
25800,346000,9,Petrol,4
150000,88000,10,Petrol,6
129000,27000,1,Petrol,4
810000,9000,3,Petrol,6
2000,6200,1,Petrol,12
18999,210000,16,Petrol,3
45000,121000,11,Petrol,4
35000,180000,9,Petrol,4
34000,109200,5,Petrol,4
20000,255000,9,Petrol,4
17000,193000,9,Petrol,4
51500,66500,1,Petrol,4
31500,164300,9,Petrol,4
36500,149800,10,Petrol,6
39500,84200,4,Petrol,4
49500,169000,9,Petrol,6
57500,104000,8,Petrol,6
32500,208500,9,Petrol,6
94500,111600,7,Petrol,6
52000,120500,10,Petrol,8
29500,128000,8,Petrol,4
42500,161500,8,Petrol,6
58000,391000,5,Petrol,6
59000,141000,6,Petrol,4
69000,75000,5,Petrol,4
75000,91000,4,Petrol,4
95000,41000,4,Petrol,8
75000,76000,5,Petrol,8
75000,53000,4,Petrol,6
89000,41000,3,Petrol,8
82000,28000,4,Petrol,4
138000,103000,7,Petrol,6
65000,200000,10,Petrol,8
85000,43000,8,Petrol,6
89000,10,0,Petrol,4
89000,20,0,Petrol,4
109000,10,0,Petrol,4
99000,12,0,Petrol,4
119000,12,0,Petrol,4
89000,20,0,Petrol,4
119000,12,0,Petrol,4
99000,10,0,Petrol,4
109000,10,0,Petrol,4
89000,20,0,Petrol,4
42000,130000,8,Petrol,4
639999,77,2,Petrol,8
169000,299,1,Petrol,3
47999,105000,8,Petrol,4
330000,14000,2,Petrol,6
259000,89000,6,Petrol,8
22000,120000,11,Petrol,4
106000,71000,4,Petrol,6
15000,273000,13,Petrol,4
29000,56934,6,Petrol,4
225000,0,1,Petrol,6
164000,0,1,Diesel,8
244000,0,0,Petrol,6
179000,0,1,Petrol,6
106000,0,0,Petrol,4
59500,161000,6,Petrol,4
46000,90000,8,Petrol,6
79000,125000,6,Petrol,4
82000,62000,7,Petrol,4
97000,163000,9,Petrol,8
53000,58000,5,Petrol,6
48000,160000,10,Petrol,8
47000,167000,8,Petrol,6
45000,92000,6,Petrol,4
77000,134000,6,Petrol,4
53000,85000,6,Petrol,6
58000,137000,8,Petrol,4
47000,142000,8,Petrol,4
42000,148700,11,Petrol,6
50000,100000,7,Petrol,4
29500,130625,7,Hybrid,4
44999,96900,5,Petrol,4
33000,227000,8,Petrol,6
28000,96100,4,Petrol,3
39499,92137,4,Petrol,4
59999,89600,4,Petrol,4
20999,141000,11,Petrol,4
56499,96500,4,Petrol,4
46499,112349,6,Petrol,4
85000,122000,9,Petrol,8
77000,134000,6,Petrol,4
53000,85000,6,Petrol,6
58000,137000,8,Petrol,4
47000,142000,8,Petrol,4
42000,148700,11,Petrol,6
50000,100000,7,Petrol,4
29500,130625,7,Hybrid,4
44999,96900,5,Petrol,4
33000,227000,8,Petrol,6
28000,96100,4,Petrol,3
39499,92137,4,Petrol,4
59999,89600,4,Petrol,4
20999,141000,11,Petrol,4
56499,96500,4,Petrol,4
46499,112349,6,Petrol,4
85000,122000,9,Petrol,8
37000,163000,9,Petrol,6
132000,75000,3,Petrol,6
115000,49000,3,Petrol,4
185000,200000,8,Petrol,8
16000,420000,13,Petrol,4
49000,195000,10,Petrol,4
49900,4000,2,Petrol,3
62500,87000,9,Petrol,4
25900,314000,19,Petrol,6
39499,92137,4,Petrol,4
59999,89600,4,Petrol,4
20999,141000,11,Petrol,4
56499,96500,4,Petrol,4
46499,112349,6,Petrol,4
85000,122000,9,Petrol,8
37000,163000,9,Petrol,6
132000,75000,3,Petrol,6
115000,49000,3,Petrol,4
185000,200000,8,Petrol,8
16000,420000,13,Petrol,4
49000,195000,10,Petrol,4
49900,4000,2,Petrol,3
62500,87000,9,Petrol,4
25900,314000,19,Petrol,6
39900,101000,11,Petrol,6
16900,268000,16,Petrol,8
29900,157000,9,Petrol,4
54900,146000,11,Petrol,6
41900,98000,8,Petrol,5
278000,78000,5,Petrol,6
44000,149000,10,Petrol,6
149000,37000,2,Petrol,6
325000,22682,1,Petrol,6
155000,60000,5,Petrol,6
489000,46000,7,Petrol,12
349000,6000,6,Hybrid,3
649000,25000,6,Petrol,8
1250,22000,5,Petrol,12
899000,39000,6,Petrol,12
295000,110000,7,Petrol,12
1250,32000,5,Petrol,12
1250,47000,4,Petrol,12
625000,100,1,Petrol,6
1050,17000,4,Petrol,8
1590,300,2,Petrol,8
1490,29000,4,Petrol,12
1790,24000,4,Petrol,12
2700,200,1,Petrol,12
1450,9000,2,Petrol,12
1750,500,1,Petrol,12
2650,500,1,Petrol,12
1450,9000,4,Petrol,12
799000,5000,7,Petrol,12
1550,100,4,Petrol,12
1090,12000,4,Petrol,12
2150,100,2,Petrol,12
385000,29000,3,Petrol,8
675000,46000,2,Petrol,8
799000,16000,2,Petrol,8
1590,300,2,Petrol,8
1490,29000,4,Petrol,12
1790,24000,4,Petrol,12
2700,200,1,Petrol,12
1450,9000,2,Petrol,12
1750,500,1,Petrol,12
2650,500,1,Petrol,12
1450,9000,4,Petrol,12
799000,5000,7,Petrol,12
1550,100,4,Petrol,12
1090,12000,4,Petrol,12
2150,100,2,Petrol,12
385000,29000,3,Petrol,8
675000,46000,2,Petrol,8
799000,16000,2,Petrol,8
1250,100,1,Petrol,6
749000,18000,5,Petrol,6
799000,100,0,Petrol,6
749000,11000,1,Petrol,8
565000,5000,0,Petrol,6
265000,45000,10,Petrol,8
799000,39000,2,Petrol,8
799000,28000,2,Petrol,8
819000,100,1,Petrol,8
775000,100,1,Petrol,8
1590,400,1,Petrol,8
1550,200,2,Petrol,8
349000,42000,2,Petrol,8
1150,3000,1,Petrol,8
399000,26000,8,Petrol,12
629000,25000,5,Petrol,12
24000,103000,9,Petrol,4
162750,75000,6,Petrol,6
159750,95000,5,Petrol,6
28900,155130,10,Petrol,4
115000,67000,3,Petrol,0
78000,83000,3,Petrol,4
95000,97000,6,Petrol,6
69000,420000,10,Petrol,8
54000,186000,8,Petrol,4
78000,170000,11,Petrol,8
178000,180000,10,Petrol,8
97000,160000,8,Petrol,8
63000,277000,22,Petrol,8
107000,110000,6,Petrol,8
58000,145000,5,Petrol,4
108000,77000,6,Petrol,6
83500,150000,10,Petrol,6
73000,230000,6,Diesel,4
78000,100000,15,Petrol,6
75000,68826,6,Petrol,6
50000,211791,6,Petrol,6
150000,38040,6,Petrol,4
241000,25341,2,Petrol,8
47500,126881,4,Petrol,5
195000,75446,4,Petrol,4
297000,4446,1,Petrol,4
177000,21489,0,Petrol,6
27000,203137,7,Petrol,4
59000,67153,4,Hybrid,4
159000,40789,3,Petrol,6
122000,81419,7,Petrol,4
34500,149000,12,Petrol,6
559000,20000,2,Petrol,8
579000,44000,7,Petrol,12
22500,85000,5,Petrol,4
149000,131000,6,Petrol,8
79900,32200,3,Petrol,4
120000,139000,8,Petrol,6
16000,120000,8,Petrol,4
32500,163000,8,Petrol,6
220000,7665,1,Petrol,4
198000,120000,5,Petrol,6
12000,200000,13,Petrol,6
97000,36000,3,Petrol,6
33000,81000,6,Petrol,4
21000,96500,12,Petrol,4
25000,95000,7,Petrol,4
15000,183000,16,Petrol,6
69000,110300,4,Petrol,4
243000,0,0,Petrol,4
549000,12221,2,Petrol,8
999900,7500,1,Petrol,8
12500,200000,16,Petrol,6
82000,0,1,Petrol,4
80000,0,0,Petrol,4
78000,0,0,Petrol,4
149000,90000,5,Petrol,6
108000,0,0,Petrol,4
669000,2000,2,Petrol,8
380000,0,1,Petrol,6
46000,125000,11,Petrol,6
55000,126500,9,Petrol,4
46000,150600,8,Petrol,6
70000,129000,8,Petrol,6
65000,160000,9,Petrol,6
520000,92000,4,Petrol,8
43000,27000,3,Petrol,4
32000,78250,13,Petrol,6
54000,81000,5,Petrol,4
82000,0,1,Petrol,4
80000,0,0,Petrol,4
78000,0,0,Petrol,4
149000,90000,5,Petrol,6
108000,0,0,Petrol,4
669000,2000,2,Petrol,8
380000,0,1,Petrol,6
46000,125000,11,Petrol,6
55000,126500,9,Petrol,4
46000,150600,8,Petrol,6
70000,129000,8,Petrol,6
65000,160000,9,Petrol,6
520000,92000,4,Petrol,8
43000,27000,3,Petrol,4
32000,78250,13,Petrol,6
54000,81000,5,Petrol,4
63500,63000,5,Petrol,4
655000,9000,1,Petrol,6
290000,63000,3,Petrol,6
197500,120000,7,Petrol,8
152000,18000,1,Electric,0
26000,231000,14,Petrol,6
535000,47000,10,Petrol,8
97000,19000,1,Petrol,4
21000,82000,4,Petrol,4
365000,35000,17,Petrol,12
985000,1800,0,Petrol,6
725000,52000,4,Petrol,10
335000,31,0,Petrol,4
975000,50,1,Petrol,6
735000,50000,3,Petrol,8
255000,0,1,Petrol,4
169000,25000,5,Diesel,6
1550,300,0,Petrol,6
419000,55000,2,Petrol,8
125000,40000,5,Petrol,4
525000,10,1,Petrol,6
655000,13000,4,Petrol,8
475000,23000,1,Petrol,8
735000,9000,2,Petrol,8
755000,10000,5,Petrol,12
465000,20000,5,Petrol,8
675000,1900,2,Petrol,8
295000,89320,4,Petrol,6
39500,151000,6,Petrol,4
280000,46000,3,Petrol,4
34000,129000,5,Petrol,4
39000,67000,8,Petrol,6
69000,58000,10,Petrol,4
13500,195200,11,Petrol,4
43000,23000,4,Petrol,4
53000,46000,4,Petrol,4
40500,43000,3,Petrol,4
21000,128000,16,Petrol,8
455000,8000,1,Petrol,6
58500,138000,9,Petrol,6
365000,35000,17,Petrol,12
985000,1800,0,Petrol,6
725000,52000,4,Petrol,10
335000,31,0,Petrol,4
975000,50,1,Petrol,6
735000,50000,3,Petrol,8
255000,0,1,Petrol,4
169000,25000,5,Diesel,6
1550,300,0,Petrol,6
419000,55000,2,Petrol,8
125000,40000,5,Petrol,4
525000,10,1,Petrol,6
655000,13000,4,Petrol,8
475000,23000,1,Petrol,8
735000,9000,2,Petrol,8
755000,10000,5,Petrol,12
465000,20000,5,Petrol,8
675000,1900,2,Petrol,8
295000,89320,4,Petrol,6
28000,166000,9,Petrol,4
33500,131000,11,Petrol,4
169000,43999,2,Petrol,4
54900,68900,2,Petrol,3
245000,5000,1,Petrol,4
59000,460000,19,Petrol,6
115000,105000,5,Petrol,8
90000,146000,10,Petrol,8
100000,87000,4,Petrol,4
215000,55000,3,Petrol,4
210000,132000,8,Petrol,8
175000,73000,4,Petrol,4
159000,95000,5,Petrol,4
125000,146000,7,Petrol,8
115000,138000,8,Petrol,6
110000,99000,5,Petrol,6
98000,87000,6,Petrol,4
137000,73000,3,Petrol,4
110000,93000,5,Petrol,4
75000,141000,8,Petrol,4
105000,69000,5,Petrol,8
55000,151000,9,Petrol,6
46000,153000,11,Petrol,8
65000,117000,8,Petrol,8
80000,138000,9,Petrol,6
80000,138000,9,Petrol,6
110000,107000,15,Petrol,8
52000,127000,9,Petrol,8
85000,88000,4,Petrol,6
97000,91000,3,Petrol,8
76000,122000,6,Petrol,6
75000,63000,9,Petrol,6
140000,156000,5,Petrol,8
30000,333000,21,Petrol,6
65000,126000,9,Petrol,6
35500,233339,10,Petrol,6
575000,0,0,Petrol,6
385000,0,1,Petrol,6
155000,9600,2,Petrol,6
800000,40000,5,Petrol,12
120000,133000,9,Petrol,8
780000,0,0,Petrol,8
120000,15000,2,Electric,0
28500,220000,11,Petrol,4
385000,26600,3,Petrol,6
419000,0,0,Petrol,6
155000,9600,2,Petrol,6
355000,29000,1,Petrol,6
48000,33000,4,Petrol,4
35000,200000,10,Diesel,4
79000,112000,6,Petrol,4
69000,211475,28,Petrol,8
17500,117000,14,Petrol,4
31000,93633,7,Petrol,4
189900,0,1,Petrol,6
23000,190000,6,Petrol,4
21000,168000,10,Petrol,4
41000,6710,3,Petrol,4
85000,61000,5,Petrol,4
85000,172000,6,Petrol,4
135000,60000,3,Petrol,4
245000,23000,8,Petrol,6
130000,163000,7,Petrol,8
99000,40000,4,Petrol,6
84999,15094,1,Petrol,3
23000,130000,16,Petrol,6
34000,139000,9,Petrol,4
10000,170000,15,Petrol,0
33000,140000,4,Petrol,4
32000,133000,10,Petrol,4
245000,68000,4,Petrol,8
14000,146506,18,Petrol,8
58000,106000,10,Petrol,6
63000,120000,8,Petrol,6
72000,107000,6,Petrol,6
135000,60000,3,Petrol,4
245000,23000,8,Petrol,6
130000,163000,7,Petrol,8
99000,40000,4,Petrol,6
84999,15094,1,Petrol,3
23000,130000,16,Petrol,6
34000,139000,9,Petrol,4
10000,170000,15,Petrol,0
33000,140000,4,Petrol,4
32000,133000,10,Petrol,4
245000,68000,4,Petrol,8
14000,146506,18,Petrol,8
58000,106000,10,Petrol,6
63000,120000,8,Petrol,6
72000,107000,6,Petrol,6
49000,46000,6,Petrol,4
55000,120000,10,Petrol,6
65000,60000,5,Petrol,4
43000,220000,9,Petrol,6
93000,120000,8,Petrol,8
95000,115232,13,Petrol,6
95000,150000,11,Petrol,8
19500,305000,10,Petrol,6
502000,1300,1,Petrol,6
59000,0,1,Petrol,4
69000,224000,10,Petrol,8
95000,69000,3,Petrol,4
17000,275000,14,Petrol,6
799995,3000,1,Petrol,6
210000,3500,59,Petrol,8
150000,51000,19,Petrol,8
149500,47000,3,Petrol,8
52000,220116,10,Petrol,8
15500,220000,9,Petrol,4
365000,36000,2,Petrol,8
136000,198900,7,Petrol,6
22000,150000,15,Petrol,4
20000,124000,13,Petrol,4
15500,256000,11,Petrol,4
40000,91000,9,Petrol,4
39000,63000,2,Petrol,4
54999,40000,6,Petrol,6
16500,120700,18,Petrol,4
39500,23000,4,Petrol,4
31000,130000,8,Petrol,4
33000,150000,8,Petrol,4
18000,124000,17,Petrol,6
259000,55000,3,Petrol,6
289000,48000,4,Petrol,6
599000,22000,3,Petrol,8
339000,37000,3,Petrol,6
70000,229000,10,Petrol,8
90000,14000,3,Petrol,6
20000,197000,10,Petrol,4
55000,148000,9,Petrol,4
89000,150000,7,Petrol,4
42000,49000,4,Petrol,4
69000,224000,10,Petrol,8
95000,69000,3,Petrol,4
17000,275000,14,Petrol,6
799995,3000,1,Petrol,6
210000,3500,59,Petrol,8
150000,51000,19,Petrol,8
149500,47000,3,Petrol,8
52000,220116,10,Petrol,8
15500,220000,9,Petrol,4
365000,36000,2,Petrol,8
136000,198900,7,Petrol,6
22000,150000,15,Petrol,4
20000,124000,13,Petrol,4
15500,256000,11,Petrol,4
40000,91000,9,Petrol,4
39000,63000,2,Petrol,4
54999,40000,6,Petrol,6
16500,120700,18,Petrol,4
155000,120000,8,Petrol,8
310000,67000,4,Petrol,8
23999,93998,5,Petrol,4
28000,197000,15,Petrol,6
55000,169000,9,Petrol,4
23000,146000,8,Petrol,4
119000,60000,6,Petrol,6
18500,287356,10,Petrol,4
69000,137000,6,Petrol,4
12000,360000,16,Petrol,6
24500,200000,10,Petrol,4
30000,138000,16,Petrol,6
23500,96000,3,Petrol,3
22000,132000,4,Petrol,4
30000,505000,6,Petrol,4
299000,21000,10,Petrol,12
65000,130000,11,Petrol,8
99000,140000,6,Petrol,6
265000,85000,3,Petrol,4
27000,250000,12,Petrol,6
128000,22000,3,Electric,0
12500,2010000,15,Petrol,4
189000,2000,1,Petrol,6
18000,198834,16,Petrol,6
51000,121000,10,Petrol,4
125000,72000,4,Electric,0
38000,160000,9,Petrol,4
805000,10,0,Petrol,6
365000,28388,5,Petrol,8
46000,180000,10,Petrol,6
105000,155000,10,Petrol,8
39000,300000,11,Petrol,8
235000,0,0,Petrol,6
163000,35000,1,Petrol,6
255000,0,0,Petrol,6
249000,0,1,Petrol,8
68000,83000,2,Petrol,4
15000,150000,13,Petrol,4
85000,5456,0,Petrol,4
39000,194000,13,Petrol,8
345000,65000,11,Petrol,12
299000,52000,8,Petrol,8
329000,12000,1,Petrol,4
499000,28000,5,Petrol,8
599000,88000,4,Petrol,8
699000,27000,1,Petrol,8
339000,32000,1,Petrol,4
239000,0,1,Petrol,4
239000,0,1,Petrol,4
659000,41000,2,Petrol,8
269000,90000,5,Petrol,8
339000,29000,1,Petrol,4
49000,54000,3,Petrol,4
249000,0,1,Petrol,4
239000,100,1,Petrol,4
279000,50000,4,Petrol,6
249000,72000,5,Petrol,8
289000,26000,2,Petrol,8
349000,60000,3,Petrol,6
499000,27000,5,Petrol,8
189000,40000,1,Petrol,6
21000,189368,16,Petrol,8
11500,500000,23,Petrol,8
18500,378000,13,Petrol,4
56500,15600,2,Petrol,6
44000,112000,8,Petrol,4
28000,183000,8,Petrol,4
25000,238000,27,Petrol,6
79999,144500,8,Petrol,4
55000,42175,3,Petrol,4
56500,157000,5,Petrol,4
77000,88700,7,Petrol,6
105000,38000,3,Electric,0
28500,245994,7,Petrol,4
156000,20000,1,Electric,0
189500,0,1,Diesel,4
148500,64600,10,Petrol,8
176000,0,1,Petrol,4
34000,282000,15,Petrol,6
259000,0,1,Petrol,6
83500,0,1,Hybrid,4
139500,0,1,Hybrid,4
75500,0,1,Hybrid,4
109500,0,1,Petrol,4
54500,0,1,Petrol,4
29300,100000,8,Petrol,4
36500,93150,10,Petrol,6
60000,82000,7,Petrol,6
36000,165000,11,Petrol,4
360000,59000,15,Petrol,12
205000,14000,3,Petrol,8
299000,30000,9,Petrol,8
51000,149000,7,Petrol,8
138000,182025,5,Petrol,6
95000,59000,4,Petrol,8
26000,180000,11,Petrol,4
57000,97000,8,Petrol,4
14000,250000,12,Petrol,4
44100,0,0,Petrol,4
255000,0,0,Petrol,8
255000,0,0,Petrol,6
94000,150000,20,Petrol,8
357000,0,0,Petrol,8
287000,0,0,Petrol,8
359000,0,0,Petrol,8
230000,0,0,Petrol,6
95000,138000,5,Petrol,6
31000,147000,8,Petrol,4
28000,286000,22,Petrol,6
80500,98000,5,Petrol,4
69000,40100,3,Petrol,4
39000,177000,10,Petrol,6
500000,50000,3,Petrol,0
110000,42000,3,Petrol,6
27999,78000,8,Petrol,0
770000,16500,2,Hybrid,6
100000,185052,8,Petrol,8
325000,5000,1,Petrol,6
107000,66000,6,Petrol,6
79000,156000,9,Petrol,6
17500,126000,10,Petrol,3
45000,83000,6,Petrol,6
110000,185000,6,Petrol,4
98000,198000,9,Petrol,8
28000,147000,10,Petrol,6
449000,0,0,Petrol,6
75000,218000,9,Petrol,6
57000,140000,11,Petrol,8
28000,230000,13,Petrol,8
23000,249000,12,Petrol,8
49000,140510,5,Petrol,4
75800,0,1,Diesel,4
45000,65183,3,Petrol,4
75800,0,1,Diesel,4
25000,332500,12,Petrol,6
189800,0,0,Diesel,4
75000,72420,4,Petrol,4
78000,105210,6,Diesel,4
79000,86288,3,Petrol,4
243800,0,0,Petrol,6
148000,43070,4,Petrol,6
65000,129930,4,Petrol,4
74000,112390,6,Petrol,4
25000,190000,13,Petrol,8
59000,125368,4,Petrol,4
72000,95308,3,Petrol,4
56000,145300,4,Petrol,4
34000,100600,5,Petrol,4
135000,0,1,Diesel,4
115000,48,1,Diesel,4
79000,156000,9,Petrol,6
17500,126000,10,Petrol,3
45000,83000,6,Petrol,6
110000,185000,6,Petrol,4
98000,198000,9,Petrol,8
28000,147000,10,Petrol,6
449000,0,0,Petrol,6
75000,218000,9,Petrol,6
57000,140000,11,Petrol,8
28000,230000,13,Petrol,8
23000,249000,12,Petrol,8
49000,140510,5,Petrol,4
75800,0,1,Diesel,4
45000,65183,3,Petrol,4
75800,0,1,Diesel,4
25000,332500,12,Petrol,6
189800,0,0,Diesel,4
75000,72420,4,Petrol,4
78000,105210,6,Diesel,4
79000,86288,3,Petrol,4
243800,0,0,Petrol,6
148000,43070,4,Petrol,6
65000,129930,4,Petrol,4
74000,112390,6,Petrol,4
25000,190000,13,Petrol,8
32500,100,0,Petrol,3
24800,0,0,Petrol,3
50999,100,0,Petrol,4
74800,17,1,Hybrid,4
57800,0,0,Petrol,4
68500,0,0,Petrol,4
35800,0,0,Petrol,4
103500,0,1,Hybrid,4
345000,0,0,Petrol,4
229000,0,0,Petrol,4
299000,0,1,Petrol,4
299000,0,1,Petrol,4
499000,0,0,Petrol,6
175000,0,1,Petrol,4
253000,0,0,Petrol,4
243000,0,0,Petrol,4
375000,0,1,Petrol,6
175000,0,1,Petrol,4
499000,0,0,Petrol,6
339000,0,0,Petrol,4
344999,0,0,Petrol,4
243000,0,0,Petrol,4
339000,0,0,Petrol,4
229000,0,0,Petrol,4
73000,92393,6,Petrol,4
41800,0,0,Petrol,4
56000,48870,6,Petrol,4
68500,0,0,Petrol,4
86800,0,0,Petrol,4
31500,90811,9,Petrol,4
45000,130000,9,Petrol,6
55000,135000,19,Petrol,6
150000,99470,6,Petrol,6
20000,300000,22,Petrol,6
1400,8000,5,Petrol,12
825000,44000,3,Petrol,8
73000,68000,5,Petrol,4
37000,153000,8,Petrol,4
47000,158000,4,Petrol,4
29000,77000,16,Petrol,6
15500,78000,18,Petrol,4
38000,81000,12,Petrol,6
11500,47000,23,Petrol,4
18500,96000,20,Petrol,6
24000,113000,25,Petrol,8
55000,169000,6,Hybrid,4
40000,302000,10,Petrol,6
24000,230000,12,Petrol,6
68000,64000,4,Petrol,4
16900,112000,7,Petrol,4
1400,8000,5,Petrol,12
825000,44000,3,Petrol,8
73000,68000,5,Petrol,4
37000,153000,8,Petrol,4
47000,158000,4,Petrol,4
29000,77000,16,Petrol,6
15500,78000,18,Petrol,4
38000,81000,12,Petrol,6
11500,47000,23,Petrol,4
18500,96000,20,Petrol,6
24000,113000,25,Petrol,8
55000,169000,6,Hybrid,4
40000,302000,10,Petrol,6
24000,230000,12,Petrol,6
68000,64000,4,Petrol,4
16900,112000,7,Petrol,4
120000,2000,32,Petrol,8
87000,47000,2,Petrol,4
55000,124000,8,Petrol,4
53000,8000,1,Petrol,4
55000,57000,2,Petrol,4
79000,73000,3,Diesel,4
75000,210000,9,Petrol,6
18000,180000,10,Petrol,4
47000,141000,7,Petrol,4
24000,113000,25,Petrol,8
55000,169000,6,Hybrid,4
40000,302000,10,Petrol,6
24000,230000,12,Petrol,6
68000,64000,4,Petrol,4
16900,112000,7,Petrol,4
120000,2000,32,Petrol,8
87000,47000,2,Petrol,4
55000,124000,8,Petrol,4
53000,8000,1,Petrol,4
55000,57000,2,Petrol,4
79000,73000,3,Diesel,4
75000,210000,9,Petrol,6
18000,180000,10,Petrol,4
47000,141000,7,Petrol,4
10000,198000,16,Petrol,6
46000,149000,9,Petrol,6
14500,153000,15,Petrol,6
114000,104000,10,Petrol,6
265000,28247,9,Hybrid,3
11500,130000,18,Petrol,4
120000,60983,3,Petrol,4
26000,280000,15,Petrol,6
20000,185410,12,Petrol,4
89800,89880,8,Petrol,4
160000,99000,4,Petrol,4
59000,91000,6,Petrol,6
52000,56000,8,Petrol,3
20000,165000,15,Petrol,0
23990,170000,6,Petrol,3
29000,254000,10,Petrol,6
78000,98000,8,Petrol,6
70000,160000,10,Petrol,8
195000,67000,11,Petrol,12
95000,19400,9,Petrol,6
125000,62972,6,Petrol,6
450000,88000,3,Petrol,8
498000,8,1,Petrol,6
32800,120000,9,Petrol,4
41000,86900,9,Petrol,4
819000,49,1,Petrol,6
35000,200000,10,Petrol,6
48900,109613,4,Petrol,4
389000,53000,5,Petrol,8
39000,41000,4,Petrol,4
65000,8500,48,Petrol,8
114000,16000,2,Petrol,4
225000,67000,3,Petrol,8
49000,40000,11,Petrol,4
125000,23000,11,Petrol,8
100000,85000,7,Petrol,6
12000,279000,21,Petrol,4
18000,96000,10,Petrol,4
45000,127700,6,Petrol,4
56000,76000,5,Petrol,4
160000,99000,4,Petrol,4
59000,91000,6,Petrol,6
52000,56000,8,Petrol,3
20000,165000,15,Petrol,0
23990,170000,6,Petrol,3
29000,254000,10,Petrol,6
78000,98000,8,Petrol,6
70000,160000,10,Petrol,8
195000,67000,11,Petrol,12
95000,19400,9,Petrol,6
125000,62972,6,Petrol,6
450000,88000,3,Petrol,8
498000,8,1,Petrol,6
32800,120000,9,Petrol,4
41000,86900,9,Petrol,4
819000,49,1,Petrol,6
35000,200000,10,Petrol,6
48900,109613,4,Petrol,4
298000,20377,2,Petrol,6
199000,57000,2,Petrol,6
138000,26000,1,Petrol,6
23500,160000,13,Petrol,4
22000,36000,10,Petrol,4
73500,126000,7,Diesel,4
45800,5400,1,Petrol,4
279000,6000,1,Petrol,6
33500,124800,10,Petrol,4
55000,145557,11,Petrol,0
33000,193761,9,Petrol,4
44900,152000,11,Petrol,6
229000,85000,7,Petrol,8
39500,150000,4,Petrol,4
125000,103000,5,Petrol,6
23000,120000,16,Petrol,8
37000,105000,9,Petrol,6
230000,65000,5,Petrol,8
28000,117000,15,Petrol,6
54000,160000,3,Petrol,4
119950,40000,3,Petrol,4
59000,128000,11,Petrol,8
12000,145000,11,Petrol,4
75000,32000,1,Petrol,4
170000,53000,15,Petrol,12
159000,62800,3,Petrol,4
110000,21000,2,Petrol,6
159000,30000,2,Petrol,6
93000,92000,5,Petrol,6
58000,145201,7,Petrol,6
127000,22403,2,Petrol,6
298000,20377,2,Petrol,6
199000,57000,2,Petrol,6
138000,26000,1,Petrol,6
23500,160000,13,Petrol,4
22000,36000,10,Petrol,4
73500,126000,7,Diesel,4
45800,5400,1,Petrol,4
279000,6000,1,Petrol,6
33500,124800,10,Petrol,4
55000,145557,11,Petrol,0
33000,193761,9,Petrol,4
44900,152000,11,Petrol,6
229000,85000,7,Petrol,8
39500,150000,4,Petrol,4
125000,103000,5,Petrol,6
23000,120000,16,Petrol,8
37000,105000,9,Petrol,6
230000,65000,5,Petrol,8
28000,117000,15,Petrol,6
93000,104000,9,Petrol,6
37000,173970,10,Petrol,6
107000,34000,3,Petrol,8
127000,91000,5,Petrol,8
165000,77000,5,Diesel,6
21000,231000,10,Petrol,4
44000,119000,9,Petrol,6
199000,70066,7,Petrol,6
15300,188244,21,Petrol,6
23500,136569,11,Petrol,4
21500,153500,13,Petrol,4
24000,165000,12,Petrol,4
205000,21000,2,Petrol,6
48000,103022,5,Petrol,4
152000,3107,1,Petrol,5
25000,212659,10,Petrol,4
230000,23000,2,Petrol,8
69999,82000,8,Petrol,4
327000,12162,2,Electric,0
30000,185677,10,Petrol,4
97000,75600,5,Petrol,4
105000,180000,9,Petrol,8
64000,20000,2,Petrol,4
699000,39900,4,Petrol,12
97000,4500,1,Petrol,4
20000,230000,12,Petrol,8
585000,48000,7,Petrol,12
14500,160132,12,Petrol,4
154000,145000,7,Petrol,6
245000,46000,5,Petrol,6
215000,16000,3,Diesel,6
399000,15500,4,Petrol,8
49000,62000,4,Petrol,4
243000,76000,6,Petrol,8
49000,25000,4,Petrol,4
379000,24000,3,Petrol,12
775000,17500,6,Petrol,8
880000,120000,5,Petrol,8
89500,93000,8,Petrol,8
210000,64802,5,Petrol,6
150000,61098,4,Petrol,6
46500,69345,5,Petrol,4
97000,36000,2,Petrol,4
65000,43000,4,Petrol,4
52000,14250,7,Petrol,4
55000,60000,6,Petrol,4
188000,72000,4,Petrol,8
87000,23000,1,Petrol,0
15500,115000,22,Petrol,6
68000,225000,10,Petrol,8
25000,212659,10,Petrol,4
230000,23000,2,Petrol,8
69999,82000,8,Petrol,4
327000,12162,2,Electric,0
30000,185677,10,Petrol,4
97000,75600,5,Petrol,4
105000,180000,9,Petrol,8
64000,20000,2,Petrol,4
699000,39900,4,Petrol,12
97000,4500,1,Petrol,4
20000,230000,12,Petrol,8
585000,48000,7,Petrol,12
14500,160132,12,Petrol,4
154000,145000,7,Petrol,6
245000,46000,5,Petrol,6
215000,16000,3,Diesel,6
399000,15500,4,Petrol,8
49000,62000,4,Petrol,4
243000,76000,6,Petrol,8
49000,25000,4,Petrol,4
379000,24000,3,Petrol,12
775000,17500,6,Petrol,8
880000,120000,5,Petrol,8
89500,93000,8,Petrol,8
150000,61098,4,Petrol,6
179900,0,1,Diesel,4
220000,300,1,Petrol,4
66000,75665,6,Petrol,4
344000,0,1,Diesel,6
525000,0,1,Petrol,6
72000,0,0,Petrol,4
195000,0,1,Petrol,4
87000,0,0,Petrol,4
76000,0,1,Petrol,4
145000,0,0,Diesel,4
305000,0,1,Hybrid,6
50000,0,1,Petrol,3
215000,0,2,Petrol,4
859000,0,2,Petrol,8
682000,0,1,Petrol,8
795000,0,1,Petrol,8
699000,0,1,Electric,0
136000,0,1,Diesel,4
75000,9000,2,Petrol,4
440000,15700,2,Petrol,8
25900,230000,12,Petrol,6
99000,200,1,Petrol,4
315000,23000,2,Electric,0
40000,230000,8,Petrol,0
215000,45000,3,Petrol,8
215000,45000,3,Petrol,8
385000,2600,2,Petrol,6
333000,164000,4,Petrol,8
199000,46000,3,Petrol,8
195000,11800,2,Petrol,8
195000,0,2,Petrol,8
299000,0,1,Petrol,4
299000,18500,4,Petrol,8
179000,58000,4,Petrol,6
44000,89000,6,Petrol,6
159000,13000,3,Petrol,6
195000,71000,4,Petrol,4
199000,68000,2,Petrol,8
139000,65000,5,Petrol,4
499000,9150,2,Petrol,8
197000,25000,2,Diesel,8
299000,0,1,Petrol,4
349000,39000,6,Petrol,6
229000,93000,5,Petrol,6
185000,19000,3,Petrol,8
28000,110000,11,Petrol,4
184000,18000,2,Petrol,8
245000,12000,1,Petrol,8
205000,20100,1,Petrol,8
325000,5000,1,Diesel,8
195000,71000,4,Petrol,4
199000,68000,2,Petrol,8
139000,65000,5,Petrol,4
499000,9150,2,Petrol,8
197000,25000,2,Diesel,8
299000,0,1,Petrol,4
349000,39000,6,Petrol,6
229000,93000,5,Petrol,6
185000,19000,3,Petrol,8
28000,110000,11,Petrol,4
184000,18000,2,Petrol,8
245000,12000,1,Petrol,8
205000,20100,1,Petrol,8
325000,5000,1,Diesel,8
155000,93000,9,Petrol,8
249000,35000,2,Diesel,8
180000,8100,3,Petrol,6
169000,3500,2,Petrol,8
105000,144000,6,Petrol,4
39000,193000,8,Petrol,4
299000,28000,5,Petrol,8
159000,600,1,Diesel,4
230000,37000,5,Petrol,6
238000,75000,6,Petrol,8
329000,32000,6,Petrol,8
79000,79000,6,Petrol,6
169000,79000,6,Petrol,4
269000,56000,4,Petrol,8
22000,190000,9,Petrol,4
28999,140000,8,Petrol,4
27000,196000,14,Petrol,4
30000,225000,11,Petrol,0
40000,300000,13,Petrol,8
225000,13000,1,Petrol,4
87000,128000,7,Petrol,4
28500,132000,9,Petrol,4
24000,167000,7,Petrol,4
19500,100000,4,Petrol,4
195000,150000,5,Petrol,6
95000,42600,3,Electric,0
90000,146000,7,Petrol,8
39000,112000,8,Petrol,4
149000,17000,50,Petrol,4
20000,220000,15,Petrol,6
128000,190000,6,Petrol,8
43000,61854,7,Petrol,4
15500,313000,16,Petrol,6
97500,27000,1,Petrol,4
16500,180000,9,Petrol,4
58000,117000,7,Petrol,4
157000,121000,6,Petrol,8
499000,97848,5,Petrol,8
1990,13000,2,Petrol,12
19000,267728,6,Petrol,4
45000,123000,7,Petrol,4
24000,342000,14,Petrol,6
18500,173400,15,Petrol,4
99900,27406,15,Petrol,12
27000,166000,8,Petrol,4
16500,158000,9,Petrol,4
32000,145000,18,Petrol,4
79000,73000,6,Petrol,3
35000,95000,18,Petrol,8
18000,355000,12,Petrol,6
320000,5000,1,Petrol,4
51999,138000,7,Hybrid,4
34999,165980,10,Petrol,6
44400,80000,4,Petrol,4
128000,80000,8,Petrol,6
160000,233000,12,Petrol,8
77000,36000,2,Hybrid,4
57000,97000,8,Petrol,6
45800,163000,11,Petrol,6
24500,138235,10,Petrol,4
22000,124006,11,Petrol,4
456000,12333,1,Petrol,8
50000,119000,7,Petrol,4
125000,139000,5,Petrol,4
64999,47000,4,Petrol,4
25000,120000,12,Petrol,8
79000,78000,4,Petrol,3
175000,64000,18,Petrol,6
395000,28000,1,Electric,0
78000,79000,2,Diesel,4
58000,37900,1,Petrol,4
28500,99323,8,Petrol,4
24000,242000,24,Petrol,8
37500,132111,10,Petrol,4
25000,256000,16,Petrol,4
46000,84000,7,Petrol,4
120000,0,1,Petrol,4
28000,225000,10,Petrol,4
14750,135304,13,Petrol,4
65000,18500,5,Petrol,0
59000,90700,4,Petrol,4
145000,97500,4,Petrol,6
127000,62222,4,Petrol,6
9000,119000,17,Petrol,4
169500,18500,1,Petrol,6
390000,39000,18,Petrol,12
15500,170000,10,Petrol,3
32000,89000,8,Petrol,3
26000,160000,8,Petrol,4
80500,159000,16,Petrol,8
940000,800,0,Petrol,8
456000,12333,1,Petrol,8
50000,119000,7,Petrol,4
125000,139000,5,Petrol,4
64999,47000,4,Petrol,4
25000,120000,12,Petrol,8
79000,78000,4,Petrol,3
175000,64000,18,Petrol,6
395000,28000,1,Electric,0
78000,79000,2,Diesel,4
58000,37900,1,Petrol,4
28500,99323,8,Petrol,4
24000,242000,24,Petrol,8
37500,132111,10,Petrol,4
25000,256000,16,Petrol,4
46000,84000,7,Petrol,4
120000,0,1,Petrol,4
28000,225000,10,Petrol,4
14750,135304,13,Petrol,4
65000,18500,5,Petrol,0
59000,90700,4,Petrol,4
145000,97500,4,Petrol,6
127000,62222,4,Petrol,6
9000,119000,17,Petrol,4
169500,18500,1,Petrol,6
390000,39000,18,Petrol,12
36500,121887,7,Petrol,4
49500,51000,7,Petrol,4
40000,122000,6,Petrol,4
85000,59000,4,Petrol,4
177000,15000,2,Petrol,4
52000,82373,5,Petrol,4
54000,122500,5,Petrol,6
30000,200000,12,Petrol,6
33000,92500,7,Petrol,4
148000,40000,2,Petrol,6
88500,0,0,Petrol,4
158000,21000,2,Petrol,6
65000,349000,9,Petrol,8
243000,0,0,Electric,0
35500,134000,12,Petrol,6
84000,195000,10,Petrol,8
240000,24000,2,Petrol,8
172000,41000,5,Petrol,8
26500,170000,14,Petrol,6
135000,125000,6,Petrol,8
88000,80000,7,Petrol,4
105000,46000,3,Petrol,4
280000,27000,7,Petrol,8
34000,120000,6,Petrol,4
49000,0,0,Petrol,4
239000,8000,2,Petrol,6
13000,117000,18,Petrol,6
115000,65000,4,Petrol,4
315000,17000,3,Petrol,6
180000,39000,4,Petrol,6
117000,7000,2,Petrol,4
110000,22000,3,Petrol,4
107000,91000,7,Petrol,6
47000,71000,3,Petrol,4
200000,60000,4,Petrol,4
105000,67000,7,Petrol,4
100000,100000,5,Petrol,4
90000,37000,4,Petrol,4
215000,35000,3,Diesel,6
80000,3500,3,Petrol,4
459000,4800,1,Petrol,4
79000,16000,4,Petrol,4
70000,97000,8,Petrol,4
52000,34000,4,Petrol,4
167000,10000,2,Petrol,6
125000,118000,5,Petrol,8
110000,28000,5,Petrol,4
149000,44820,6,Petrol,6
199000,7800,2,Petrol,4
125000,42000,4,Petrol,4
88000,80000,7,Petrol,4
105000,46000,3,Petrol,4
280000,27000,7,Petrol,8
34000,120000,6,Petrol,4
49000,0,0,Petrol,4
239000,8000,2,Petrol,6
13000,117000,18,Petrol,6
115000,65000,4,Petrol,4
315000,17000,3,Petrol,6
180000,39000,4,Petrol,6
117000,7000,2,Petrol,4
110000,22000,3,Petrol,4
107000,91000,7,Petrol,6
47000,71000,3,Petrol,4
200000,60000,4,Petrol,4
105000,67000,7,Petrol,4
100000,100000,5,Petrol,4
90000,37000,4,Petrol,4
215000,35000,3,Diesel,6
80000,3500,3,Petrol,4
145000,122000,6,Petrol,4
85000,124000,7,Petrol,4
35000,63000,4,Petrol,4
93000,58000,5,Petrol,4
228000,135000,7,Petrol,8
3700,30,1,Petrol,8
25000,268000,13,Petrol,4
838000,28500,4,Petrol,6
110000,175000,8,Petrol,8
392000,110000,4,Petrol,8
140000,177400,11,Petrol,8
535000,5657,1,Petrol,6
17000,120000,23,Petrol,6
60000,238000,6,Petrol,6
107000,9600,1,Petrol,4
31000,123000,5,Petrol,4
150000,500000,42,Petrol,8
260000,0,1,Petrol,8
265000,0,1,Petrol,6
275000,0,1,Petrol,4
280000,0,1,Petrol,0
285000,0,2,Diesel,6
120000,0,1,Diesel,4
80000,0,0,Petrol,4
150000,0,1,Hybrid,4
392000,110000,4,Petrol,8
140000,177400,11,Petrol,8
535000,5657,1,Petrol,6
17000,120000,23,Petrol,6
60000,238000,6,Petrol,6
107000,9600,1,Petrol,4
31000,123000,5,Petrol,4
150000,500000,42,Petrol,8
260000,0,1,Petrol,8
265000,0,1,Petrol,6
275000,0,1,Petrol,4
280000,0,1,Petrol,0
285000,0,2,Diesel,6
120000,0,1,Diesel,4
80000,0,0,Petrol,4
150000,0,1,Hybrid,4
195000,0,1,Hybrid,4
30000,0,1,Petrol,3
140000,0,1,Diesel,8
62000,0,1,Petrol,4
115000,0,2,Diesel,4
69000,0,1,Petrol,4
285000,0,1,Petrol,6
315000,0,1,Petrol,6
330000,0,1,Petrol,6
280000,0,1,Petrol,0
285000,0,2,Diesel,6
120000,0,1,Diesel,4
80000,0,0,Petrol,4
150000,0,1,Hybrid,4
195000,0,1,Hybrid,4
30000,0,1,Petrol,3
140000,0,1,Diesel,8
62000,0,1,Petrol,4
115000,0,2,Diesel,4
69000,0,1,Petrol,4
285000,0,1,Petrol,6
315000,0,1,Petrol,6
330000,0,1,Petrol,6
330000,0,1,Diesel,6
340000,0,1,Petrol,6
385000,0,2,Diesel,6
400000,0,1,Petrol,6
580000,34000,5,Petrol,6
92000,0,1,Diesel,4
136000,0,1,Petrol,4
122000,0,1,Petrol,4
145000,0,1,Diesel,4
145000,0,1,Diesel,6
87000,0,0,Petrol,4
89000,18,0,Petrol,4
17000,96000,20,Petrol,6
29000,167000,11,Petrol,4
99000,94000,8,Petrol,6
1490,150,2,Petrol,10
1150,19400,3,Petrol,8
1190,22425,3,Petrol,8
1290,1700,2,Petrol,8
1480,1700,1,Petrol,8
28000,159881,10,Petrol,6
115000,34800,3,Petrol,8
18000,197000,11,Petrol,6
42000,225000,8,Petrol,6
28500,150000,11,Petrol,6
125999,0,0,Petrol,4
247000,50559,9,Petrol,12
195000,3500,1,Electric,0
1750,11450,5,Petrol,0
140000,79000,4,Petrol,6
60000,353450,4,Petrol,4
55000,160540,12,Petrol,12
30000,172000,9,Petrol,6
1080,27000,3,Petrol,8
270000,16000,6,Petrol,8
390000,45000,1,Petrol,8
27500,134000,8,Petrol,6
35000,340000,12,Petrol,8
25000,255000,14,Petrol,6
42000,193089,13,Petrol,6
19999,12749,9,Petrol,4
240000,49103,24,Petrol,10
90000,76000,6,Diesel,4
1170,90,1,Petrol,8
1700,60,3,Petrol,8
4830,30,1,Petrol,8
1190,50,1,Petrol,8
1350,42126,10,Petrol,12
30000,270000,15,Petrol,0
85000,106000,5,Petrol,4
16500,155000,12,Petrol,4
42000,158000,10,Petrol,6
155000,104000,9,Petrol,8
20000,200000,18,Petrol,8
309000,1750,1,Diesel,8
329000,48500,2,Petrol,8
74000,158000,5,Petrol,4
189000,14400,2,Petrol,8
189000,33000,2,Petrol,8
175000,88000,4,Diesel,8
225000,350,0,Petrol,8
160000,44000,2,Petrol,8
151000,33000,2,Petrol,6
179500,7600,1,Petrol,8
138000,12700,2,Petrol,6
299000,400,1,Diesel,8
169000,6000,1,Petrol,6
309000,1000,1,Petrol,8
189000,18700,1,Hybrid,4
215000,300,0,Petrol,8
629000,10000,1,Petrol,8
142000,900,1,Petrol,4
153000,110000,6,Petrol,6
42000,74000,4,Petrol,4
31000,172000,11,Petrol,4
72000,93500,8,Petrol,6
319000,86700,2,Petrol,6
96500,154000,7,Petrol,6
153000,57000,3,Petrol,8
50000,198000,13,Petrol,6
76500,141770,9,Petrol,8
95000,132770,9,Petrol,6
57500,134200,8,Petrol,4
61000,95170,7,Petrol,6
94000,137700,8,Petrol,8
52500,124700,8,Petrol,4
137500,60770,8,Petrol,6
89000,60000,11,Petrol,8
177500,141770,6,Petrol,6
99000,80000,43,Petrol,0
127000,129770,6,Petrol,8
113000,165000,8,Petrol,8
23000,191000,8,Petrol,4
140000,87500,7,Petrol,8
99000,11000,2,Petrol,6
66000,14000,2,Petrol,4
44000,92000,9,Petrol,6
79000,80000,4,Petrol,6
35000,25000,4,Petrol,4
77000,5000,2,Petrol,4
37000,71000,5,Petrol,4
35000,84000,8,Petrol,3
39000,9000,2,Petrol,3
105000,72000,15,Petrol,8
69500,145000,6,Petrol,4
193000,16300,1,Petrol,4
78000,106000,8,Petrol,4
118000,102000,7,Petrol,4
145000,34000,1,Petrol,4
208000,124000,8,Petrol,8
175000,6000,1,Petrol,4
124000,112000,4,Petrol,4
135000,61000,3,Petrol,6
143000,56000,2,Petrol,4
45000,52000,5,Petrol,4
94000,40500,4,Petrol,4
75000,62000,3,Petrol,6
98000,14000,1,Petrol,4
89000,75000,7,Petrol,4
132000,49000,4,Petrol,4
139000,52000,2,Petrol,4
83000,102000,6,Petrol,4
102000,58000,5,Petrol,4
92000,61000,4,Petrol,4
102000,71000,5,Petrol,4
184999,9486,2,Petrol,4
41000,150000,8,Petrol,4
26000,282000,20,Petrol,8
575000,5800,0,Petrol,4
120000,21635,3,Petrol,4
42000,53128,6,Petrol,4
60000,157000,9,Petrol,4
27500,139400,4,Petrol,4
125000,51000,6,Petrol,6
175000,29900,4,Petrol,8
80000,118000,7,Petrol,6
47700,66566,11,Petrol,4
124999,41465,2,Petrol,4
44999,89069,10,Petrol,6
214999,27000,2,Petrol,6
104999,12403,4,Petrol,6
119999,131763,10,Petrol,8
99999,112380,6,Petrol,4
99999,48062,4,Petrol,6
99999,109878,6,Petrol,6
334999,2527,2,Petrol,6
199999,9189,2,Petrol,4
99999,14409,2,Petrol,4
84999,30432,3,Petrol,4
234999,85315,5,Electric,0
81999,62167,4,Petrol,4
199999,67052,3,Petrol,8
134999,57244,4,Petrol,4
254999,2852,1,Petrol,6
99999,73088,4,Petrol,6
184999,75250,4,Petrol,4
44999,55812,7,Petrol,6
209999,30187,1,Petrol,6
67999,141000,9,Petrol,4
180000,39660,2,Electric,0
334999,2527,2,Petrol,6
199999,9189,2,Petrol,4
99999,14409,2,Petrol,4
84999,30432,3,Petrol,4
234999,85315,5,Electric,0
81999,62167,4,Petrol,4
199999,67052,3,Petrol,8
134999,57244,4,Petrol,4
254999,2852,1,Petrol,6
99999,73088,4,Petrol,6
184999,75250,4,Petrol,4
44999,55812,7,Petrol,6
209999,30187,1,Petrol,6
67999,141000,9,Petrol,4
180000,39660,2,Electric,0
780000,5600,7,Petrol,8
25000,120000,15,Petrol,6
9000,359963,16,Petrol,0
55000,109,20,Petrol,8
225000,31200,7,Petrol,8
55000,47500,1,Petrol,5
265000,58000,4,Petrol,6
99000,55300,7,Petrol,6
112000,91100,6,Petrol,6
129000,93800,7,Petrol,5
349000,3300,0,Petrol,4
112000,56400,4,Petrol,6
225000,49300,8,Petrol,8
225000,34500,2,Petrol,6
28000,186000,9,Petrol,4
199000,48500,5,Petrol,6
149000,16500,1,Petrol,4
149000,88700,9,Petrol,6
109000,34200,2,Petrol,4
319000,20200,3,Petrol,6
109000,10700,1,Hybrid,4
179000,51300,6,Petrol,8
215000,90300,5,Petrol,6
125000,84800,7,Petrol,8
29000,209903,11,Petrol,4
539000,36400,7,Petrol,6
125000,0,0,Petrol,4
129000,8000,1,Petrol,4
279000,350,1,Petrol,6
105000,103100,5,Petrol,4
125000,116400,6,Petrol,8
65000,58925,5,Petrol,4
80000,60400,2,Petrol,4
799000,16800,1,Hybrid,8
509000,30000,9,Petrol,12
189000,109300,9,Petrol,6
609000,72600,15,Petrol,6
125000,75000,8,Petrol,8
29000,148000,33,Petrol,4
139000,92800,4,Petrol,4
379000,52900,2,Petrol,8
45000,181000,11,Petrol,6
167000,22500,1,Petrol,4
195000,63000,4,Petrol,6
176000,76000,6,Petrol,4
179000,52000,3,Petrol,4
18500,80213,4,Petrol,4
520000,32550,2,Petrol,8
38000,105000,9,Petrol,0
39000,228000,9,Petrol,6
16500,38000,9,Petrol,4
22000,244766,13,Petrol,4
105000,183689,9,Petrol,8
23500,147800,10,Petrol,0
150000,143000,10,Petrol,6
39999,125000,7,Petrol,6
23500,133000,13,Petrol,8
246000,59000,3,Petrol,0
38500,155000,10,Petrol,6
207000,63000,3,Petrol,6
25000,165000,7,Petrol,6
55000,180000,11,Petrol,6
53000,110000,7,Petrol,6
10500,230000,18,Petrol,4
99000,150000,7,Petrol,6
125500,64000,8,Petrol,4
15500,241000,10,Petrol,4
90000,67000,31,Petrol,5
330000,93000,6,Petrol,10
115000,43000,9,Petrol,8
530000,0,0,Hybrid,6
680000,0,0,Hybrid,4
90000,98000,33,Petrol,6
79000,12100,3,Petrol,4
52000,160000,7,Petrol,6
240000,155996,15,Diesel,6
569000,900,12,Petrol,12
88000,11000,2,Petrol,6
195000,25450,2,Petrol,4
195000,77327,3,Petrol,4
294000,57698,2,Petrol,4
294000,59545,2,Petrol,4
464000,39204,2,Petrol,8
204000,81880,6,Petrol,6
284000,70461,4,Petrol,6
15500,241000,10,Petrol,4
90000,67000,31,Petrol,5
330000,93000,6,Petrol,10
115000,43000,9,Petrol,8
530000,0,0,Hybrid,6
680000,0,0,Hybrid,4
90000,98000,33,Petrol,6
79000,12100,3,Petrol,4
52000,160000,7,Petrol,6
240000,155996,15,Diesel,6
569000,900,12,Petrol,12
88000,11000,2,Petrol,6
195000,25450,2,Petrol,4
195000,77327,3,Petrol,4
294000,57698,2,Petrol,4
294000,59545,2,Petrol,4
464000,39204,2,Petrol,8
204000,81880,6,Petrol,6
284000,70461,4,Petrol,6
384000,21033,1,Petrol,6
255000,58805,2,Petrol,6
274000,67749,2,Petrol,4
294000,60964,2,Petrol,6
150000,55965,2,Petrol,4
485000,15634,1,Petrol,6
173000,71287,3,Petrol,5
235000,81507,5,Petrol,6
475000,20290,1,Petrol,6
243000,17421,2,Petrol,4
274000,50851,2,Petrol,4
410000,4132,0,Petrol,6
274000,65824,2,Petrol,4
490000,28719,2,Petrol,8
410000,2367,0,Petrol,6
130000,2224,0,Petrol,3
270000,42714,4,Petrol,6
350000,34655,2,Petrol,6
365000,11596,1,Electric,0
130000,92196,5,Petrol,6
105000,70087,3,Petrol,3
110000,51491,3,Petrol,3
440000,6092,0,Electric,0
235000,25770,2,Petrol,4
80000,178000,10,Petrol,8
250000,46125,2,Petrol,6
600000,947,1,Hybrid,8
175000,13033,0,Petrol,4
192000,11871,1,Petrol,6
255000,2495,0,Electric,0
67000,86078,5,Petrol,4
74500,132000,3,Petrol,4
62999,122000,5,Petrol,4
44000,71000,6,Petrol,4
34900,107000,4,Petrol,4
139000,142000,7,Petrol,6
45000,71085,4,Petrol,6
78000,24400,3,Petrol,4
199000,26853,2,Petrol,4
105000,60681,8,Petrol,6
25000,129000,15,Petrol,6
122000,126927,7,Petrol,6
79500,176200,10,Petrol,8
269000,31000,2,Petrol,6
139000,29000,3,Petrol,4
12500,1547743,16,Petrol,6
155000,98700,6,Petrol,6
599000,100,2,Petrol,8
829000,28000,2,Petrol,8
845000,800,2,Petrol,12
499000,29000,1,Petrol,8
299000,55000,2,Petrol,6
445000,24000,5,Petrol,8
299000,4000,2,Petrol,8
2700,200,1,Petrol,12
1290,100,1,Petrol,8
78000,24400,3,Petrol,4
199000,26853,2,Petrol,4
105000,60681,8,Petrol,6
25000,129000,15,Petrol,6
122000,126927,7,Petrol,6
79500,176200,10,Petrol,8
269000,31000,2,Petrol,6
139000,29000,3,Petrol,4
12500,1547743,16,Petrol,6
155000,98700,6,Petrol,6
599000,100,2,Petrol,8
829000,28000,2,Petrol,8
845000,800,2,Petrol,12
499000,29000,1,Petrol,8
299000,55000,2,Petrol,6
445000,24000,5,Petrol,8
299000,4000,2,Petrol,8
2700,200,1,Petrol,12
1290,100,1,Petrol,8
899000,39000,5,Petrol,8
399000,69000,7,Petrol,12
1090,1000,3,Petrol,8
449000,9000,6,Petrol,12
729000,19000,7,Petrol,10
949000,9000,6,Petrol,10
1190,8000,7,Petrol,12
2490,28000,10,Petrol,8
499000,48000,11,Petrol,8
299000,15000,4,Petrol,4
599000,53000,5,Petrol,8
385000,100,11,Petrol,8
1150,500,1,Petrol,8
1450,400,1,Petrol,6
1120,29000,5,Petrol,12
875000,12000,6,Petrol,8
799000,26000,4,Petrol,8
299000,36000,9,Petrol,8
239000,53000,10,Petrol,12
365000,94000,4,Petrol,8
399000,22000,9,Petrol,12
499000,34000,5,Petrol,8
799000,500,2,Petrol,6
399000,45000,9,Petrol,8
1050,5000,2,Petrol,12
699000,5000,2,Petrol,8
945000,5000,4,Petrol,12
499000,18000,6,Petrol,12
365000,43000,10,Petrol,12
399000,63000,3,Petrol,8
299000,9000,9,Petrol,10
499000,18000,6,Petrol,12
365000,43000,10,Petrol,12
399000,63000,3,Petrol,8
299000,9000,9,Petrol,10
359000,100,0,Petrol,5
249000,67000,9,Petrol,12
279000,24000,8,Petrol,8
599000,97000,7,Petrol,12
329000,31000,6,Hybrid,3
245000,5000,1,Petrol,4
12500,5000,6,Petrol,0
1890,200,3,Petrol,8
1190,32000,6,Petrol,12
699000,19000,9,Petrol,8
429000,26000,8,Petrol,8
299000,100,2,Petrol,6
299000,8000,2,Petrol,6
785000,5000,8,Petrol,8
1650,100,3,Petrol,8
899000,3000,3,Petrol,6
1090,41000,7,Petrol,12
2290,800,3,Petrol,12
429000,99000,10,Petrol,12
2650,100,0,Electric,0
465000,35000,8,Petrol,8
265000,59000,10,Petrol,8
349000,99000,6,Petrol,8
1990,100,2,Petrol,12
129000,51000,21,Petrol,8
2550,200,0,Electric,0
2450,4000,0,Electric,0
1850,200,0,Petrol,6
329000,39000,16,Petrol,10
1499,14000,2,Petrol,8
229000,32000,9,Hybrid,3
12900,200,4,Petrol,12
449000,57000,26,Petrol,8
399000,43000,12,Petrol,12
849000,13000,4,Petrol,8
349000,23000,17,Petrol,10
365000,4000,20,Petrol,12
245000,55000,10,Petrol,12
269000,17000,12,Petrol,8
299000,18000,11,Petrol,8
2850,300,0,Petrol,8
329000,28000,24,Petrol,8
1340,14000,5,Petrol,12
399000,65000,9,Petrol,8
365000,28000,10,Petrol,12
799000,79000,8,Petrol,12
42000,39050,3,Petrol,4
50000,74300,3,Petrol,4
175000,111000,6,Petrol,8
40000,63000,9,Petrol,4
1080,11800,2,Petrol,4
59000,91000,8,Petrol,8
35000,98000,4,Petrol,4
48000,167000,7,Petrol,6
22000,58000,4,Petrol,4
33500,156480,7,Petrol,4
49000,17188,1,Petrol,4
68000,74669,6,Petrol,4
85000,72839,8,Petrol,6
108000,48977,4,Petrol,4
28000,153040,10,Petrol,6
135000,36327,2,Petrol,6
99000,96167,3,Petrol,4
48000,9910,1,Petrol,4
119900,77026,9,Petrol,8
259000,41862,4,Petrol,6
153000,20287,4,Petrol,4
135000,51718,3,Petrol,6
111900,94036,8,Petrol,8
870000,0,1,Petrol,8
23500,134000,11,Petrol,4
33500,156480,7,Petrol,4
49000,17188,1,Petrol,4
68000,74669,6,Petrol,4
85000,72839,8,Petrol,6
108000,48977,4,Petrol,4
28000,153040,10,Petrol,6
135000,36327,2,Petrol,6
99000,96167,3,Petrol,4
48000,9910,1,Petrol,4
119900,77026,9,Petrol,8
259000,41862,4,Petrol,6
153000,20287,4,Petrol,4
135000,51718,3,Petrol,6
111900,94036,8,Petrol,8
870000,0,1,Petrol,8
23500,134000,11,Petrol,4
45000,220000,5,Petrol,6
75000,244800,16,Petrol,8
44900,57000,3,Petrol,4
76500,50000,2,Petrol,4
43000,183000,11,Petrol,8
239000,68000,5,Petrol,6
73500,6000,4,Petrol,4
230000,120000,3,Petrol,8
58000,150000,8,Petrol,4
17700,138000,11,Petrol,4
42000,133000,8,Petrol,4
109000,80000,5,Petrol,4
139000,20000,4,Petrol,4
63000,90000,5,Petrol,4
55000,120000,5,Petrol,4
129000,162000,5,Petrol,6
199000,105000,3,Petrol,8
949000,2202,0,Petrol,8
799000,40000,2,Petrol,8
259000,71300,3,Petrol,8
108000,0,0,Petrol,4
259000,0,1,Petrol,4
799999,9061,1,Petrol,8
449000,8000,2,Petrol,8
205000,13000,2,Petrol,6
135000,12000,3,Petrol,8
124000,30000,3,Petrol,4
215000,78000,4,Petrol,6
248000,62000,6,Petrol,8
28000,200000,10,Petrol,6
53000,121000,10,Petrol,8
270000,20000,2,Petrol,8
22000,260000,9,Petrol,4
14500,125000,12,Petrol,4
255000,57900,3,Petrol,6
355000,38200,3,Petrol,8
340000,93000,3,Petrol,8
57500,89000,7,Petrol,4
142000,43000,4,Petrol,8
705000,14500,1,Petrol,6
480000,132000,5,Petrol,8
65000,450,1,Petrol,4
245000,87000,5,Petrol,8
207000,238000,9,Petrol,8
130000,18800,2,Petrol,4
22000,12300,10,Petrol,4
28000,129000,5,Petrol,4
520000,500,0,Petrol,8
455000,500,0,Petrol,8
380000,500,0,Petrol,6
250000,500,0,Petrol,4
255000,500,0,Petrol,4
178000,500,0,Petrol,3
475000,500,0,Petrol,6
335000,500,1,Electric,0
170000,500,0,Petrol,4
450000,500,0,Petrol,6
285000,500,0,Petrol,4
330000,500,0,Petrol,6
480000,132000,5,Petrol,8
65000,450,1,Petrol,4
245000,87000,5,Petrol,8
207000,238000,9,Petrol,8
130000,18800,2,Petrol,4
22000,12300,10,Petrol,4
28000,129000,5,Petrol,4
520000,500,0,Petrol,8
455000,500,0,Petrol,8
380000,500,0,Petrol,6
250000,500,0,Petrol,4
255000,500,0,Petrol,4
178000,500,0,Petrol,3
475000,500,0,Petrol,6
335000,500,1,Electric,0
170000,500,0,Petrol,4
450000,500,0,Petrol,6
285000,500,0,Petrol,4
330000,500,0,Petrol,6
660000,500,0,Petrol,8
365000,1000,0,Electric,0
445000,500,1,Electric,0
220000,500,0,Petrol,4
170000,500,0,Petrol,4
240000,500,0,Petrol,4
320000,500,0,Petrol,4
155000,500,0,Petrol,4
178000,500,0,Petrol,3
475000,500,0,Petrol,6
38500,75000,11,Petrol,6
265000,500,0,Petrol,4
395000,500,0,Petrol,6
75000,145000,7,Petrol,8
169000,62084,3,Petrol,4
125000,84000,8,Hybrid,6
32500,121000,8,Petrol,4
39000,114000,29,Petrol,8
25000,118000,17,Petrol,6
405000,10000,1,Petrol,4
99999,178000,11,Petrol,8
25000,151997,7,Petrol,6
18500,300000,9,Petrol,4
175000,145000,5,Petrol,6
84000,162000,8,Petrol,8
42500,149500,7,Petrol,4
34999,141640,17,Petrol,8
27000,420000,9,Petrol,4
166000,157253,5,Petrol,0
162000,111044,4,Petrol,4
29500,97508,9,Petrol,4
19000,163000,13,Petrol,4
62500,22000,2,Petrol,4
675000,42000,2,Petrol,5
40000,127000,7,Petrol,4
279000,41000,8,Petrol,8
129000,92000,14,Petrol,8
240000,163000,9,Petrol,8
330000,16000,26,Petrol,8
65000,117292,8,Petrol,4
135000,128000,4,Petrol,4
27000,190000,15,Petrol,8
19900,274000,13,Petrol,4
109000,2700,2,Petrol,8
30000,150611,9,Petrol,6
145000,21450,3,Petrol,4
32000,79000,4,Petrol,4
55000,120000,10,Petrol,6
22000,150500,8,Petrol,4
130000,154000,6,Petrol,8
115000,225000,11,Petrol,8
215000,191000,8,Petrol,8
78000,165000,10,Petrol,8
173000,134000,6,Petrol,6
63000,290000,13,Petrol,6
90000,166000,7,Petrol,6
