CLIENTNUM,Attrition_Flag,DOB_Year,Gender,Dependent_count,Education_Level,Marital_Status,Income_Category,Card_Category,Months_on_book,Months_Inactive_12_mon,Credit_Limit,Total_Trans_Ct,Avg_Utilization_Ratio
768805383,Existing Customer,1976,M,3,High School,Married,$60K - $80K,Blue,39,1,12691,42,0.061
818770008,Existing Customer,1972,F,5,Graduate,Single,Less than $40K,Blue,44,1,8256,33,0.105
713982108,Existing Customer,1970,M,3,Graduate,Married,$80K - $120K,Blue,36,1,3418,20,0
769911858,Existing Customer,1981,F,4,High School,Unknown,Less than $40K,Blue,34,4,3313,20,0.76
709106358,Existing Customer,1981,M,3,Uneducated,Married,$60K - $80K,Blue,21,1,4716,28,0
713061558,Existing Customer,1977,M,2,Graduate,Married,$40K - $60K,Blue,36,1,4010,24,0.311
810347208,Existing Customer,1970,M,4,Unknown,Married,$120K +,Gold,46,1,34516,31,0.066
818906208,Existing Customer,1989,M,0,High School,Unknown,$60K - $80K,Silver,27,2,29081,36,0.048
710930508,Existing Customer,1984,M,3,Uneducated,Single,$60K - $80K,Blue,36,2,22352,24,0.113
719661558,Existing Customer,1973,M,2,Graduate,Single,$80K - $120K,Blue,36,3,11656,32,0.144
708790833,Existing Customer,1979,M,5,Uneducated,Unknown,$120K +,Blue,31,3,6748,42,0.217
710821833,Existing Customer,1956,M,1,Unknown,Married,$40K - $60K,Blue,54,2,9095,26,0.174
710599683,Existing Customer,1965,M,1,College,Single,$80K - $120K,Blue,36,6,11751,17,0
816082233,Existing Customer,1986,M,3,Graduate,Unknown,$60K - $80K,Blue,30,1,8547,33,0.195
712396908,Existing Customer,1964,F,2,Graduate,Married,Less than $40K,Blue,48,2,2436,29,0.279
714885258,Existing Customer,1977,M,4,Unknown,Unknown,$80K - $120K,Blue,37,1,4234,27,0.23
709967358,Existing Customer,1973,M,4,Post-Graduate,Single,$80K - $120K,Blue,36,2,30367,27,0.078
753327333,Existing Customer,1980,M,3,Unknown,Married,$80K - $120K,Blue,34,4,13535,21,0.095
806160108,Existing Customer,1960,M,1,High School,Married,$40K - $60K,Blue,56,2,3193,30,0.788
709327383,Existing Customer,1976,F,2,Graduate,Married,Unknown,Blue,37,1,14470,21,0.08
806165208,Existing Customer,1974,M,1,Doctorate,Divorced,$60K - $80K,Blue,42,2,20979,27,0.086
708508758,Attrited Customer,1959,F,0,Graduate,Married,Less than $40K,Blue,49,3,1438.3,16,0
784725333,Existing Customer,1980,M,3,High School,Married,$40K - $60K,Blue,33,2,4470,18,0.152
811604133,Existing Customer,1974,F,4,Unknown,Single,Less than $40K,Blue,36,3,2492,23,0.626
789124683,Existing Customer,1967,M,2,Unknown,Married,$80K - $120K,Blue,42,2,12217,21,0
771071958,Existing Customer,1980,F,3,Graduate,Single,Less than $40K,Blue,28,1,7768,22,0.215
720466383,Existing Customer,1962,M,1,High School,Unknown,$40K - $60K,Blue,46,1,14784,23,0.093
804424383,Existing Customer,1958,M,1,Unknown,Married,$60K - $80K,Blue,56,3,10215,40,0.099
718813833,Existing Customer,1977,F,3,Uneducated,Single,Unknown,Blue,34,2,10100,18,0
806624208,Existing Customer,1974,M,4,High School,Married,$40K - $60K,Blue,42,0,4785,38,0.285
778348233,Existing Customer,1968,M,3,Unknown,Married,$80K - $120K,Blue,33,2,2753,25,0.658
712991808,Existing Customer,1968,M,2,Uneducated,Married,$60K - $80K,Blue,48,5,2451,26,0.69
709029408,Existing Customer,1980,M,4,Graduate,Married,$60K - $80K,Blue,36,1,8923,24,0.282
788658483,Existing Customer,1968,F,2,College,Married,Less than $40K,Blue,38,2,2650,28,0.562
787937058,Existing Customer,1963,M,0,Graduate,Married,$80K - $120K,Blue,49,2,12555,24,0.135
715318008,Existing Customer,1966,F,1,College,Single,Less than $40K,Blue,36,2,3520,43,0.544
713962233,Existing Customer,1966,F,3,Graduate,Married,Less than $40K,Blue,36,2,3035,37,0.757
785432733,Existing Customer,1979,F,4,High School,Married,Less than $40K,Gold,36,3,15433,22,0
715190283,Existing Customer,1964,F,1,Graduate,Unknown,$40K - $60K,Blue,49,3,3672,28,0.241
708300483,Attrited Customer,1955,F,0,Doctorate,Married,Unknown,Blue,56,4,7882,16,0.077
827111283,Existing Customer,1976,M,3,Graduate,Single,$80K - $120K,Blue,41,2,32426,28,0.018
758551608,Existing Customer,1970,M,2,Unknown,Married,$40K - $60K,Blue,44,1,6205,28,0.355
773146383,Existing Customer,1971,F,1,College,Single,$40K - $60K,Silver,43,2,17304,33,0.145
778493808,Existing Customer,1972,M,3,High School,Married,$60K - $80K,Blue,37,2,3906,32,0
720572508,Existing Customer,1983,F,4,Graduate,Single,Unknown,Blue,28,3,9830,23,0.209
712661433,Existing Customer,1972,M,4,Uneducated,Single,$80K - $120K,Blue,30,2,34516,28,0
789172683,Existing Customer,1965,M,2,Doctorate,Married,$60K - $80K,Blue,45,2,2283,27,0.626
738406533,Existing Customer,1962,M,1,Doctorate,Married,$40K - $60K,Blue,52,2,2548,27,0.793
799723908,Existing Customer,1975,M,3,High School,Married,$80K - $120K,Blue,40,3,19458,27,0.074
771490833,Existing Customer,1969,M,1,College,Single,$80K - $120K,Blue,40,1,4745,40,0.259
720756708,Existing Customer,1969,F,3,Unknown,Married,Less than $40K,Blue,41,3,2622,30,0.591
779471883,Attrited Customer,1967,F,1,Graduate,Married,Less than $40K,Blue,40,3,1438.3,19,0.562
711525033,Existing Customer,1955,F,0,High School,Married,Less than $40K,Blue,54,4,3171,38,0.687
712813458,Existing Customer,1972,M,2,Unknown,Married,$120K +,Blue,36,2,19763,35,0.127
714374133,Attrited Customer,1965,M,2,Graduate,Married,$120K +,Blue,36,3,15769,15,0
717891558,Existing Customer,1972,F,4,Graduate,Unknown,Less than $40K,Blue,36,4,3298,32,0.667
716632758,Existing Customer,1972,F,3,Graduate,Single,Less than $40K,Blue,36,2,2802,40,0.843
768563658,Existing Customer,1965,M,2,Uneducated,Married,$40K - $60K,Blue,50,2,4458,29,0.422
711427458,Existing Customer,1977,F,5,Graduate,Married,Unknown,Blue,35,1,6273,25,0.156
714091983,Existing Customer,1979,M,2,High School,Single,$60K - $80K,Blue,34,4,3336,27,0.525
787584108,Existing Customer,1966,M,3,Unknown,Married,$80K - $120K,Blue,47,2,3436,33,0.587
712030833,Attrited Customer,1973,M,2,Graduate,Married,$60K - $80K,Silver,35,4,34516,15,0
711481533,Existing Customer,1982,M,1,High School,Divorced,$60K - $80K,Blue,33,3,5926,28,0.211
710082708,Existing Customer,1977,M,4,Post-Graduate,Single,$120K +,Blue,32,4,23957,26,0.088
708155733,Existing Customer,1968,M,2,High School,Single,$120K +,Blue,44,2,14734,23,0.111
788979258,Existing Customer,1970,M,4,Uneducated,Single,$80K - $120K,Silver,38,1,34516,32,0.044
807986133,Existing Customer,1964,M,2,College,Married,$60K - $80K,Blue,52,3,6584,35,0.276
788730933,Existing Customer,1977,F,2,Uneducated,Single,Less than $40K,Blue,20,3,2084,28,0.704
711314058,Existing Customer,1972,M,2,Graduate,Married,$60K - $80K,Blue,32,2,1687,17,0.656
717975333,Existing Customer,1971,M,2,Doctorate,Married,$80K - $120K,Blue,38,2,25300,15,0.053
715971108,Existing Customer,1970,M,4,Graduate,Single,$120K +,Blue,42,2,34516,41,0.051
720096558,Existing Customer,1966,F,2,Graduate,Married,Less than $40K,Blue,42,3,2216,36,0.467
719580033,Existing Customer,1967,M,1,Graduate,Unknown,$60K - $80K,Blue,43,2,2910,21,0.698
820582308,Existing Customer,1979,M,5,Uneducated,Married,$80K - $120K,Blue,37,2,22913,35,0.067
789973308,Existing Customer,1977,M,1,College,Single,$60K - $80K,Blue,35,3,24312,24,0.079
712876233,Existing Customer,1968,M,2,Graduate,Single,$80K - $120K,Blue,36,3,5272,33,0.287
804595158,Existing Customer,1977,F,4,Graduate,Single,Less than $40K,Blue,36,4,7000,23,0.36
714826758,Existing Customer,1984,F,3,Uneducated,Single,Less than $40K,Blue,29,4,7038,57,0.256
779058108,Existing Customer,1972,M,3,Graduate,Divorced,$60K - $80K,Blue,30,1,2536,23,0.719
710790258,Existing Customer,1974,M,2,Graduate,Married,$80K - $120K,Blue,38,3,28904,35,0.066
715623483,Existing Customer,1974,M,3,Graduate,Married,$60K - $80K,Blue,37,4,8567,41,0.198
715156383,Existing Customer,1977,M,1,Unknown,Unknown,$120K +,Blue,36,2,34516,29,0.044
711013983,Attrited Customer,1966,F,4,Unknown,Married,$40K - $60K,Blue,45,4,2158,12,0
755420433,Existing Customer,1962,F,1,Graduate,Married,Unknown,Blue,52,3,10133,20,0.14
794543958,Existing Customer,1968,M,1,Graduate,Divorced,$80K - $120K,Blue,35,4,34516,27,0.035
716396358,Existing Customer,1969,M,2,Graduate,Married,$60K - $80K,Blue,47,3,3085,35,0.619
715398033,Existing Customer,1968,M,2,High School,Single,$120K +,Blue,35,2,19040,31,0.108
711743883,Existing Customer,1978,F,3,Uneducated,Single,Less than $40K,Blue,35,2,4026,32,0
719720058,Existing Customer,1977,M,3,High School,Single,$60K - $80K,Blue,31,3,12756,14,0.066
778992108,Existing Customer,1964,M,2,Unknown,Married,$120K +,Blue,45,3,5266,29,0
717539808,Existing Customer,1970,F,2,High School,Single,Less than $40K,Blue,36,2,9930,21,0
714070758,Existing Customer,1972,M,4,High School,Single,$80K - $120K,Blue,38,3,31302,35,0.062
714107958,Existing Customer,1976,M,1,Graduate,Single,$40K - $60K,Blue,36,4,6576,34,0
789140283,Existing Customer,1968,M,0,Graduate,Single,$80K - $120K,Blue,42,4,2664,29,0.765
715550508,Existing Customer,1976,F,3,Unknown,Married,Unknown,Blue,28,1,2535,20,0.963
719712633,Existing Customer,1957,M,1,Graduate,Married,Less than $40K,Blue,52,4,1709,32,0.524
772629333,Existing Customer,1976,M,3,Graduate,Married,$40K - $60K,Blue,35,4,3454,30,0.347
720336708,Existing Customer,1968,M,3,Doctorate,Married,$40K - $60K,Blue,35,3,3789,42,0.45
802013583,Existing Customer,1965,M,3,College,Married,$120K +,Blue,50,2,9689,19,0.232
711887583,Attrited Customer,1974,M,2,Unknown,Married,$80K - $120K,Blue,37,3,5449,18,0.299
714778833,Existing Customer,1972,F,3,College,Single,Unknown,Blue,43,4,23032,22,0.085
713843283,Existing Customer,1980,F,3,Unknown,Married,Unknown,Silver,34,3,34516,26,0.059
779155158,Existing Customer,1968,M,3,Graduate,Married,$120K +,Blue,34,2,2940,33,0.43
721091583,Existing Customer,1977,F,2,Graduate,Single,Less than $40K,Blue,32,3,3031,15,0.62
713572683,Existing Customer,1977,M,3,High School,Unknown,$60K - $80K,Blue,25,3,1862,34,0
716657058,Existing Customer,1978,F,4,Post-Graduate,Married,Less than $40K,Blue,33,3,8358,37,0.111
779509983,Existing Customer,1968,M,2,Post-Graduate,Single,$120K +,Blue,36,1,34516,21,0.027
717929133,Existing Customer,1977,M,1,Uneducated,Married,$60K - $80K,Blue,36,2,14450,30,0.169
808284783,Existing Customer,1959,F,1,Unknown,Married,Less than $40K,Blue,56,0,1438.3,44,0
708476808,Existing Customer,1967,M,4,Unknown,Divorced,$120K +,Blue,36,3,33791,31,0.058
710916408,Existing Customer,1964,M,4,Graduate,Married,$60K - $80K,Blue,39,3,8466,32,0.223
708492558,Existing Customer,1979,M,3,Unknown,Married,$60K - $80K,Blue,36,3,15088,21,0.057
799825758,Existing Customer,1979,M,4,High School,Divorced,$60K - $80K,Blue,36,1,3263,35,0.513
718619883,Existing Customer,1967,F,0,Uneducated,Married,Less than $40K,Blue,36,2,1494,24,0.473
711844758,Existing Customer,1973,M,3,Graduate,Single,$80K - $120K,Blue,35,1,13551,37,0.095
714798783,Existing Customer,1972,M,1,Graduate,Single,$80K - $120K,Blue,36,2,18886,18,0.047
826762908,Existing Customer,1969,M,3,High School,Unknown,$80K - $120K,Blue,48,2,11976,36,0.106
771894558,Existing Customer,1971,M,3,High School,Single,$80K - $120K,Blue,39,1,9964,25,0.156
721074183,Existing Customer,1972,M,1,Doctorate,Married,$60K - $80K,Blue,36,6,24159,24,0.05
715259583,Existing Customer,1968,F,2,High School,Married,Less than $40K,Blue,44,2,5362,38,0.355
718414008,Existing Customer,1971,M,2,Graduate,Single,$120K +,Blue,36,2,34516,13,0.03
719666283,Existing Customer,1966,F,1,Doctorate,Married,Less than $40K,Blue,36,1,3174,29,0.615
714877233,Existing Customer,1968,M,1,High School,Married,$80K - $120K,Blue,47,2,12262,38,0.15
785387883,Existing Customer,1974,F,3,High School,Single,$40K - $60K,Blue,41,3,3788,47,0.407
771075258,Existing Customer,1966,M,2,College,Single,$120K +,Silver,42,3,34516,42,0.044
711318033,Existing Customer,1974,M,3,Graduate,Single,$60K - $80K,Blue,36,2,2926,24,0
783554958,Existing Customer,1963,M,4,Graduate,Single,$120K +,Blue,52,1,32090,30,0
720201033,Attrited Customer,1968,M,2,Graduate,Married,$80K - $120K,Blue,41,3,11669,23,0.191
718039683,Existing Customer,1969,M,2,High School,Single,$40K - $60K,Blue,45,1,13532,29,0.096
710806083,Existing Customer,1971,F,1,Uneducated,Unknown,Less than $40K,Silver,36,2,11888,30,0.176
714752208,Existing Customer,1979,F,1,Graduate,Married,Less than $40K,Blue,36,1,2393,16,0.83
822063408,Existing Customer,1978,M,4,Unknown,Married,$40K - $60K,Blue,39,1,6111,16,0.412
714490308,Existing Customer,1964,M,4,Graduate,Married,$80K - $120K,Blue,46,2,19270,28,0.086
713356833,Existing Customer,1969,M,1,Graduate,Married,$80K - $120K,Blue,43,1,3710,34,0.678
711402333,Existing Customer,1974,M,2,Doctorate,Single,Less than $40K,Blue,37,1,3235,32,0.246
708296883,Existing Customer,1977,F,3,Graduate,Single,$40K - $60K,Blue,38,1,11749,27,0.067
719154483,Existing Customer,1968,M,2,High School,Divorced,$60K - $80K,Blue,36,3,7753,26,0.271
717721458,Existing Customer,1976,M,4,College,Divorced,$60K - $80K,Blue,40,1,10408,42,0.114
711112683,Existing Customer,1958,F,1,College,Married,Unknown,Blue,36,2,3967,29,0.395
715674483,Existing Customer,1982,F,2,Post-Graduate,Single,Less than $40K,Blue,27,2,6205,19,0.406
789322833,Attrited Customer,1973,F,5,High School,Married,Less than $40K,Blue,38,3,8025,18,0
789968058,Existing Customer,1970,M,1,Unknown,Single,$120K +,Blue,42,2,9036,18,0.258
709919283,Existing Customer,1967,M,4,Graduate,Married,$80K - $120K,Blue,34,3,14926,25,0.169
718744008,Existing Customer,1962,F,1,Graduate,Single,Less than $40K,Blue,36,2,6335,20,0.178
767712558,Attrited Customer,1962,M,1,College,Single,$60K - $80K,Blue,53,3,14979,10,0
712950783,Attrited Customer,1973,F,4,Uneducated,Married,Less than $40K,Blue,38,2,2732,16,0
716104983,Existing Customer,1980,F,2,Graduate,Single,Less than $40K,Blue,32,3,2250,31,0.941
818839983,Existing Customer,1966,M,2,Graduate,Married,$120K +,Blue,50,2,10916,34,0.141
772288758,Existing Customer,1974,F,4,Graduate,Married,Unknown,Blue,36,1,5349,30,0.23
712350858,Existing Customer,1980,M,2,High School,Married,$80K - $120K,Blue,24,1,9366,39,0.118
711009708,Existing Customer,1981,M,3,High School,Single,$80K - $120K,Blue,28,1,21617,22,0
712720158,Existing Customer,1953,M,1,Graduate,Married,Unknown,Blue,56,2,13860,32,0.119
712215258,Existing Customer,1971,F,1,Graduate,Single,$40K - $60K,Silver,31,2,18386,22,0
773827008,Existing Customer,1974,M,4,Uneducated,Single,$60K - $80K,Blue,41,2,2405,29,0.64
795232683,Existing Customer,1968,F,1,College,Married,Less than $40K,Blue,47,2,2154,26,0.432
713786508,Existing Customer,1979,F,5,Unknown,Married,$40K - $60K,Blue,36,3,2038,28,0
713539833,Existing Customer,1973,F,4,High School,Single,$40K - $60K,Blue,38,1,8135,29,0
712454058,Existing Customer,1972,M,1,Doctorate,Married,$120K +,Blue,38,1,9364,27,0.066
718759833,Existing Customer,1977,F,2,Uneducated,Married,Unknown,Silver,35,3,32643,24,0
718803333,Existing Customer,1978,F,4,Graduate,Divorced,Less than $40K,Blue,34,3,3195,29,0.612
720253908,Existing Customer,1965,M,0,High School,Married,$80K - $120K,Blue,43,2,2852,28,0.359
714133158,Existing Customer,1962,F,1,College,Single,Unknown,Blue,36,3,4224,31,0.309
713187033,Existing Customer,1975,M,1,Uneducated,Married,$60K - $80K,Blue,36,2,20459,38,0.101
714791208,Existing Customer,1974,F,4,Unknown,Divorced,Less than $40K,Blue,41,5,3482,24,0.607
772426383,Existing Customer,1971,F,4,Uneducated,Married,$40K - $60K,Blue,40,2,3065,28,0.512
710975883,Existing Customer,1970,F,3,Uneducated,Married,Less than $40K,Blue,43,1,2185,30,0.806
714264408,Existing Customer,1974,F,3,Uneducated,Married,Less than $40K,Blue,36,1,1611,29,0.463
715827858,Existing Customer,1963,F,4,Uneducated,Married,Less than $40K,Blue,47,3,2822,23,0.77
713741358,Attrited Customer,1975,M,5,Graduate,Single,$80K - $120K,Blue,33,3,32975,17,0.076
709531908,Existing Customer,1968,M,3,High School,Married,$60K - $80K,Blue,47,2,1438.3,53,0
716493408,Existing Customer,1976,F,4,Uneducated,Divorced,Unknown,Blue,36,3,15875,37,0.108
714141108,Existing Customer,1969,F,1,High School,Married,Less than $40K,Blue,45,3,6703,28,0.133
708953883,Attrited Customer,1968,M,2,Unknown,Married,$80K - $120K,Blue,36,2,3212,20,0
712608783,Existing Customer,1971,M,2,High School,Married,$80K - $120K,Silver,45,1,34516,34,0.037
820353558,Existing Customer,1980,F,3,High School,Married,$40K - $60K,Blue,36,1,9797,34,0.146
714964758,Existing Customer,1976,F,5,Graduate,Divorced,$40K - $60K,Blue,36,2,10400,28,0.171
716264358,Existing Customer,1968,M,3,Uneducated,Married,$80K - $120K,Blue,42,1,26792,47,0.069
717296808,Existing Customer,1954,F,1,Graduate,Married,Less than $40K,Blue,56,3,3006,32,0.837
712977183,Existing Customer,1964,F,2,Uneducated,Single,$40K - $60K,Silver,36,3,19482,22,0.055
710829108,Existing Customer,1962,F,1,Uneducated,Married,$40K - $60K,Blue,36,2,3356,28,0.294
779562633,Existing Customer,1976,M,2,Uneducated,Married,$40K - $60K,Blue,34,2,5771,18,0.39
715315833,Existing Customer,1970,M,3,Graduate,Married,$80K - $120K,Blue,36,2,11106,24,0.19
815500983,Existing Customer,1962,F,1,Uneducated,Married,Less than $40K,Blue,54,3,2890,36,0.692
719360583,Existing Customer,1968,M,1,Graduate,Married,$60K - $80K,Blue,45,2,3380,25,0.503
709701558,Existing Customer,1974,M,3,Graduate,Married,$60K - $80K,Blue,36,1,21331,50,0.059
721148358,Existing Customer,1972,F,3,Uneducated,Single,Unknown,Blue,38,2,12860,27,0
779862408,Existing Customer,1972,M,3,Post-Graduate,Single,$80K - $120K,Blue,33,1,6278,33,0.074
812627208,Existing Customer,1961,F,0,College,Single,Less than $40K,Blue,55,1,1438.3,33,0.513
711033408,Existing Customer,1971,F,2,High School,Married,Less than $40K,Blue,36,1,9355,28,0.174
779956608,Existing Customer,1980,F,2,Post-Graduate,Married,Unknown,Blue,31,1,20758,32,0
780376683,Existing Customer,1964,M,1,Graduate,Married,$80K - $120K,Blue,47,3,14612,24,0.135
717912483,Existing Customer,1978,M,4,Graduate,Unknown,$80K - $120K,Blue,27,2,27259,35,0
714454758,Existing Customer,1964,F,3,Graduate,Married,Less than $40K,Blue,47,2,6347,37,0.251
780466533,Existing Customer,1967,M,3,Doctorate,Married,$120K +,Blue,41,3,21592,52,0.078
715735233,Existing Customer,1970,F,5,Post-Graduate,Married,Less than $40K,Blue,44,1,3449,42,0.463
720476733,Existing Customer,1974,F,3,High School,Married,Less than $40K,Blue,34,1,6028,22,0.133
715872333,Existing Customer,1980,M,0,High School,Unknown,$120K +,Blue,36,2,18214,21,0.11
712375758,Existing Customer,1968,M,3,Uneducated,Married,$80K - $120K,Blue,43,3,16393,42,0.087
708868233,Attrited Customer,1953,M,0,High School,Married,Less than $40K,Blue,52,3,1438.3,21,0.626
718030083,Existing Customer,1962,M,1,College,Married,$60K - $80K,Blue,36,1,7871,22,0.214
720707283,Existing Customer,1973,M,4,Unknown,Married,$80K - $120K,Blue,36,3,5288,42,0.164
771698658,Existing Customer,1977,M,5,Graduate,Married,$60K - $80K,Blue,32,5,11376,27,0.176
748326258,Existing Customer,1973,M,3,College,Married,$80K - $120K,Blue,41,5,12302,41,0.133
770817783,Existing Customer,1974,M,4,Graduate,Married,$60K - $80K,Silver,33,2,34516,27,0.049
779353083,Existing Customer,1974,M,2,Graduate,Married,$60K - $80K,Silver,32,2,34516,32,0.043
711441333,Existing Customer,1978,F,1,High School,Divorced,Less than $40K,Silver,35,2,10514,27,0.15
719808558,Attrited Customer,1966,F,2,Graduate,Married,Less than $40K,Blue,43,4,1438.3,27,0
711551958,Attrited Customer,1962,M,2,Post-Graduate,Married,$60K - $80K,Blue,46,3,1438.3,24,0
809164083,Existing Customer,1958,M,1,Graduate,Married,$40K - $60K,Blue,56,1,2619,37,0.679
820596183,Existing Customer,1963,M,2,College,Married,$120K +,Blue,53,3,24407,48,0.098
715999608,Existing Customer,1968,F,2,High School,Married,Less than $40K,Blue,36,1,2377,26,0.694
710565408,Existing Customer,1962,M,0,Unknown,Unknown,$80K - $120K,Silver,40,2,34516,26,0.039
805543158,Existing Customer,1969,M,3,Graduate,Married,$120K +,Blue,47,3,11086,40,0.199
709752183,Existing Customer,1973,M,3,High School,Single,$60K - $80K,Blue,36,2,11432,37,0.22
716479233,Existing Customer,1978,M,4,High School,Married,$40K - $60K,Blue,36,3,13258,21,0.13
713837058,Existing Customer,1973,M,2,College,Single,Less than $40K,Blue,36,2,2571,24,0.76
718876683,Existing Customer,1978,F,4,Graduate,Single,Less than $40K,Blue,31,2,5781,32,0.202
770746908,Existing Customer,1977,M,4,Unknown,Married,$60K - $80K,Blue,30,1,7872,32,0.319
794843883,Existing Customer,1980,M,3,High School,Married,$80K - $120K,Blue,35,1,34516,33,0.035
803043933,Existing Customer,1977,F,3,Uneducated,Divorced,Less than $40K,Silver,38,1,11127,25,0.165
758076408,Existing Customer,1971,M,2,Unknown,Single,$40K - $60K,Blue,43,1,1857,43,0.863
714606558,Existing Customer,1961,F,1,Uneducated,Married,Less than $40K,Blue,36,1,1913,22,0.665
778425408,Existing Customer,1977,M,4,Graduate,Single,$80K - $120K,Blue,24,3,3839,24,0.598
714171108,Existing Customer,1973,F,3,Graduate,Divorced,$40K - $60K,Blue,39,2,2115,20,0.539
719662458,Existing Customer,1977,F,2,Graduate,Divorced,Less than $40K,Blue,27,2,1438.3,29,0.472
713137233,Existing Customer,1980,M,2,High School,Single,$80K - $120K,Blue,28,3,27756,24,0.064
769425858,Existing Customer,1976,M,3,College,Single,$60K - $80K,Blue,32,1,1438.3,26,0
711297483,Existing Customer,1974,F,2,Uneducated,Divorced,Less than $40K,Silver,34,4,13878,38,0.16
788900883,Existing Customer,1970,F,2,Graduate,Married,Less than $40K,Blue,36,1,3106,38,0.42
758348808,Existing Customer,1970,M,2,Graduate,Married,$120K +,Blue,44,3,34516,18,0.048
772336458,Attrited Customer,1961,F,1,Uneducated,Married,$40K - $60K,Blue,50,4,1438.3,12,0.713
708711483,Existing Customer,1964,M,2,Unknown,Married,$80K - $120K,Blue,46,3,18871,21,0.092
717906783,Existing Customer,1980,M,5,Graduate,Single,$120K +,Blue,29,2,5207,26,0.336
719437908,Existing Customer,1977,M,3,Post-Graduate,Divorced,$80K - $120K,Blue,36,2,17965,50,0.092
769433508,Existing Customer,1978,M,1,College,Single,$60K - $80K,Blue,37,3,2733,25,0.666
790096533,Existing Customer,1966,M,2,College,Married,$60K - $80K,Blue,48,3,8863,27,0.147
720997383,Attrited Customer,1969,M,1,Uneducated,Married,$80K - $120K,Blue,36,3,1857,17,0.987
787541883,Existing Customer,1977,M,3,Graduate,Unknown,$80K - $120K,Blue,33,3,34516,27,0
709930758,Existing Customer,1980,M,2,Uneducated,Married,$40K - $60K,Blue,30,3,11107,33,0.11
789830058,Existing Customer,1977,M,4,Unknown,Single,$80K - $120K,Blue,34,1,21573,36,0.073
710299608,Attrited Customer,1968,F,2,Unknown,Married,Less than $40K,Blue,33,3,2859,30,0.88
710741208,Existing Customer,1982,M,2,High School,Single,$80K - $120K,Blue,36,2,5269,25,0.28
821797008,Attrited Customer,1972,M,5,College,Married,$40K - $60K,Blue,45,2,1438.3,21,0
708874533,Attrited Customer,1976,F,2,College,Married,Less than $40K,Blue,36,3,3387,24,0
715341858,Existing Customer,1967,M,2,Graduate,Married,$80K - $120K,Blue,46,2,1982,49,0.65
793636308,Existing Customer,1972,M,3,Uneducated,Single,$80K - $120K,Blue,43,2,4645,33,0.355
713779908,Existing Customer,1975,F,3,Doctorate,Single,Unknown,Blue,36,3,2189,36,0.761
712125258,Attrited Customer,1975,M,4,High School,Married,$120K +,Blue,30,3,2442,19,0
709703433,Existing Customer,1974,M,3,Graduate,Married,$60K - $80K,Blue,38,1,21304,25,0.072
721022433,Existing Customer,1977,M,2,Doctorate,Single,$60K - $80K,Blue,36,1,7577,35,0.327
710103558,Existing Customer,1971,M,3,Post-Graduate,Single,$120K +,Blue,31,1,3234,28,0.459
715952883,Existing Customer,1948,M,0,High School,Married,$40K - $60K,Blue,36,3,4469,34,0.252
719731458,Existing Customer,1965,M,3,Unknown,Unknown,$40K - $60K,Blue,46,3,2910,27,0.244
772390908,Attrited Customer,1962,M,0,High School,Single,$40K - $60K,Blue,48,4,3616,17,0.291
787348608,Existing Customer,1951,M,0,High School,Married,Less than $40K,Blue,56,2,3252,15,0.46
709485033,Existing Customer,1966,F,2,High School,Married,Less than $40K,Blue,36,3,2358,26,0.489
715432608,Existing Customer,1978,M,4,Unknown,Single,$60K - $80K,Blue,36,1,22322,34,0.043
799471833,Existing Customer,1976,M,1,Uneducated,Single,$120K +,Blue,39,2,3133,38,0.482
714187533,Existing Customer,1976,F,2,Uneducated,Single,$40K - $60K,Blue,35,3,3540,28,0.24
779656908,Existing Customer,1981,M,1,Graduate,Married,$40K - $60K,Blue,23,3,6990,29,0.197
788950158,Existing Customer,1985,M,2,College,Unknown,$80K - $120K,Blue,22,2,34516,39,0.048
778867533,Attrited Customer,1962,F,0,Post-Graduate,Married,$40K - $60K,Blue,40,4,1438.3,23,0
710620383,Existing Customer,1978,M,4,Unknown,Married,$60K - $80K,Blue,35,3,24396,17,0.048
778661358,Existing Customer,1975,F,1,Unknown,Married,Less than $40K,Blue,36,3,2474,40,0.866
789483333,Existing Customer,1980,M,2,Uneducated,Married,$40K - $60K,Blue,32,1,5214,23,0.152
809855808,Existing Customer,1970,F,2,Graduate,Married,Less than $40K,Blue,46,2,5207,20,0.317
718464258,Existing Customer,1970,F,3,Unknown,Unknown,Less than $40K,Blue,25,2,9512,22,0.114
708528483,Existing Customer,1978,F,4,Graduate,Divorced,Unknown,Blue,23,3,3187,33,0.762
771809733,Attrited Customer,1957,F,0,High School,Married,$40K - $60K,Blue,53,3,3353,18,0
719942883,Existing Customer,1967,M,5,Graduate,Married,$60K - $80K,Blue,38,3,2290,18,0.626
807226683,Existing Customer,1973,M,3,Unknown,Single,$40K - $60K,Blue,43,1,5279,41,0.211
717806133,Existing Customer,1981,M,2,Uneducated,Divorced,$60K - $80K,Blue,29,3,23603,31,0
720615708,Existing Customer,1964,M,0,Uneducated,Married,$40K - $60K,Blue,45,2,2601,32,0
714511758,Existing Customer,1976,M,4,Graduate,Single,$80K - $120K,Blue,40,3,6363,16,0.162
715050408,Existing Customer,1980,M,3,High School,Single,$80K - $120K,Blue,36,3,8029,32,0.196
721132233,Existing Customer,1979,F,4,Uneducated,Married,Less than $40K,Blue,31,2,2410,30,0.734
719211558,Attrited Customer,1976,M,2,Graduate,Single,$60K - $80K,Blue,36,1,3401,18,0
712069008,Existing Customer,1979,F,4,Uneducated,Married,Less than $40K,Blue,23,2,2260,33,0.446
715996983,Existing Customer,1974,M,4,Uneducated,Divorced,$80K - $120K,Blue,30,2,17682,31,0.14
773466258,Existing Customer,1973,F,4,High School,Married,$40K - $60K,Blue,42,1,4206,22,0.262
798983508,Existing Customer,1978,M,1,Graduate,Single,$80K - $120K,Silver,37,3,34516,34,0.042
719117433,Existing Customer,1980,M,4,High School,Unknown,$80K - $120K,Blue,36,3,23018,24,0.094
716451183,Existing Customer,1967,F,1,Uneducated,Married,$40K - $60K,Blue,44,2,5556,21,0.308
718621608,Attrited Customer,1967,F,2,High School,Married,Unknown,Blue,44,3,6094,14,0
715085733,Existing Customer,1960,M,0,Graduate,Married,$40K - $60K,Blue,52,1,2939,33,0.68
788977833,Existing Customer,1960,M,0,Uneducated,Married,$80K - $120K,Blue,48,1,5362,41,0.238
720272958,Attrited Customer,1973,M,2,High School,Married,$120K +,Blue,36,3,27126,25,0
708421833,Existing Customer,1976,F,4,Graduate,Single,Less than $40K,Blue,36,3,3342,30,0.753
709173108,Attrited Customer,1967,F,4,Graduate,Married,Unknown,Blue,40,2,2532,21,0.877
709879458,Existing Customer,1967,F,3,Doctorate,Married,Unknown,Blue,46,2,1900,45,0.724
715120608,Existing Customer,1977,M,3,Graduate,Single,$60K - $80K,Blue,37,3,14546,27,0.117
770632758,Existing Customer,1971,F,4,Doctorate,Single,Unknown,Blue,36,3,2521,33,0.638
779078733,Existing Customer,1966,M,2,Doctorate,Married,$60K - $80K,Blue,36,4,16427,36,0.102
771742533,Existing Customer,1973,M,2,Graduate,Unknown,$40K - $60K,Blue,36,1,13068,28,0.131
720250158,Existing Customer,1976,M,2,College,Single,$60K - $80K,Blue,33,3,23218,37,0.078
716458983,Existing Customer,1961,M,0,High School,Married,$40K - $60K,Blue,36,1,3281,29,0.255
713747733,Existing Customer,1966,M,2,High School,Married,$40K - $60K,Blue,47,3,3096,41,0.716
712270158,Existing Customer,1959,F,0,High School,Married,$40K - $60K,Blue,52,2,2052,31,0.609
789562383,Existing Customer,1983,F,1,High School,Unknown,Less than $40K,Blue,30,3,1438.3,24,0.405
754897008,Existing Customer,1975,M,3,High School,Single,$40K - $60K,Blue,39,3,9432,26,0.15
819700533,Existing Customer,1971,M,0,High School,Single,$120K +,Silver,45,2,14938,27,0.154
712890408,Existing Customer,1976,M,2,Uneducated,Married,$60K - $80K,Blue,36,3,2221,30,0.605
720248208,Existing Customer,1974,M,3,Post-Graduate,Divorced,$60K - $80K,Blue,37,3,5731,26,0.275
779749908,Existing Customer,1973,M,4,College,Married,$60K - $80K,Gold,33,2,34516,32,0.06
717401883,Existing Customer,1986,M,3,Uneducated,Married,$60K - $80K,Blue,22,2,6985,44,0.162
721509558,Existing Customer,1970,M,2,Graduate,Married,$120K +,Blue,42,3,24221,40,0.07
710572458,Existing Customer,1985,F,3,High School,Married,Unknown,Blue,24,1,15439,43,0
714576183,Existing Customer,1974,M,4,Graduate,Single,$80K - $120K,Blue,36,3,21637,23,0.094
721425558,Existing Customer,1969,M,2,Graduate,Single,$120K +,Blue,37,3,14543,37,0
711109908,Existing Customer,1978,F,4,Uneducated,Married,Less than $40K,Blue,36,1,9684,31,0.256
715203108,Existing Customer,1958,M,2,High School,Married,$40K - $60K,Blue,36,2,5007,28,0.186
710027508,Existing Customer,1960,M,0,Graduate,Married,$60K - $80K,Blue,54,2,1616,33,0.648
787464408,Existing Customer,1968,M,2,Uneducated,Single,$60K - $80K,Blue,40,2,19116,29,0
783542133,Existing Customer,1968,F,3,Graduate,Married,Less than $40K,Blue,47,6,2759,42,0.806
708330858,Attrited Customer,1964,M,3,Graduate,Married,$120K +,Blue,38,3,8249,11,0.167
714426783,Existing Customer,1983,F,2,Graduate,Single,Unknown,Blue,31,3,14041,29,0.153
712701333,Existing Customer,1968,M,3,High School,Married,$60K - $80K,Blue,43,3,5264,27,0.412
709494483,Existing Customer,1958,F,0,Unknown,Married,Less than $40K,Blue,54,2,2420,36,0.79
773373108,Existing Customer,1972,F,4,High School,Married,Less than $40K,Blue,43,2,2826,28,0.732
715812258,Existing Customer,1976,M,2,High School,Married,$80K - $120K,Blue,34,5,12518,33,0.123
778286433,Existing Customer,1954,M,0,Graduate,Married,$40K - $60K,Blue,56,2,5876,55,0.221
789270033,Existing Customer,1973,M,3,Graduate,Single,$80K - $120K,Silver,37,2,34516,13,0
711569433,Existing Customer,1970,F,2,Uneducated,Divorced,Less than $40K,Blue,38,1,9648,22,0.2
720214833,Existing Customer,1969,M,2,High School,Single,$80K - $120K,Silver,40,3,34516,23,0.063
709346133,Existing Customer,1966,F,2,Uneducated,Married,Unknown,Blue,35,3,3025,23,0.785
788194458,Existing Customer,1987,M,3,High School,Married,$60K - $80K,Blue,26,3,3265,35,0.771
720779733,Existing Customer,1965,M,1,Uneducated,Married,$120K +,Blue,36,2,6041,49,0.224
717424458,Existing Customer,1977,F,2,Post-Graduate,Married,Less than $40K,Blue,36,3,2293,22,0.795
708820308,Existing Customer,1974,M,3,Post-Graduate,Unknown,$80K - $120K,Blue,36,2,13399,31,0.187
710558058,Existing Customer,1975,F,3,Unknown,Married,Less than $40K,Blue,38,3,4317,36,0.583
770590758,Existing Customer,1978,F,3,Graduate,Single,$40K - $60K,Blue,29,2,3378,16,0.316
718490658,Existing Customer,1971,F,1,Graduate,Single,Less than $40K,Blue,36,1,5012,28,0.447
711985833,Existing Customer,1983,F,4,Uneducated,Single,Less than $40K,Blue,30,1,2569,46,0.625
708967608,Existing Customer,1968,F,1,Graduate,Single,Less than $40K,Blue,45,1,3471,24,0.514
718505958,Existing Customer,1978,M,5,Graduate,Divorced,$120K +,Silver,31,3,34516,38,0.049
715024233,Existing Customer,1968,M,1,High School,Married,$120K +,Blue,36,3,3312,32,0.557
779249583,Existing Customer,1965,F,1,Graduate,Married,Less than $40K,Blue,38,3,2578,29,0.955
709278258,Attrited Customer,1967,M,2,Unknown,Married,$40K - $60K,Blue,44,3,2902,26,0.867
778928283,Existing Customer,1964,F,3,High School,Married,Less than $40K,Blue,39,2,2742,32,0.846
712299858,Existing Customer,1959,M,1,High School,Married,Less than $40K,Blue,53,3,2077,38,0.756
799224108,Existing Customer,1975,F,4,Graduate,Single,Less than $40K,Blue,40,1,6265,43,0.31
809976033,Existing Customer,1972,M,2,Uneducated,Married,$60K - $80K,Blue,44,3,7819,25,0.2
716203308,Existing Customer,1969,M,3,Graduate,Single,$80K - $120K,Blue,42,3,2731,22,0.62
714871683,Attrited Customer,1963,M,1,Uneducated,Married,$40K - $60K,Blue,36,4,1438.3,13,0.373
716139933,Existing Customer,1967,M,0,High School,Married,$80K - $120K,Blue,36,1,16286,49,0.105
716984658,Existing Customer,1972,M,1,Graduate,Married,$120K +,Blue,39,2,34516,31,0
713086008,Existing Customer,1963,F,3,High School,Married,Less than $40K,Blue,47,1,2609,34,0.935
713773458,Existing Customer,1969,M,2,High School,Single,$60K - $80K,Blue,45,3,7567,32,0.155
719242533,Existing Customer,1980,M,5,High School,Married,$60K - $80K,Blue,33,3,22770,38,0.111
772712658,Existing Customer,1959,F,0,Uneducated,Married,Less than $40K,Blue,50,1,3791,34,0.435
788868858,Existing Customer,1967,M,2,Graduate,Married,Less than $40K,Blue,39,4,2702,32,0.932
811898133,Existing Customer,1981,F,3,High School,Divorced,Less than $40K,Blue,35,1,2555,32,0.829
788808633,Existing Customer,1978,M,3,Graduate,Married,$80K - $120K,Blue,26,3,2355,29,0.463
779804208,Existing Customer,1968,F,2,Graduate,Single,$40K - $60K,Blue,42,2,5332,39,0
781391058,Existing Customer,1966,M,1,Uneducated,Single,$40K - $60K,Blue,49,3,1443,38,0.953
790134408,Existing Customer,1975,M,4,Graduate,Single,$60K - $80K,Blue,39,2,10741,22,0.07
788853258,Existing Customer,1980,M,1,Uneducated,Married,$60K - $80K,Blue,25,2,7984,39,0.188
711857733,Existing Customer,1972,M,3,Uneducated,Single,$60K - $80K,Blue,32,2,18584,34,0.135
822969858,Existing Customer,1960,F,0,Graduate,Married,Unknown,Blue,56,1,5585,31,0.262
719554758,Existing Customer,1975,M,2,Uneducated,Married,$80K - $120K,Blue,38,3,34516,32,0.063
711643458,Existing Customer,1971,F,1,Uneducated,Married,Less than $40K,Blue,43,3,1438.3,41,0
788830683,Existing Customer,1981,M,2,Graduate,Single,$80K - $120K,Blue,24,1,2478,31,0.82
807030858,Existing Customer,1970,M,4,High School,Single,$120K +,Blue,46,3,34516,47,0.066
793059108,Existing Customer,1971,F,2,Graduate,Married,$40K - $60K,Blue,44,2,2339,22,0.616
716568708,Existing Customer,1974,F,2,Graduate,Married,Less than $40K,Blue,36,3,2726,27,0
828281733,Existing Customer,1978,M,4,Unknown,Married,$120K +,Blue,39,3,14881,23,0.057
717229158,Existing Customer,1985,F,4,Graduate,Married,$40K - $60K,Blue,36,3,1628,15,0.595
715915458,Existing Customer,1974,F,2,Graduate,Married,Less than $40K,Blue,34,2,3156,31,0.521
819129858,Existing Customer,1975,F,2,Graduate,Single,Less than $40K,Blue,41,3,4745,31,0.268
713441958,Existing Customer,1975,M,2,High School,Married,$120K +,Blue,36,3,19727,25,0.09
719091333,Existing Customer,1969,M,0,Uneducated,Married,$60K - $80K,Blue,36,3,22720,27,0.035
708666258,Existing Customer,1978,M,4,Unknown,Married,$40K - $60K,Blue,36,3,8129,33,0.221
714914583,Existing Customer,1981,F,4,Graduate,Single,Less than $40K,Blue,27,2,3751,30,0.405
714363858,Existing Customer,1967,F,4,High School,Married,Less than $40K,Blue,36,5,1594,35,0.885
721347408,Existing Customer,1966,F,1,High School,Single,Less than $40K,Blue,43,2,2569,39,0.546
809608533,Existing Customer,1972,F,4,Post-Graduate,Single,Unknown,Blue,44,3,18206,48,0.087
772047183,Existing Customer,1976,M,4,High School,Married,$40K - $60K,Blue,34,3,3104,24,0.569
714217908,Existing Customer,1972,M,3,Graduate,Married,$40K - $60K,Blue,41,3,2406,32,0.648
714819183,Existing Customer,1958,M,1,Uneducated,Married,$80K - $120K,Blue,36,2,24571,28,0.08
716455683,Existing Customer,1981,F,3,High School,Single,Less than $40K,Gold,36,2,15534,28,0.047
710865633,Existing Customer,1980,F,2,Graduate,Married,Less than $40K,Silver,33,2,12301,29,0.183
752952108,Existing Customer,1984,M,4,Graduate,Married,$80K - $120K,Blue,26,2,2846,37,0.639
712595433,Existing Customer,1963,M,2,Uneducated,Unknown,$120K +,Blue,49,2,9788,37,0.183
714982383,Existing Customer,1966,M,2,High School,Married,$60K - $80K,Blue,36,3,7231,23,0.329
813814008,Existing Customer,1968,F,1,High School,Married,Less than $40K,Blue,48,3,2324,37,0.678
794545983,Existing Customer,1964,M,2,Graduate,Married,$80K - $120K,Blue,40,2,12208,34,0.162
708288108,Attrited Customer,1978,M,4,Post-Graduate,Unknown,$80K - $120K,Blue,30,5,5639,15,0.274
715585158,Existing Customer,1963,M,1,Graduate,Married,$60K - $80K,Blue,46,3,10021,25,0.161
810449883,Existing Customer,1957,M,0,Unknown,Married,Less than $40K,Blue,56,1,2215,27,0.865
789863208,Existing Customer,1967,F,2,Graduate,Married,Less than $40K,Blue,44,2,2027,37,0.73
715022133,Existing Customer,1968,M,2,Graduate,Married,$60K - $80K,Blue,47,2,6363,26,0.183
712506708,Existing Customer,1982,F,3,College,Single,Less than $40K,Blue,25,1,3920,53,0.512
715699983,Existing Customer,1965,M,3,High School,Married,$60K - $80K,Blue,36,1,9226,29,0.134
818942433,Existing Customer,1967,F,4,Unknown,Divorced,Less than $40K,Blue,49,1,9376,33,0.137
712459233,Existing Customer,1962,F,1,Post-Graduate,Married,$40K - $60K,Blue,46,3,1944,57,0.692
716545383,Existing Customer,1979,M,3,Uneducated,Single,$40K - $60K,Blue,36,1,9599,38,0.162
721144383,Existing Customer,1979,M,4,Graduate,Married,$60K - $80K,Silver,28,1,28202,38,0.03
821837958,Existing Customer,1978,M,3,College,Unknown,$80K - $120K,Blue,39,3,24850,25,0.067
804359133,Existing Customer,1966,M,0,High School,Married,$120K +,Blue,49,3,3805,27,0.587
713308683,Existing Customer,1969,M,1,Uneducated,Single,$80K - $120K,Blue,37,2,2733,39,0.478
788780958,Existing Customer,1975,M,1,Uneducated,Unknown,$40K - $60K,Blue,27,3,12781,21,0.098
717354558,Attrited Customer,1964,M,2,Uneducated,Married,$120K +,Blue,40,3,3106,17,0.361
798473808,Existing Customer,1973,M,3,College,Married,$80K - $120K,Blue,42,3,7477,32,0
712372158,Existing Customer,1976,M,4,Unknown,Married,$120K +,Blue,33,1,34516,47,0.06
715192308,Existing Customer,1973,M,2,High School,Married,$120K +,Blue,36,5,29963,28,0.07
708813033,Existing Customer,1974,M,1,Graduate,Single,$40K - $60K,Blue,36,3,6509,37,0.312
714639783,Attrited Customer,1979,M,3,College,Married,$60K - $80K,Blue,34,3,13450,18,0
709311633,Existing Customer,1980,M,2,Graduate,Unknown,$60K - $80K,Silver,36,2,27000,39,0
709470858,Existing Customer,1970,M,4,College,Married,$120K +,Silver,31,2,34516,25,0.036
717292758,Existing Customer,1966,F,2,Graduate,Single,Less than $40K,Blue,47,3,6347,44,0
779241783,Existing Customer,1954,M,1,Uneducated,Married,$40K - $60K,Blue,49,3,3106,38,0.539
715205358,Existing Customer,1982,M,1,Graduate,Married,$60K - $80K,Blue,31,1,2536,35,0.36
778871508,Existing Customer,1967,M,3,Post-Graduate,Single,$60K - $80K,Blue,35,3,13048,24,0.15
779462433,Existing Customer,1966,F,2,Unknown,Married,Less than $40K,Blue,37,3,2453,50,0.395
710147958,Existing Customer,1974,M,3,High School,Married,$40K - $60K,Silver,36,2,16138,33,0.077
709864833,Existing Customer,1972,M,2,Post-Graduate,Married,$60K - $80K,Blue,38,2,8077,26,0.243
778868958,Attrited Customer,1979,F,2,Graduate,Married,Less than $40K,Blue,23,3,1929,36,0.867
717276708,Existing Customer,1964,M,2,Unknown,Single,$80K - $120K,Blue,36,3,3127,30,0.805
710004933,Existing Customer,1977,M,5,Uneducated,Married,$60K - $80K,Blue,36,3,8645,25,0.168
753606108,Existing Customer,1965,M,3,Unknown,Single,$60K - $80K,Blue,49,1,1438.3,22,0
710940183,Attrited Customer,1972,F,3,Graduate,Married,Less than $40K,Blue,38,3,2185,20,0
718927533,Existing Customer,1976,M,3,Graduate,Single,$80K - $120K,Blue,32,2,24487,42,0.103
719337408,Existing Customer,1958,M,0,High School,Married,$60K - $80K,Blue,36,2,2567,43,0
772308408,Existing Customer,1977,M,3,Graduate,Single,$80K - $120K,Blue,33,3,4131,22,0.19
712981383,Existing Customer,1977,F,4,College,Married,Less than $40K,Silver,37,2,10790,16,0.179
790099758,Existing Customer,1981,M,3,High School,Married,$40K - $60K,Blue,33,3,6884,11,0.145
709547658,Attrited Customer,1982,M,2,Uneducated,Single,$60K - $80K,Blue,36,3,13961,20,0.093
778770783,Existing Customer,1979,M,4,High School,Married,$80K - $120K,Blue,30,1,29801,21,0.064
713134458,Existing Customer,1967,M,3,High School,Married,$120K +,Blue,43,1,13219,24,0
712159083,Attrited Customer,1963,F,4,Unknown,Married,Less than $40K,Blue,46,3,2536,35,0
713639958,Existing Customer,1975,F,4,Graduate,Divorced,Less than $40K,Blue,36,3,9478,41,0.087
771180033,Existing Customer,1974,F,4,Unknown,Divorced,$40K - $60K,Blue,34,1,3502,31,0.529
717916758,Existing Customer,1954,F,0,Unknown,Married,Unknown,Blue,56,3,10509,34,0.227
711089733,Existing Customer,1971,F,2,College,Divorced,Less than $40K,Blue,36,3,1491,34,0
716988633,Existing Customer,1966,M,0,High School,Divorced,$60K - $80K,Blue,46,1,9734,38,0
779031033,Existing Customer,1975,F,2,Graduate,Married,$40K - $60K,Blue,22,1,2305,36,0.706
716302383,Existing Customer,1974,F,4,Uneducated,Married,$40K - $60K,Blue,36,1,14241,44,0.146
718281408,Existing Customer,1985,F,2,Unknown,Married,$40K - $60K,Blue,25,1,4789,29,0.262
721333233,Existing Customer,1981,M,4,Doctorate,Divorced,$60K - $80K,Blue,34,2,23138,39,0.075
794496033,Existing Customer,1964,M,2,Unknown,Single,$80K - $120K,Blue,38,1,23008,36,0.099
710519433,Existing Customer,1973,M,1,Unknown,Divorced,$80K - $120K,Blue,36,1,3131,40,0.804
814995933,Existing Customer,1963,F,3,Graduate,Married,Less than $40K,Blue,53,3,5798,45,0.309
721469433,Existing Customer,1973,M,3,Graduate,Single,$40K - $60K,Blue,36,2,6880,35,0.202
788386908,Existing Customer,1973,M,3,Graduate,Unknown,$80K - $120K,Platinum,41,2,34516,29,0.044
717198633,Existing Customer,1968,F,2,College,Married,$40K - $60K,Blue,34,2,2075,49,0.708
767695083,Existing Customer,1971,M,2,Graduate,Married,$80K - $120K,Blue,44,3,4589,37,0
711791583,Attrited Customer,1969,F,1,Graduate,Single,Less than $40K,Blue,40,2,2317,19,0
712315683,Attrited Customer,1968,F,2,Uneducated,Single,Less than $40K,Blue,45,1,1981,25,0.766
710038008,Existing Customer,1965,F,1,Graduate,Single,$40K - $60K,Blue,47,2,6038,30,0
789129033,Existing Customer,1977,M,5,Unknown,Single,$80K - $120K,Blue,32,3,14910,26,0.059
718349058,Existing Customer,1972,M,3,High School,Married,$80K - $120K,Blue,39,3,29659,21,0.039
789842283,Attrited Customer,1967,M,2,Graduate,Married,$60K - $80K,Blue,42,3,4320,21,0
714513033,Existing Customer,1982,F,1,Unknown,Single,$40K - $60K,Blue,36,1,11213,23,0
714717483,Existing Customer,1982,F,3,Uneducated,Divorced,Unknown,Blue,29,1,26181,35,0
714900408,Existing Customer,1980,F,4,High School,Single,Less than $40K,Blue,31,1,5773,39,0
719418933,Attrited Customer,1968,M,2,Uneducated,Married,$80K - $120K,Blue,36,3,4503,20,0
720115683,Existing Customer,1974,M,3,Uneducated,Married,$80K - $120K,Blue,36,2,29770,42,0.053
779504058,Existing Customer,1975,F,2,Post-Graduate,Married,Less than $40K,Blue,28,1,5014,25,0.381
795979833,Existing Customer,1968,F,1,High School,Married,Less than $40K,Blue,47,1,3445,31,0.312
717392358,Existing Customer,1961,M,1,Graduate,Married,$80K - $120K,Blue,50,2,23412,50,0.046
718640508,Existing Customer,1962,F,0,Graduate,Single,Less than $40K,Blue,46,1,3044,36,0.529
803366358,Existing Customer,1983,M,1,Unknown,Single,$60K - $80K,Blue,29,2,14596,25,0.15
709230708,Existing Customer,1965,M,4,Uneducated,Single,Less than $40K,Blue,36,2,3864,42,0.428
781794708,Attrited Customer,1986,M,3,Post-Graduate,Unknown,$80K - $120K,Blue,29,1,17030,25,0.112
801383808,Existing Customer,1971,M,3,Graduate,Single,$60K - $80K,Blue,44,2,23090,24,0.036
710677608,Existing Customer,1968,M,2,Post-Graduate,Unknown,$80K - $120K,Blue,36,2,29205,43,0.041
708217758,Existing Customer,1958,M,2,Graduate,Married,$60K - $80K,Blue,49,2,14035,30,0.147
714272658,Attrited Customer,1978,F,2,Uneducated,Single,Less than $40K,Blue,24,3,2962,31,0.85
717469158,Existing Customer,1975,M,2,Unknown,Married,$80K - $120K,Blue,30,3,18578,54,0.075
711864783,Existing Customer,1960,M,1,Uneducated,Single,$60K - $80K,Blue,46,3,2201,32,0.517
719407983,Existing Customer,1984,F,0,Post-Graduate,Married,Less than $40K,Blue,25,3,2061,60,0.72
710665533,Existing Customer,1979,F,5,Doctorate,Married,Unknown,Blue,23,2,24602,44,0.067
716804283,Existing Customer,1980,M,2,Uneducated,Divorced,$120K +,Blue,29,2,15911,33,0.056
767294658,Attrited Customer,1965,M,2,College,Single,$120K +,Blue,50,2,16867,14,0
709122483,Existing Customer,1965,M,3,Graduate,Married,$60K - $80K,Blue,37,3,2783,54,0.548
708241233,Attrited Customer,1969,F,3,Post-Graduate,Single,Less than $40K,Blue,47,3,2972,25,0
717860358,Existing Customer,1981,F,3,High School,Single,$40K - $60K,Blue,36,3,5124,42,0.436
789337233,Existing Customer,1958,M,1,Graduate,Married,$40K - $60K,Blue,53,6,2880,26,0.82
720902133,Existing Customer,1963,M,1,High School,Single,$40K - $60K,Blue,46,1,5579,35,0
721043058,Existing Customer,1963,M,4,Unknown,Married,$60K - $80K,Blue,44,1,12010,35,0.179
711870333,Existing Customer,1975,M,2,Uneducated,Divorced,$80K - $120K,Blue,36,3,34516,51,0.046
708398283,Existing Customer,1984,F,1,Graduate,Married,$40K - $60K,Blue,29,2,4394,32,0.201
715878183,Existing Customer,1975,M,4,Graduate,Single,$80K - $120K,Blue,35,3,18325,33,0.039
719451483,Existing Customer,1975,F,4,Post-Graduate,Married,Less than $40K,Blue,37,3,3773,25,0.523
709110633,Existing Customer,1980,M,1,Graduate,Single,$80K - $120K,Blue,29,1,21684,24,0.081
721059033,Existing Customer,1973,F,3,High School,Divorced,$40K - $60K,Blue,40,1,1919,33,0.403
779912283,Existing Customer,1972,F,3,Graduate,Single,$40K - $60K,Blue,33,3,9995,38,0.171
717701733,Existing Customer,1977,M,2,Graduate,Married,$80K - $120K,Blue,35,2,11910,39,0.176
709913733,Existing Customer,1982,F,3,College,Married,Less than $40K,Blue,36,2,2279,32,0.671
718768158,Existing Customer,1964,M,1,College,Single,$40K - $60K,Blue,48,1,3539,23,0
721375308,Existing Customer,1973,M,3,High School,Married,$80K - $120K,Blue,36,1,30579,19,0.044
711374283,Existing Customer,1974,M,3,High School,Single,$80K - $120K,Blue,42,1,24480,32,0.079
822893133,Existing Customer,1965,F,1,Uneducated,Divorced,Unknown,Blue,52,1,17561,33,0
778465533,Existing Customer,1967,F,0,College,Married,Less than $40K,Blue,40,1,1638,51,0
712138983,Existing Customer,1967,M,1,Graduate,Married,$60K - $80K,Blue,36,3,2947,53,0.752
716920908,Existing Customer,1969,M,4,High School,Married,$80K - $120K,Blue,42,1,5738,48,0.194
708095133,Existing Customer,1978,M,4,Unknown,Unknown,$120K +,Blue,34,2,33304,29,0.055
711195558,Existing Customer,1962,M,1,College,Single,$40K - $60K,Blue,48,3,7251,36,0.221
772735758,Existing Customer,1977,M,1,Unknown,Married,Unknown,Blue,34,2,2885,31,0.657
712024908,Existing Customer,1965,F,1,College,Married,Less than $40K,Blue,36,2,2641,39,0.476
778239933,Existing Customer,1976,F,4,Graduate,Married,Unknown,Blue,35,3,2801,46,0.729
714893733,Existing Customer,1966,M,1,High School,Married,$80K - $120K,Blue,45,3,16794,33,0.048
754886958,Existing Customer,1973,F,3,College,Divorced,$40K - $60K,Blue,41,1,9336,39,0.179
710104908,Existing Customer,1965,F,5,College,Single,Less than $40K,Blue,43,1,2763,31,0.911
710558883,Existing Customer,1980,M,3,Uneducated,Married,$60K - $80K,Blue,36,3,17391,27,0.06
713827383,Existing Customer,1956,F,1,High School,Married,Less than $40K,Blue,36,2,3198,44,0.78
720267033,Existing Customer,1987,M,4,Post-Graduate,Single,$80K - $120K,Blue,26,3,5100,63,0.35
712049208,Existing Customer,1965,M,3,Post-Graduate,Married,$60K - $80K,Blue,39,1,3955,25,0.636
708688608,Existing Customer,1959,F,1,High School,Married,Less than $40K,Blue,48,3,3140,41,0.632
716223708,Attrited Customer,1976,F,3,Uneducated,Single,Unknown,Blue,36,3,4028,22,0.176
713217858,Existing Customer,1983,F,2,Uneducated,Single,Less than $40K,Blue,32,3,2264,28,0
819352983,Existing Customer,1972,M,3,Unknown,Unknown,$120K +,Blue,44,2,21620,33,0.093
711019308,Existing Customer,1963,M,2,High School,Single,$60K - $80K,Blue,45,2,6385,47,0.24
768600558,Existing Customer,1980,F,4,Graduate,Single,$40K - $60K,Blue,31,2,2375,28,0.698
710202783,Existing Customer,1988,M,2,Graduate,Married,$60K - $80K,Blue,13,3,1963,37,0.877
712899333,Existing Customer,1974,F,4,College,Single,Less than $40K,Blue,37,2,4256,29,0.255
767036433,Existing Customer,1965,F,1,Graduate,Married,Less than $40K,Blue,49,1,5097,45,0.226
793473033,Existing Customer,1970,M,1,Graduate,Single,$60K - $80K,Blue,45,2,3228,33,0.78
721232058,Existing Customer,1972,M,1,Graduate,Unknown,$40K - $60K,Silver,41,1,20231,36,0.048
719443683,Attrited Customer,1971,M,1,Unknown,Single,$120K +,Blue,39,2,27512,25,0.078
715449333,Existing Customer,1966,F,3,Unknown,Married,$40K - $60K,Blue,47,2,1929,50,0.798
717998058,Existing Customer,1995,M,0,Graduate,Single,Less than $40K,Blue,13,3,2585,40,0.781
779610033,Attrited Customer,1963,M,1,College,Married,$80K - $120K,Blue,47,3,12151,14,0.148
827332983,Existing Customer,1975,M,3,High School,Single,$80K - $120K,Gold,42,2,34516,31,0.061
721183983,Existing Customer,1973,M,4,High School,Married,$120K +,Blue,31,3,34516,37,0.029
718426533,Existing Customer,1979,M,4,Uneducated,Divorced,$60K - $80K,Blue,32,1,5504,32,0
710698233,Existing Customer,1984,M,4,Graduate,Married,$80K - $120K,Blue,28,1,10021,40,0.12
780253533,Existing Customer,1958,F,0,Unknown,Married,Less than $40K,Blue,49,3,3558,31,0.651
793581933,Existing Customer,1971,M,3,High School,Single,$40K - $60K,Silver,44,3,19853,55,0.076
719229708,Existing Customer,1980,F,1,High School,Single,$40K - $60K,Blue,31,3,4969,32,0.169
715158483,Existing Customer,1973,F,3,Graduate,Divorced,Less than $40K,Blue,40,2,3117,37,0.514
809296308,Existing Customer,1975,M,2,College,Single,$80K - $120K,Blue,41,2,21526,37,0.108
778176108,Existing Customer,1960,M,0,High School,Single,$60K - $80K,Blue,51,2,5504,38,0.257
796532958,Existing Customer,1962,F,0,Unknown,Married,Less than $40K,Blue,53,3,5512,49,0.204
709345008,Attrited Customer,1968,F,2,Doctorate,Married,Unknown,Blue,39,2,1438.3,22,0
717049533,Existing Customer,1982,F,3,Doctorate,Unknown,$40K - $60K,Blue,28,3,7262,28,0.202
719366358,Existing Customer,1970,M,3,High School,Married,$120K +,Blue,40,3,7319,29,0.231
721417233,Attrited Customer,1976,M,2,Graduate,Married,$60K - $80K,Blue,25,5,1438.3,27,0
711622683,Existing Customer,1973,M,4,Unknown,Single,$60K - $80K,Blue,30,3,7712,39,0.18
714578283,Existing Customer,1974,M,1,Graduate,Married,$60K - $80K,Blue,37,3,2053,28,0
769574883,Existing Customer,1980,M,2,High School,Married,$40K - $60K,Blue,32,1,12804,37,0.197
717643608,Existing Customer,1973,M,4,College,Married,$80K - $120K,Blue,36,3,26443,36,0.061
709198158,Existing Customer,1971,F,4,Graduate,Single,Less than $40K,Blue,36,2,3125,46,0.617
712419708,Existing Customer,1965,F,2,Post-Graduate,Married,Less than $40K,Blue,48,1,4930,53,0.458
709103358,Existing Customer,1982,F,2,College,Single,Less than $40K,Blue,36,3,9476,27,0
716966808,Existing Customer,1974,M,1,Graduate,Married,$80K - $120K,Blue,37,3,11722,35,0.142
772264383,Existing Customer,1977,M,2,Graduate,Single,$120K +,Blue,33,1,13301,50,0
721057758,Existing Customer,1960,F,1,Unknown,Married,Unknown,Blue,47,2,1438.3,27,0
769137108,Attrited Customer,1978,F,2,Post-Graduate,Married,Less than $40K,Blue,37,3,1438.3,28,0
717640083,Attrited Customer,1962,M,1,High School,Married,$60K - $80K,Blue,36,2,6705,18,0
716445783,Existing Customer,1979,F,2,Uneducated,Married,Unknown,Blue,31,2,22718,37,0
708579633,Existing Customer,1981,M,4,Unknown,Divorced,$40K - $60K,Gold,28,2,23981,34,0.075
718715583,Existing Customer,1956,M,2,Unknown,Married,Less than $40K,Blue,56,2,2318,35,0.436
778686408,Existing Customer,1973,M,1,College,Married,$60K - $80K,Blue,29,3,19324,50,0.054
715015683,Existing Customer,1977,M,2,Graduate,Single,$40K - $60K,Blue,34,3,5331,39,0.374
805254708,Existing Customer,1985,F,4,Unknown,Married,Unknown,Blue,31,2,15700,48,0.081
710462433,Existing Customer,1976,M,4,Graduate,Single,$60K - $80K,Blue,30,2,17625,39,0.051
721342383,Existing Customer,1982,M,2,Graduate,Married,$80K - $120K,Blue,34,3,17438,37,0
720179883,Existing Customer,1981,M,4,College,Unknown,$80K - $120K,Blue,25,3,1962,27,0
794977533,Attrited Customer,1959,M,0,High School,Married,$60K - $80K,Blue,56,3,8077,16,0
779445108,Existing Customer,1995,M,0,Graduate,Single,$40K - $60K,Blue,13,1,3290,54,0.491
718193958,Existing Customer,1961,M,0,Uneducated,Single,Less than $40K,Blue,53,3,2402,53,0.719
710955633,Existing Customer,1967,F,3,Doctorate,Single,Less than $40K,Blue,42,1,9256,37,0.216
716149383,Existing Customer,1959,M,0,Graduate,Married,$60K - $80K,Blue,36,3,3674,48,0.244
752604633,Attrited Customer,1964,M,2,College,Married,$40K - $60K,Blue,50,5,6462,17,0
713889933,Existing Customer,1962,M,0,Graduate,Single,$40K - $60K,Blue,48,2,1638,44,0
709446783,Existing Customer,1975,M,4,Graduate,Single,$60K - $80K,Blue,38,3,4335,36,0.572
789115833,Existing Customer,1977,M,4,High School,Single,$60K - $80K,Blue,32,3,3233,29,0.32
711242058,Attrited Customer,1973,M,4,Unknown,Single,$80K - $120K,Blue,36,3,11862,16,0.212
787623858,Existing Customer,1978,M,2,Uneducated,Divorced,$120K +,Silver,24,2,34516,45,0.056
709040508,Existing Customer,1964,M,4,Uneducated,Married,$120K +,Blue,38,6,19802,58,0.099
708864708,Existing Customer,1975,M,3,College,Unknown,$80K - $120K,Blue,36,2,24869,36,0.07
717758583,Existing Customer,1981,M,3,High School,Unknown,$60K - $80K,Blue,36,2,3624,23,0.545
715416633,Existing Customer,1967,M,1,Unknown,Married,$80K - $120K,Blue,36,1,6175,59,0.155
717956283,Existing Customer,1964,F,1,Graduate,Single,$40K - $60K,Blue,48,1,10953,29,0.178
721379433,Existing Customer,1977,M,4,Graduate,Married,$60K - $80K,Blue,28,2,11338,24,0
712027683,Existing Customer,1974,F,2,Doctorate,Married,Less than $40K,Blue,35,2,5544,38,0.214
716027208,Existing Customer,1974,M,4,Doctorate,Married,$60K - $80K,Blue,36,1,19665,58,0.036
720475233,Existing Customer,1971,F,2,High School,Married,Less than $40K,Blue,43,2,2927,26,0.482
712275108,Existing Customer,1968,F,3,College,Married,$40K - $60K,Blue,33,3,5146,44,0.314
718121658,Attrited Customer,1965,M,1,College,Married,$60K - $80K,Blue,44,3,1704,17,0
711593808,Attrited Customer,1966,M,1,High School,Married,$60K - $80K,Blue,46,2,1438.3,18,0
716222808,Existing Customer,1968,F,4,High School,Married,Less than $40K,Blue,36,1,2974,45,0.393
718731183,Attrited Customer,1960,M,1,Unknown,Married,$40K - $60K,Blue,49,2,5472,14,0.144
788779008,Existing Customer,1964,M,2,High School,Married,$60K - $80K,Blue,38,1,2736,25,0.666
710404533,Existing Customer,1971,M,2,Graduate,Married,$80K - $120K,Blue,37,2,1438.3,40,0.599
711173058,Existing Customer,1965,F,2,Unknown,Married,Unknown,Blue,45,3,5406,29,0.33
715383108,Existing Customer,1969,M,2,Graduate,Single,$120K +,Blue,44,1,34516,50,0.063
711697158,Existing Customer,1961,M,0,Graduate,Married,Less than $40K,Blue,36,2,1976,43,0.663
709186983,Existing Customer,1972,M,4,Uneducated,Married,$80K - $120K,Blue,40,1,8714,38,0.258
808964433,Existing Customer,1975,F,4,Doctorate,Divorced,Less than $40K,Blue,41,1,8693,45,0.159
711948333,Existing Customer,1979,M,1,Uneducated,Married,$80K - $120K,Blue,36,1,9247,30,0.077
710541858,Existing Customer,1976,M,3,High School,Married,Less than $40K,Blue,33,5,7717,37,0.185
713865333,Attrited Customer,1976,F,4,Uneducated,Married,Less than $40K,Blue,38,4,4908,21,0
797707008,Attrited Customer,1977,F,3,Doctorate,Married,Less than $40K,Blue,38,1,7222,18,0
713490483,Existing Customer,1960,M,0,Uneducated,Single,$80K - $120K,Blue,48,2,21740,54,0
720370533,Attrited Customer,1966,M,3,Uneducated,Married,$60K - $80K,Blue,44,2,2323,15,0
779743908,Existing Customer,1977,M,4,Unknown,Divorced,$60K - $80K,Blue,29,2,7788,30,0
718675158,Attrited Customer,1966,F,1,Unknown,Married,Less than $40K,Blue,36,1,1438.3,22,0.251
710784333,Existing Customer,1964,M,2,Unknown,Married,$120K +,Blue,36,2,23700,28,0.055
816596583,Existing Customer,1976,M,2,Doctorate,Married,$80K - $120K,Blue,40,3,11710,50,0.059
717517758,Existing Customer,1964,F,0,High School,Married,$40K - $60K,Blue,45,2,2278,45,0.371
712880283,Existing Customer,1990,M,0,Uneducated,Married,$40K - $60K,Blue,22,3,4048,45,0.275
753226158,Existing Customer,1987,F,2,Graduate,Married,Less than $40K,Blue,24,2,3663,35,0.506
720605808,Attrited Customer,1968,F,1,Graduate,Single,Less than $40K,Blue,36,2,1438.3,17,0
758317233,Existing Customer,1986,F,1,College,Single,Unknown,Blue,28,5,3518,60,0.448
711028308,Existing Customer,1977,F,4,Graduate,Married,Less than $40K,Blue,36,1,1717,29,0
814852533,Existing Customer,1971,M,1,Graduate,Married,$80K - $120K,Blue,45,2,16813,46,0.07
711526533,Existing Customer,1988,M,3,Post-Graduate,Married,$80K - $120K,Blue,25,2,16434,37,0.128
804403908,Existing Customer,1971,M,3,Graduate,Single,$60K - $80K,Blue,45,2,21872,31,0.051
716999883,Existing Customer,1970,M,4,High School,Married,$80K - $120K,Blue,41,2,15897,43,0.09
716452083,Existing Customer,1965,F,4,Unknown,Married,Less than $40K,Blue,46,3,4271,50,0.269
787599258,Existing Customer,1966,F,3,Graduate,Single,Less than $40K,Blue,29,1,7361,34,0.178
714495258,Existing Customer,1995,M,0,College,Single,Less than $40K,Blue,36,1,1438.3,37,0.333
717713283,Existing Customer,1979,F,3,Graduate,Married,Less than $40K,Blue,33,3,8628,58,0.125
789317883,Existing Customer,1967,M,2,College,Married,$80K - $120K,Blue,44,3,18750,36,0.091
714500883,Existing Customer,1977,F,3,Graduate,Married,Unknown,Blue,36,2,21242,37,0.039
789467508,Existing Customer,1956,F,0,Graduate,Married,$40K - $60K,Blue,56,3,2961,57,0.53
710317758,Existing Customer,1983,F,3,High School,Married,Unknown,Blue,29,2,11327,38,0.135
711231558,Existing Customer,1963,M,3,High School,Married,$60K - $80K,Blue,40,1,8308,37,0.303
716829483,Existing Customer,1982,F,3,Post-Graduate,Married,$40K - $60K,Blue,28,2,3249,36,0.682
779713608,Existing Customer,1969,M,2,High School,Married,$120K +,Blue,36,1,2981,30,0.456
711628458,Existing Customer,1976,F,3,Graduate,Married,Less than $40K,Blue,31,1,8829,45,0.102
718943508,Existing Customer,1979,M,3,Unknown,Single,$80K - $120K,Blue,33,3,3714,35,0.584
770724558,Attrited Customer,1979,M,2,College,Married,$60K - $80K,Blue,28,1,7340,24,0
783561558,Existing Customer,1964,M,4,Post-Graduate,Married,$120K +,Blue,51,2,16952,61,0
719309958,Attrited Customer,1966,M,3,Doctorate,Single,$80K - $120K,Blue,35,1,20865,25,0
788785083,Existing Customer,1977,F,3,College,Unknown,Less than $40K,Blue,25,3,3083,78,0.337
780481308,Existing Customer,1984,F,3,Graduate,Married,Unknown,Blue,24,2,10584,33,0.146
711757383,Existing Customer,1971,F,3,Unknown,Married,Less than $40K,Blue,42,1,2240,39,0
787550808,Existing Customer,1970,M,2,Graduate,Married,$40K - $60K,Blue,40,1,12240,26,0.128
779863533,Existing Customer,1984,M,1,Graduate,Married,$80K - $120K,Blue,21,2,5120,32,0
714529233,Existing Customer,1985,F,2,Graduate,Married,Less than $40K,Blue,24,1,3124,41,0.51
708177333,Existing Customer,1970,F,2,High School,Married,Less than $40K,Silver,36,3,11261,26,0.221
812019933,Existing Customer,1956,M,1,Uneducated,Married,$40K - $60K,Blue,56,3,2468,46,0.819
708557358,Existing Customer,1978,M,2,College,Married,$60K - $80K,Blue,28,2,22157,55,0.061
713580633,Existing Customer,1975,M,3,Graduate,Married,$40K - $60K,Blue,32,2,11477,27,0
711466533,Existing Customer,1978,F,2,Graduate,Married,Less than $40K,Blue,33,2,3933,45,0.217
802276683,Existing Customer,1965,M,3,Graduate,Married,$80K - $120K,Blue,50,3,8022,31,0.171
780913308,Existing Customer,1978,M,3,Unknown,Single,$60K - $80K,Blue,34,2,13771,42,0.183
808897683,Attrited Customer,1968,M,1,Graduate,Single,$80K - $120K,Blue,48,3,30271,47,0.046
719428308,Existing Customer,1971,M,2,High School,Unknown,$60K - $80K,Blue,41,2,3244,32,0.543
713010483,Existing Customer,1978,F,3,Graduate,Married,$40K - $60K,Blue,36,1,2936,57,0.81
717006333,Existing Customer,1967,M,3,High School,Married,$80K - $120K,Blue,36,1,1438.3,41,0.788
787621158,Existing Customer,1988,M,2,Unknown,Married,$60K - $80K,Blue,25,3,6242,59,0.079
716924058,Existing Customer,1963,F,2,Uneducated,Married,$40K - $60K,Blue,49,1,6175,25,0.189
720916683,Existing Customer,1980,M,3,Graduate,Single,$80K - $120K,Blue,26,3,11806,31,0.153
720923658,Existing Customer,1973,M,3,Post-Graduate,Single,$60K - $80K,Blue,39,2,4734,45,0.202
712710708,Existing Customer,1966,M,2,High School,Single,$40K - $60K,Blue,36,2,6244,40,0.403
718939083,Attrited Customer,1967,F,2,Graduate,Married,Less than $40K,Blue,45,1,1438.3,15,0.213
779519058,Existing Customer,1970,F,3,Post-Graduate,Divorced,Unknown,Platinum,34,1,34516,40,0.046
719085933,Existing Customer,1986,M,3,Graduate,Single,$80K - $120K,Blue,24,1,23561,64,0.037
715124958,Existing Customer,1971,M,3,Uneducated,Single,$80K - $120K,Blue,36,2,24742,31,0.068
712979133,Attrited Customer,1966,M,4,High School,Married,$80K - $120K,Blue,41,2,27560,10,0.033
712006308,Existing Customer,1976,F,0,College,Divorced,Less than $40K,Blue,35,1,5923,35,0.285
710801133,Existing Customer,1987,M,2,Uneducated,Married,$60K - $80K,Blue,36,1,8581,63,0.271
712490283,Existing Customer,1966,F,4,Graduate,Married,$40K - $60K,Blue,41,3,3156,48,0.798
720071583,Attrited Customer,1973,F,2,Unknown,Married,Less than $40K,Blue,36,1,7151,22,0.112
717958833,Existing Customer,1975,M,4,Graduate,Married,$60K - $80K,Blue,35,1,1535,25,0.456
812420358,Attrited Customer,1960,F,0,Graduate,Married,Less than $40K,Blue,56,3,2122,17,0.261
712370208,Existing Customer,1973,M,1,Uneducated,Unknown,$60K - $80K,Blue,35,2,17131,37,0.071
715940358,Existing Customer,1970,F,1,Graduate,Married,Less than $40K,Blue,42,2,5822,49,0.41
715041333,Existing Customer,1982,M,3,Doctorate,Married,$60K - $80K,Blue,29,1,3537,43,0.712
712797258,Existing Customer,1978,M,3,Graduate,Married,$120K +,Blue,33,1,34516,38,0.062
769170558,Existing Customer,1968,M,3,Graduate,Single,$60K - $80K,Blue,47,4,16320,41,0
715884858,Existing Customer,1983,M,2,High School,Married,$80K - $120K,Blue,36,3,2407,28,0.35
796343058,Existing Customer,1972,F,2,High School,Single,Less than $40K,Blue,43,1,3538,38,0
783910008,Existing Customer,1984,F,0,Unknown,Married,Less than $40K,Blue,31,2,2684,60,0.515
718888308,Existing Customer,1968,M,3,Graduate,Single,$80K - $120K,Blue,36,3,34516,33,0.073
785114808,Existing Customer,1975,M,2,Post-Graduate,Single,$40K - $60K,Silver,40,2,15459,30,0
709852908,Existing Customer,1977,F,3,Uneducated,Single,Less than $40K,Blue,36,3,4307,37,0
823528833,Existing Customer,1971,F,1,Unknown,Single,Less than $40K,Blue,46,2,2081,29,0.593
719679858,Existing Customer,1963,F,2,Uneducated,Married,$40K - $60K,Blue,47,2,2848,27,0.515
827108583,Existing Customer,1966,M,3,High School,Single,$120K +,Blue,51,1,34516,26,0.037
787833333,Existing Customer,1977,M,3,College,Unknown,$80K - $120K,Blue,35,1,6361,38,0.203
719781183,Existing Customer,1964,M,4,High School,Married,$80K - $120K,Blue,38,1,15428,40,0.101
710429358,Existing Customer,1964,M,1,High School,Married,$40K - $60K,Blue,48,1,2544,30,0.757
798792408,Attrited Customer,1973,M,3,High School,Married,$80K - $120K,Blue,42,1,9959,24,0
710280558,Existing Customer,1970,M,1,Graduate,Single,$60K - $80K,Blue,39,3,8796,18,0.286
809825358,Existing Customer,1968,F,3,Uneducated,Married,Less than $40K,Blue,48,1,3428,34,0.457
714451833,Existing Customer,1976,F,1,Doctorate,Single,Less than $40K,Blue,36,2,1438.3,34,0
713943783,Existing Customer,1980,M,4,Post-Graduate,Married,$60K - $80K,Blue,32,3,18001,25,0.05
710706558,Existing Customer,1970,F,4,Graduate,Single,Less than $40K,Blue,42,1,2680,33,0.654
713620308,Existing Customer,1975,F,2,High School,Married,Less than $40K,Blue,35,4,4675,34,0.371
813453408,Existing Customer,1981,F,5,College,Married,Less than $40K,Blue,35,1,2448,30,0.692
818248383,Existing Customer,1988,M,2,Doctorate,Married,$60K - $80K,Blue,28,3,4049,35,0
780106908,Existing Customer,1968,M,1,High School,Single,$80K - $120K,Blue,38,2,8154,26,0.122
708938508,Existing Customer,1958,M,1,High School,Married,$40K - $60K,Blue,36,3,4559,35,0.345
709671708,Existing Customer,1960,M,0,Uneducated,Single,$80K - $120K,Blue,36,2,19354,32,0.051
711204483,Attrited Customer,1965,M,4,High School,Married,$60K - $80K,Blue,46,3,2340,15,0.825
801728658,Existing Customer,1968,M,2,Graduate,Single,$60K - $80K,Blue,47,3,13848,38,0.1
713945883,Attrited Customer,1959,F,2,Graduate,Married,Less than $40K,Blue,52,2,2490,20,0.206
779558733,Existing Customer,1971,F,4,Unknown,Married,Unknown,Silver,36,1,32156,39,0.056
788370258,Existing Customer,1984,M,4,Graduate,Married,$60K - $80K,Blue,30,3,2578,64,0.976
714927333,Existing Customer,1959,F,0,Graduate,Married,Unknown,Blue,52,3,9050,43,0.17
710383158,Existing Customer,1972,M,3,Uneducated,Single,$80K - $120K,Silver,41,1,34516,47,0
798007308,Existing Customer,1964,F,3,High School,Married,Unknown,Blue,51,1,8362,41,0
711768858,Existing Customer,1966,M,2,High School,Married,$80K - $120K,Blue,36,2,6514,20,0.347
714888633,Existing Customer,1971,M,1,Graduate,Married,$80K - $120K,Blue,42,3,4051,57,0.292
712650333,Existing Customer,1973,M,3,College,Married,$60K - $80K,Blue,37,3,11959,40,0.139
719945433,Existing Customer,1961,F,1,Uneducated,Divorced,$40K - $60K,Blue,48,2,2070,53,0
720310458,Existing Customer,1975,M,1,Unknown,Single,$120K +,Blue,32,2,11840,49,0.109
718344033,Existing Customer,1974,M,2,College,Married,$120K +,Blue,35,3,3636,59,0.278
715442958,Existing Customer,1967,M,2,Uneducated,Married,$60K - $80K,Blue,36,3,11067,38,0.227
780326883,Existing Customer,1968,M,2,Doctorate,Married,$60K - $80K,Blue,40,3,11262,61,0.127
711157833,Existing Customer,1965,F,3,Graduate,Single,$40K - $60K,Blue,36,1,5108,41,0.324
719704308,Existing Customer,1965,F,4,High School,Married,$40K - $60K,Blue,36,1,2072,32,0.745
708772308,Existing Customer,1980,M,3,Uneducated,Married,$80K - $120K,Blue,24,3,4119,35,0.402
817663908,Existing Customer,1961,F,1,Graduate,Married,$40K - $60K,Blue,42,3,5903,27,0.226
780054258,Existing Customer,1981,M,5,Graduate,Unknown,$40K - $60K,Blue,25,2,7860,35,0.069
709990983,Existing Customer,1972,F,3,Post-Graduate,Married,$40K - $60K,Blue,36,2,5918,26,0.142
818045958,Existing Customer,1975,M,4,Graduate,Single,$40K - $60K,Blue,41,3,6741,46,0.259
716380683,Existing Customer,1985,F,3,High School,Married,Less than $40K,Blue,36,1,3880,39,0.397
787480158,Existing Customer,1964,F,2,Unknown,Married,Less than $40K,Blue,45,2,2494,39,0.657
778461408,Existing Customer,1983,M,1,High School,Married,$80K - $120K,Blue,23,3,22149,36,0.045
713861733,Existing Customer,1971,M,3,Graduate,Divorced,$80K - $120K,Blue,36,3,34516,65,0.045
789291633,Existing Customer,1959,M,0,Graduate,Married,$60K - $80K,Blue,51,2,5450,45,0.177
789513858,Attrited Customer,1978,M,3,Unknown,Married,$40K - $60K,Blue,35,2,1438.3,28,0
778357458,Existing Customer,1977,F,5,Unknown,Single,Less than $40K,Blue,24,3,2003,42,0.611
718325883,Existing Customer,1982,M,2,Uneducated,Single,$40K - $60K,Blue,32,3,7723,22,0.246
720344658,Existing Customer,1983,M,2,College,Married,$80K - $120K,Blue,23,1,18226,43,0.101
809292483,Existing Customer,1977,F,4,College,Married,Less than $40K,Blue,39,2,8128,32,0.227
779791008,Existing Customer,1978,M,3,High School,Married,$80K - $120K,Blue,32,2,5851,38,0.284
779557533,Existing Customer,1967,M,1,Post-Graduate,Single,$80K - $120K,Blue,40,3,10260,50,0.092
795904233,Existing Customer,1983,F,3,Unknown,Single,Unknown,Blue,32,1,26945,40,0.027
710573808,Existing Customer,1966,M,2,Unknown,Single,$60K - $80K,Blue,36,3,2243,31,0.632
717418158,Existing Customer,1979,M,5,Unknown,Unknown,$120K +,Blue,36,1,34516,34,0.053
771963708,Attrited Customer,1965,M,3,Unknown,Married,$60K - $80K,Blue,45,3,12248,25,0
712433508,Attrited Customer,1962,F,1,Unknown,Married,Unknown,Blue,50,2,1438.3,16,0
779320983,Existing Customer,1975,M,4,Uneducated,Single,$80K - $120K,Blue,28,3,19843,49,0.059
718093233,Existing Customer,1966,F,2,Post-Graduate,Married,Less than $40K,Blue,45,3,2163,47,0
719459358,Existing Customer,1969,M,1,Doctorate,Married,$120K +,Blue,41,2,33864,48,0.029
717728808,Existing Customer,1982,F,2,Graduate,Married,Less than $40K,Blue,26,1,4531,40,0.268
788701608,Existing Customer,1979,F,4,Graduate,Single,Less than $40K,Blue,26,2,2950,32,0.578
778506633,Attrited Customer,1978,F,4,College,Married,Less than $40K,Blue,23,2,7706,27,0.051
719989008,Existing Customer,1974,F,1,High School,Unknown,Unknown,Blue,36,1,25657,25,0.086
791839233,Existing Customer,1979,F,4,Unknown,Divorced,Unknown,Blue,36,3,17536,28,0.087
716918508,Existing Customer,1982,M,1,College,Single,$40K - $60K,Blue,24,3,3770,49,0.318
717321783,Existing Customer,1971,M,1,Uneducated,Single,$60K - $80K,Blue,45,2,10344,47,0.123
799000008,Existing Customer,1964,M,2,Post-Graduate,Divorced,$120K +,Blue,51,1,26437,36,0.056
721517208,Existing Customer,1980,M,4,Unknown,Married,Less than $40K,Blue,30,6,2450,29,0.803
719068683,Existing Customer,1969,F,1,High School,Married,$40K - $60K,Blue,36,1,3136,25,0.594
709120008,Existing Customer,1978,M,2,High School,Single,$60K - $80K,Blue,36,3,6976,39,0
709117533,Existing Customer,1979,M,3,High School,Single,$80K - $120K,Blue,36,3,21134,35,0.071
816594183,Existing Customer,1963,F,2,Uneducated,Married,$40K - $60K,Blue,53,2,2019,62,0.684
789485433,Existing Customer,1979,M,4,College,Married,$80K - $120K,Blue,34,2,34516,67,0.019
712881483,Existing Customer,1966,M,1,Post-Graduate,Married,$80K - $120K,Blue,45,3,9959,45,0.19
712689333,Existing Customer,1983,M,2,Unknown,Single,$80K - $120K,Blue,28,3,20241,31,0.059
771492408,Existing Customer,1981,F,2,Graduate,Married,Less than $40K,Blue,28,1,2421,30,0.722
711668283,Existing Customer,1973,M,4,Uneducated,Married,$80K - $120K,Blue,37,6,30948,35,0.078
772684833,Existing Customer,1989,F,1,Unknown,Married,Less than $40K,Blue,22,3,2642,42,0.77
712960308,Existing Customer,1988,F,2,High School,Single,Less than $40K,Blue,36,1,8070,61,0.291
713530833,Attrited Customer,1963,M,2,Graduate,Married,$40K - $60K,Blue,48,3,4085,15,0.548
756065433,Existing Customer,1995,M,0,Unknown,Single,$40K - $60K,Blue,19,2,2187,46,0.73
710997183,Existing Customer,1975,M,0,Unknown,Married,$60K - $80K,Gold,36,3,34516,39,0.032
711146358,Existing Customer,1982,F,1,Graduate,Married,Unknown,Blue,29,3,3358,33,0.524
716144058,Existing Customer,1985,F,1,College,Single,$40K - $60K,Blue,25,3,1888,66,0
778699908,Attrited Customer,1978,M,2,Uneducated,Married,$60K - $80K,Blue,24,3,14447,29,0
713571258,Existing Customer,1976,M,2,Unknown,Single,$60K - $80K,Silver,26,3,32349,41,0.05
711676908,Existing Customer,1970,F,3,College,Married,Unknown,Blue,36,2,12605,56,0.115
719315508,Existing Customer,1959,F,0,Unknown,Married,$40K - $60K,Blue,36,2,2964,25,0.81
778623858,Existing Customer,1963,M,0,Uneducated,Married,$80K - $120K,Blue,38,3,3785,49,0.511
714665733,Existing Customer,1979,M,4,Graduate,Single,$60K - $80K,Blue,36,1,2727,26,0.306
816089433,Existing Customer,1972,M,4,Doctorate,Married,$60K - $80K,Blue,44,1,3343,31,0.473
716991933,Attrited Customer,1968,F,3,Uneducated,Single,Less than $40K,Blue,35,3,9786,25,0
714534108,Existing Customer,1976,F,2,High School,Married,$40K - $60K,Blue,36,1,6407,47,0.294
787456608,Existing Customer,1992,M,2,High School,Married,$80K - $120K,Blue,15,2,4158,37,0.393
717090183,Existing Customer,1961,M,1,Doctorate,Married,$120K +,Blue,50,1,21697,48,0.099
772782708,Existing Customer,1971,M,3,Post-Graduate,Single,$80K - $120K,Blue,40,2,31383,56,0.054
710722908,Existing Customer,1968,M,3,Doctorate,Single,$120K +,Blue,36,1,30883,23,0.055
795155433,Existing Customer,1976,M,3,Unknown,Married,$80K - $120K,Blue,38,3,12918,33,0.104
715271733,Existing Customer,1971,F,2,Uneducated,Single,Less than $40K,Blue,37,3,8520,35,0.096
771706308,Existing Customer,1975,M,2,Doctorate,Single,$80K - $120K,Blue,34,3,14310,34,0.048
713989233,Existing Customer,1960,M,0,Post-Graduate,Married,Unknown,Blue,53,2,14434,32,0.134
780198258,Existing Customer,1975,M,4,College,Single,$120K +,Blue,36,2,7793,39,0.219
802002858,Attrited Customer,1959,F,1,High School,Married,Unknown,Blue,56,1,8990,19,0
716290233,Existing Customer,1978,F,3,Graduate,Married,$40K - $60K,Blue,33,2,4343,35,0
828298908,Existing Customer,1967,M,4,Graduate,Married,$120K +,Blue,50,2,2872,47,0.709
788946783,Existing Customer,1971,M,2,Unknown,Single,$120K +,Blue,36,1,9697,50,0
720697908,Existing Customer,1986,M,2,High School,Married,$40K - $60K,Blue,21,3,2967,58,0.621
780598383,Existing Customer,1986,M,3,Doctorate,Single,$40K - $60K,Blue,23,3,2148,65,0.719
715345833,Existing Customer,1985,F,1,High School,Single,Less than $40K,Blue,36,3,6116,56,0.412
710831133,Existing Customer,1979,M,3,Unknown,Married,$80K - $120K,Blue,36,2,18085,47,0.082
766706358,Existing Customer,1982,F,2,Unknown,Married,Less than $40K,Blue,32,3,2524,33,0.553
816533733,Existing Customer,1971,M,1,Unknown,Married,$80K - $120K,Blue,45,2,33951,44,0
712373208,Attrited Customer,1978,M,3,Doctorate,Single,$60K - $80K,Blue,35,3,3312,19,0
721433283,Existing Customer,1982,F,1,High School,Single,$40K - $60K,Blue,20,2,9956,39,0.112
720680058,Existing Customer,1974,M,2,Post-Graduate,Married,Less than $40K,Blue,36,1,3888,37,0.428
716909283,Existing Customer,1961,M,1,Post-Graduate,Single,$80K - $120K,Blue,48,1,30655,78,0
754654383,Existing Customer,1991,M,2,High School,Married,Less than $40K,Blue,23,2,2997,35,0.465
719226333,Existing Customer,1977,M,4,Unknown,Single,$60K - $80K,Blue,24,3,11042,25,0.2
779759058,Existing Customer,1969,M,0,Graduate,Single,$120K +,Blue,41,3,3386,40,0.53
718206783,Existing Customer,1976,F,4,Unknown,Single,Less than $40K,Gold,36,1,15987,36,0.103
715783758,Existing Customer,1981,M,4,Graduate,Divorced,$120K +,Blue,30,3,25188,38,0.051
771190083,Existing Customer,1985,F,3,Post-Graduate,Single,Less than $40K,Blue,23,2,2410,69,0.707
713135883,Existing Customer,1956,F,0,High School,Married,Unknown,Blue,53,3,4315,51,0.166
778799583,Existing Customer,1986,F,0,Unknown,Married,Less than $40K,Blue,24,1,2592,48,0.859
808796208,Existing Customer,1967,F,2,Unknown,Divorced,$40K - $60K,Blue,49,3,5476,44,0.46
708313608,Existing Customer,1968,M,3,Unknown,Married,$80K - $120K,Blue,43,3,2464,43,0.859
779330208,Existing Customer,1959,F,1,College,Married,Less than $40K,Blue,44,2,2378,45,0.677
794498733,Existing Customer,1981,M,2,Unknown,Single,$120K +,Blue,21,4,20056,46,0.08
807964908,Existing Customer,1980,M,4,High School,Married,$60K - $80K,Blue,36,2,8013,45,0.253
823845783,Existing Customer,1968,M,2,Unknown,Married,$120K +,Blue,49,2,3386,37,0.586
711748983,Existing Customer,1991,M,1,High School,Married,$60K - $80K,Blue,17,3,7906,45,0.206
718064283,Existing Customer,1975,M,3,Uneducated,Divorced,$60K - $80K,Blue,34,3,11501,41,0.062
710492733,Existing Customer,1992,M,0,Post-Graduate,Single,$40K - $60K,Blue,19,1,13632,42,0.109
779016408,Existing Customer,1984,F,3,Uneducated,Married,Less than $40K,Blue,27,1,2229,32,0.803
717787533,Existing Customer,1970,F,1,High School,Married,Less than $40K,Blue,40,1,5158,34,0.425
714851058,Existing Customer,1990,M,0,Graduate,Married,$40K - $60K,Blue,21,3,2158,42,0.801
823535133,Existing Customer,1976,M,2,Uneducated,Unknown,$80K - $120K,Blue,41,2,23271,34,0.054
708455883,Attrited Customer,1964,M,1,Graduate,Single,$80K - $120K,Blue,36,3,10244,29,0.084
780095808,Existing Customer,1978,M,3,Unknown,Divorced,$60K - $80K,Blue,30,2,2588,31,0.645
709207458,Existing Customer,1977,M,3,Graduate,Married,$40K - $60K,Blue,27,2,10747,25,0.149
763895958,Attrited Customer,1968,M,2,High School,Married,$120K +,Blue,46,3,7474,21,0
715942683,Existing Customer,1989,F,3,Graduate,Single,Less than $40K,Blue,36,1,3555,71,0
721301733,Existing Customer,1968,M,1,Graduate,Married,$80K - $120K,Blue,38,3,22140,45,0.033
711927108,Attrited Customer,1967,M,3,High School,Married,$80K - $120K,Blue,36,3,9457,28,0.037
718083483,Existing Customer,1979,M,3,Uneducated,Unknown,Less than $40K,Blue,35,5,6218,50,0.343
717548358,Existing Customer,1983,F,1,College,Married,Less than $40K,Blue,25,3,2580,57,0.878
816829608,Existing Customer,1977,M,2,Unknown,Married,$80K - $120K,Blue,39,2,1438.3,39,0
713936583,Existing Customer,1967,M,2,Graduate,Married,$60K - $80K,Blue,43,3,6224,58,0.304
709682658,Existing Customer,1984,F,4,High School,Single,$40K - $60K,Blue,36,3,3093,23,0.814
793889508,Existing Customer,1973,F,2,Graduate,Married,$40K - $60K,Blue,42,3,4076,37,0
714648933,Existing Customer,1966,F,3,Graduate,Married,Unknown,Blue,36,2,4861,40,0.231
711556533,Existing Customer,1978,F,1,Graduate,Unknown,Unknown,Blue,36,3,9851,24,0
717420333,Existing Customer,1984,M,1,High School,Single,$60K - $80K,Blue,26,3,7349,60,0.342
768921933,Existing Customer,1987,M,2,High School,Married,$60K - $80K,Blue,28,3,2853,47,0.848
714311583,Existing Customer,1975,F,4,Graduate,Single,Unknown,Blue,36,3,17023,43,0.064
717707133,Existing Customer,1989,M,1,Unknown,Single,$40K - $60K,Blue,24,2,10060,63,0.231
716043258,Existing Customer,1968,M,3,Unknown,Married,$40K - $60K,Blue,41,1,1595,41,0.545
716343408,Existing Customer,1975,M,3,Graduate,Divorced,$80K - $120K,Blue,38,2,8475,40,0.163
718909158,Existing Customer,1983,M,1,College,Married,Less than $40K,Blue,25,3,5559,37,0.118
719471433,Existing Customer,1990,F,0,Graduate,Married,Less than $40K,Blue,22,3,2917,36,0.729
712763808,Existing Customer,1983,M,2,Unknown,Single,$60K - $80K,Blue,36,3,6692,36,0.304
711147483,Attrited Customer,1975,F,3,Graduate,Single,Less than $40K,Blue,28,2,8551,32,0.125
719788833,Existing Customer,1974,M,3,High School,Married,$60K - $80K,Blue,36,2,10569,44,0
715168983,Existing Customer,1974,F,3,Graduate,Married,Less than $40K,Blue,36,2,7051,37,0
714306258,Existing Customer,1965,M,1,College,Married,$60K - $80K,Blue,46,2,10117,44,0.222
713828208,Existing Customer,1974,M,2,Uneducated,Unknown,$60K - $80K,Blue,36,2,8311,57,0
710574558,Existing Customer,1974,M,4,Graduate,Single,$80K - $120K,Blue,41,3,26442,40,0.062
710947683,Existing Customer,1957,F,0,Graduate,Married,Less than $40K,Blue,51,3,4920,31,0.232
711113958,Existing Customer,1984,F,3,Unknown,Married,Less than $40K,Blue,25,2,1438.3,31,0.469
718923858,Existing Customer,1979,M,1,College,Married,$60K - $80K,Silver,29,2,26750,29,0.045
752666508,Existing Customer,1980,M,4,College,Married,$80K - $120K,Silver,34,3,34516,22,0.039
712672083,Existing Customer,1956,F,0,High School,Married,Less than $40K,Blue,36,3,1438.3,24,0.519
719863758,Existing Customer,1972,F,3,Post-Graduate,Married,$40K - $60K,Blue,41,2,1869,34,0.406
720990183,Attrited Customer,1967,M,5,High School,Married,$60K - $80K,Blue,36,2,14539,26,0
720718908,Existing Customer,1975,M,3,Uneducated,Single,$120K +,Blue,36,1,26977,41,0.073
721250358,Existing Customer,1971,M,2,Unknown,Married,$40K - $60K,Blue,36,1,5426,22,0.272
779773533,Existing Customer,1971,F,3,Unknown,Married,Less than $40K,Blue,34,1,7623,29,0.33
708249708,Existing Customer,1973,F,1,Doctorate,Married,Less than $40K,Blue,39,3,4844,48,0.325
713967783,Existing Customer,1959,F,0,Unknown,Married,Unknown,Blue,52,1,2683,33,0.636
779506158,Existing Customer,1982,F,1,College,Married,Less than $40K,Blue,22,1,3214,42,0.702
759823158,Existing Customer,1975,M,1,Unknown,Married,$60K - $80K,Blue,39,3,5374,49,0.432
716608608,Attrited Customer,1980,M,2,Uneducated,Married,$80K - $120K,Blue,33,3,8004,32,0.181
789528183,Existing Customer,1982,F,2,Graduate,Married,Unknown,Blue,31,2,1438.3,47,0.693
708895158,Existing Customer,1975,M,2,Unknown,Married,$80K - $120K,Blue,34,3,2925,30,0.809
824805858,Existing Customer,1982,F,2,Uneducated,Single,Less than $40K,Blue,35,3,9235,49,0.16
720840108,Existing Customer,1977,M,0,Uneducated,Married,Less than $40K,Blue,24,3,8837,60,0.238
787595658,Existing Customer,1964,F,3,Unknown,Single,Less than $40K,Blue,29,1,8801,31,0.161
720244983,Existing Customer,1981,M,3,Unknown,Single,$40K - $60K,Blue,28,1,3563,42,0.479
713220258,Existing Customer,1956,F,0,High School,Married,Unknown,Blue,36,3,8138,29,0.259
813469458,Existing Customer,1995,F,1,Graduate,Single,$40K - $60K,Blue,20,3,1438.3,48,0.468
788939358,Existing Customer,1974,M,2,High School,Unknown,$60K - $80K,Blue,33,2,2458,40,0.569
718870158,Existing Customer,1974,M,4,High School,Married,$60K - $80K,Blue,34,2,4592,52,0.356
788673708,Attrited Customer,1964,F,2,High School,Married,$40K - $60K,Blue,45,1,1438.3,35,0
711809283,Existing Customer,1990,M,1,Unknown,Married,Less than $40K,Blue,36,3,1868,35,0.811
816513108,Existing Customer,1967,M,4,Graduate,Married,$60K - $80K,Blue,49,1,5269,63,0.209
718594608,Existing Customer,1978,F,2,Post-Graduate,Married,Unknown,Blue,36,3,20156,28,0.087
823606983,Existing Customer,1982,M,2,College,Married,$60K - $80K,Blue,35,3,7410,37,0.34
717028158,Existing Customer,1968,M,3,Graduate,Married,$120K +,Blue,44,2,12163,56,0.171
788485908,Existing Customer,1977,M,3,Unknown,Married,$60K - $80K,Blue,37,2,6224,34,0
714472608,Existing Customer,1962,M,0,College,Married,Less than $40K,Blue,49,3,4250,27,0.258
710793783,Existing Customer,1968,F,3,Graduate,Married,Unknown,Blue,40,3,12059,36,0.164
794340033,Existing Customer,1987,F,3,Uneducated,Married,$40K - $60K,Blue,28,1,2799,39,0.63
716462658,Existing Customer,1974,M,4,Doctorate,Single,$80K - $120K,Blue,36,1,18037,36,0
718050033,Existing Customer,1967,M,2,College,Married,$120K +,Blue,43,2,5657,55,0.304
714023808,Existing Customer,1979,F,2,Graduate,Married,Unknown,Blue,33,1,13770,36,0.183
716341833,Existing Customer,1968,F,3,College,Married,Less than $40K,Blue,44,2,4646,37,0.372
719648358,Existing Customer,1971,M,2,Graduate,Single,$80K - $120K,Blue,35,3,2514,36,0.605
816600933,Attrited Customer,1965,M,0,College,Married,$80K - $120K,Blue,51,2,14501,25,0
714208533,Attrited Customer,1978,M,3,High School,Married,$60K - $80K,Blue,36,3,8663,33,0.033
713095533,Existing Customer,1977,F,4,High School,Divorced,Less than $40K,Blue,36,3,2333,31,0.637
809967783,Existing Customer,1987,F,4,Graduate,Divorced,$40K - $60K,Blue,26,5,3038,54,0.507
715848408,Existing Customer,1960,M,1,Graduate,Unknown,$80K - $120K,Blue,52,6,8851,36,0
714414483,Existing Customer,1967,F,0,Unknown,Married,Less than $40K,Blue,44,3,2945,35,0.749
708655983,Existing Customer,1972,F,3,High School,Divorced,Unknown,Blue,40,3,5267,24,0
720426708,Attrited Customer,1965,M,3,High School,Single,$60K - $80K,Blue,45,1,8512,27,0
713743158,Existing Customer,1974,M,1,Graduate,Married,$60K - $80K,Blue,36,3,19063,21,0.09
721279083,Existing Customer,1968,M,4,Graduate,Single,$80K - $120K,Blue,33,3,5376,53,0.219
779149683,Existing Customer,1991,F,0,Graduate,Divorced,Unknown,Blue,13,1,7772,75,0.243
714970458,Existing Customer,1982,F,2,High School,Married,$40K - $60K,Blue,29,1,9173,33,0.223
719070108,Existing Customer,1977,M,2,Graduate,Married,$80K - $120K,Silver,35,1,34516,52,0.05
715490733,Existing Customer,1967,F,3,Uneducated,Single,Unknown,Blue,36,1,11975,35,0.129
714989583,Existing Customer,1975,M,2,Graduate,Married,$60K - $80K,Blue,36,2,15405,44,0.11
820355433,Existing Customer,1978,M,3,Unknown,Single,$40K - $60K,Blue,38,1,2615,34,0
715901508,Existing Customer,1986,M,1,High School,Married,$80K - $120K,Blue,25,1,23991,43,0.096
710370483,Existing Customer,1982,F,4,College,Married,Less than $40K,Blue,31,3,1888,33,0.684
778573233,Existing Customer,1960,F,1,Graduate,Married,Less than $40K,Blue,54,2,3102,50,0.674
708833133,Existing Customer,1981,F,3,Graduate,Divorced,Less than $40K,Blue,29,2,3170,49,0.794
719885883,Existing Customer,1968,M,3,College,Single,$120K +,Blue,36,2,34516,43,0.055
712523283,Existing Customer,1966,M,2,Unknown,Married,$120K +,Blue,41,3,14938,31,0
711309033,Existing Customer,1980,M,2,Unknown,Single,$60K - $80K,Blue,24,2,17298,65,0.134
708134283,Existing Customer,1986,M,2,Uneducated,Married,Less than $40K,Blue,36,3,3131,31,0.201
720147633,Existing Customer,1960,M,1,Unknown,Single,$40K - $60K,Blue,47,2,11915,63,0.137
708983658,Attrited Customer,1970,M,2,Uneducated,Single,$120K +,Blue,39,3,16868,25,0
766285608,Existing Customer,1979,M,3,High School,Single,$40K - $60K,Blue,35,3,3266,56,0.582
779715108,Existing Customer,1975,M,2,Unknown,Divorced,$80K - $120K,Blue,30,3,2770,74,0.464
798035358,Existing Customer,1975,F,4,High School,Single,Less than $40K,Blue,40,2,3556,41,0.611
719391783,Existing Customer,1975,M,4,Uneducated,Married,$40K - $60K,Blue,35,2,9149,60,0.171
809342208,Existing Customer,1995,M,0,Graduate,Single,Unknown,Blue,19,1,1438.3,47,0
780713058,Existing Customer,1975,M,3,High School,Married,$60K - $80K,Blue,35,3,14701,69,0.111
779338683,Existing Customer,1959,M,1,Graduate,Married,$60K - $80K,Blue,44,2,14825,49,0.065
783387783,Existing Customer,1966,M,2,Uneducated,Divorced,$60K - $80K,Blue,49,5,10127,53,0.185
787800108,Existing Customer,1966,M,2,College,Married,$80K - $120K,Blue,45,1,2929,39,0.83
721397808,Existing Customer,1989,M,0,High School,Married,$40K - $60K,Blue,24,2,3735,41,0.315
778698408,Existing Customer,1984,F,4,Uneducated,Married,Less than $40K,Blue,18,1,2930,34,0.691
709545333,Existing Customer,1988,F,4,High School,Single,Unknown,Blue,29,2,12716,64,0.118
716032233,Existing Customer,1979,M,2,College,Married,$80K - $120K,Blue,32,2,22120,65,0.082
717835908,Existing Customer,1988,M,2,Post-Graduate,Married,$80K - $120K,Blue,22,3,1438.3,48,0.473
719466558,Existing Customer,1961,F,0,High School,Single,Unknown,Blue,36,2,4546,34,0
778663458,Attrited Customer,1956,M,1,High School,Married,Less than $40K,Blue,47,2,1759,18,0
716024808,Attrited Customer,1964,M,1,Graduate,Married,$80K - $120K,Blue,36,3,4829,21,0.501
713008308,Existing Customer,1962,F,0,Unknown,Married,Less than $40K,Blue,47,3,7692,42,0.218
794831733,Existing Customer,1976,F,5,Graduate,Married,Less than $40K,Blue,39,3,2156,28,0.56
713854608,Existing Customer,1959,M,1,Uneducated,Married,$60K - $80K,Blue,36,3,9521,63,0.175
715993608,Existing Customer,1970,M,2,College,Single,$120K +,Blue,41,3,26714,50,0.094
789368658,Existing Customer,1964,M,2,Graduate,Married,$80K - $120K,Blue,47,2,2092,30,0.663
802817358,Existing Customer,1983,F,3,High School,Married,Unknown,Blue,32,2,11594,51,0.179
708098133,Existing Customer,1989,F,0,Graduate,Married,Less than $40K,Blue,19,1,2834,39,0.5
801499908,Existing Customer,1978,F,4,Graduate,Married,Less than $40K,Blue,37,3,4724,31,0.435
824770683,Existing Customer,1970,F,0,Unknown,Divorced,Less than $40K,Blue,47,4,3049,76,0.378
718310733,Existing Customer,1971,M,2,Unknown,Divorced,$80K - $120K,Blue,36,3,20614,48,0
708162558,Existing Customer,1957,F,0,Uneducated,Married,Unknown,Blue,54,1,3250,36,0.613
721129383,Existing Customer,1968,F,1,Doctorate,Married,Less than $40K,Blue,36,1,3128,42,0.805
721249158,Attrited Customer,1979,M,2,Uneducated,Single,$60K - $80K,Blue,30,2,6414,14,0
721049658,Existing Customer,1968,M,3,Graduate,Single,$80K - $120K,Blue,34,3,2506,62,0
806392908,Existing Customer,1969,F,4,High School,Single,Unknown,Blue,47,2,7469,33,0.313
714886533,Existing Customer,1961,F,2,High School,Married,Less than $40K,Blue,36,3,3460,34,0.727
772375533,Existing Customer,1991,M,1,Graduate,Married,$80K - $120K,Blue,19,3,9959,39,0.239
826775058,Existing Customer,1978,F,3,Uneducated,Married,Less than $40K,Blue,39,1,4175,36,0.603
711878733,Existing Customer,1961,M,1,Uneducated,Married,$60K - $80K,Blue,48,1,10264,45,0.202
714550383,Existing Customer,1975,M,2,High School,Single,$40K - $60K,Blue,36,3,4129,40,0
712636308,Existing Customer,1956,F,2,High School,Married,$40K - $60K,Blue,45,2,2658,26,0.57
772139433,Existing Customer,1977,F,2,College,Single,$40K - $60K,Blue,33,2,4589,61,0.27
709058808,Existing Customer,1965,F,2,College,Married,Less than $40K,Blue,36,1,2781,42,0.372
813240408,Existing Customer,1976,F,4,High School,Married,Unknown,Blue,39,3,24880,25,0.034
767753958,Existing Customer,1984,M,3,Graduate,Unknown,$40K - $60K,Blue,31,1,8504,51,0.23
710111733,Existing Customer,1973,M,2,High School,Married,$80K - $120K,Blue,39,1,8091,28,0.247
761544333,Existing Customer,1984,F,4,College,Married,$40K - $60K,Blue,30,4,3417,32,0.737
788814783,Existing Customer,1982,M,1,Uneducated,Single,$60K - $80K,Blue,22,3,9204,58,0.092
715034358,Existing Customer,1980,M,2,Graduate,Married,$120K +,Blue,32,2,14302,35,0.147
709624533,Existing Customer,1966,F,2,High School,Married,Less than $40K,Blue,45,2,3187,38,0.79
709942383,Existing Customer,1987,M,1,Graduate,Married,$80K - $120K,Blue,36,3,6313,34,0.124
803957508,Existing Customer,1969,M,2,Unknown,Single,$80K - $120K,Blue,47,1,15904,33,0.064
713378133,Existing Customer,1967,F,0,Post-Graduate,Single,Less than $40K,Silver,39,2,11696,60,0.196
709217358,Existing Customer,1981,M,3,Post-Graduate,Married,$80K - $120K,Blue,36,3,20371,45,0.09
720998358,Existing Customer,1969,M,0,High School,Married,$120K +,Silver,41,3,34516,38,0.03
721051908,Existing Customer,1976,M,3,Graduate,Single,$60K - $80K,Blue,33,1,7552,32,0
715232058,Existing Customer,1960,M,0,Post-Graduate,Married,$40K - $60K,Blue,53,1,5561,42,0.258
806250783,Existing Customer,1964,F,2,High School,Married,Less than $40K,Blue,52,3,1441,58,0
817245183,Existing Customer,1970,M,2,Unknown,Unknown,$120K +,Blue,33,2,19715,40,0.051
713670333,Existing Customer,1961,M,1,Unknown,Single,Less than $40K,Blue,52,3,2486,27,0.589
826477083,Existing Customer,1973,F,2,College,Married,Less than $40K,Blue,44,1,4570,34,0.534
788728608,Existing Customer,1987,M,0,High School,Married,$40K - $60K,Blue,13,3,3870,36,0.36
717190533,Existing Customer,1972,M,4,High School,Married,$60K - $80K,Blue,36,3,12938,32,0.051
716580033,Existing Customer,1968,M,3,High School,Married,$120K +,Blue,36,1,21178,59,0.085
711644508,Existing Customer,1987,M,2,Uneducated,Single,$80K - $120K,Blue,36,2,12182,63,0.093
714334383,Existing Customer,1967,M,2,Graduate,Married,$60K - $80K,Blue,42,2,3583,28,0
720611058,Existing Customer,1981,M,3,Graduate,Single,$120K +,Blue,27,2,17018,47,0
712420833,Existing Customer,1972,F,5,College,Single,Unknown,Blue,41,3,16031,57,0.14
713845083,Attrited Customer,1980,F,4,High School,Single,Less than $40K,Blue,36,2,4203,43,0.599
713756508,Existing Customer,1975,M,3,Graduate,Divorced,Less than $40K,Blue,36,1,4213,30,0.237
735565158,Existing Customer,1975,M,4,Graduate,Married,$60K - $80K,Blue,33,2,21548,38,0.055
714131058,Existing Customer,1991,M,0,Graduate,Unknown,$60K - $80K,Blue,36,5,18513,33,0.136
717180633,Existing Customer,1962,M,1,Post-Graduate,Married,$40K - $60K,Blue,36,2,2483,35,0.553
717295683,Existing Customer,1971,M,0,Doctorate,Single,$80K - $120K,Blue,38,2,3460,35,0.544
713128833,Existing Customer,1972,M,2,Unknown,Unknown,$60K - $80K,Blue,36,3,6511,38,0.275
813499458,Attrited Customer,1976,M,5,High School,Unknown,$60K - $80K,Blue,40,3,1438.3,31,0
710070183,Existing Customer,1968,F,1,High School,Single,Less than $40K,Blue,36,2,2615,38,0.678
789605658,Existing Customer,1979,F,1,Doctorate,Married,$40K - $60K,Blue,35,3,2985,27,0.789
710045058,Existing Customer,1975,M,5,High School,Married,$40K - $60K,Silver,28,1,18797,40,0.115
710164683,Existing Customer,1988,M,1,Graduate,Married,$60K - $80K,Blue,22,1,2859,36,0.88
710802258,Existing Customer,1975,F,2,Graduate,Married,Less than $40K,Blue,38,3,2888,26,0.777
721036233,Existing Customer,1960,M,0,High School,Married,$60K - $80K,Blue,36,3,9172,42,0.171
710036508,Existing Customer,1979,M,5,Uneducated,Married,$40K - $60K,Blue,34,3,14281,35,0.106
717776808,Existing Customer,1974,F,4,Graduate,Single,Less than $40K,Blue,39,2,7353,54,0.197
714906033,Existing Customer,1974,F,2,Graduate,Single,Less than $40K,Blue,36,2,5145,35,0
714273708,Existing Customer,1968,F,4,Graduate,Married,$40K - $60K,Blue,36,2,4753,49,0.52
721117533,Existing Customer,1975,F,3,Graduate,Single,Less than $40K,Blue,26,3,2171,45,0.653
715374558,Existing Customer,1995,M,0,College,Divorced,Less than $40K,Blue,36,2,4150,74,0.11
824807658,Existing Customer,1976,M,3,Graduate,Married,$60K - $80K,Blue,41,3,9106,33,0.272
714940608,Existing Customer,1985,M,2,High School,Divorced,$40K - $60K,Blue,36,3,2686,53,0.645
824782008,Existing Customer,1979,M,3,High School,Unknown,$60K - $80K,Blue,38,1,10239,26,0.05
717561108,Existing Customer,1969,M,1,Graduate,Married,$80K - $120K,Blue,36,3,34516,32,0.016
717127083,Existing Customer,1984,M,3,Graduate,Married,$120K +,Blue,25,3,15017,58,0.115
772460508,Existing Customer,1968,M,1,Uneducated,Married,$40K - $60K,Blue,43,1,4426,34,0.346
720484908,Existing Customer,1956,F,1,Post-Graduate,Married,$40K - $60K,Blue,52,3,2155,27,0
771237933,Existing Customer,1974,M,1,Uneducated,Unknown,$80K - $120K,Blue,34,1,20620,23,0.053
794664183,Existing Customer,1983,M,0,Uneducated,Married,$60K - $80K,Blue,19,1,3238,45,0.663
797488158,Existing Customer,1969,M,2,High School,Married,$60K - $80K,Blue,46,3,14316,36,0.076
708543258,Existing Customer,1985,M,3,High School,Married,$80K - $120K,Blue,36,3,2607,39,0.721
778706508,Existing Customer,1978,M,4,College,Married,$60K - $80K,Blue,24,5,6231,30,0
712240083,Attrited Customer,1983,F,3,Unknown,Single,Less than $40K,Blue,30,2,3730,22,0.675
713650683,Existing Customer,1956,F,0,Graduate,Married,Less than $40K,Blue,56,1,3094,37,0.732
772532208,Attrited Customer,1970,F,2,Doctorate,Married,Less than $40K,Blue,41,2,6630,24,0.138
778929783,Attrited Customer,1981,M,3,Graduate,Divorced,$80K - $120K,Blue,22,2,1925,28,0
714244383,Existing Customer,1982,M,3,College,Unknown,$80K - $120K,Blue,36,2,33406,30,0.051
718797558,Existing Customer,1982,F,1,Graduate,Married,Unknown,Blue,30,2,2917,46,0.465
712821333,Existing Customer,1961,M,0,Uneducated,Married,$60K - $80K,Blue,47,3,9452,50,0.266
721120008,Existing Customer,1978,F,2,Uneducated,Single,$40K - $60K,Blue,29,3,2162,29,0.637
709633533,Existing Customer,1990,M,2,Uneducated,Married,Less than $40K,Blue,18,2,1438.3,50,0
710789058,Existing Customer,1966,M,1,Graduate,Single,$120K +,Blue,42,2,34516,41,0.043
716174433,Existing Customer,1956,F,1,College,Married,Less than $40K,Blue,54,3,2888,54,0.393
789886533,Existing Customer,1967,F,1,High School,Married,Less than $40K,Blue,44,3,3947,21,0.442
715210308,Existing Customer,1981,F,1,High School,Married,Unknown,Blue,31,3,15970,32,0.076
721038408,Existing Customer,1983,F,2,High School,Married,Less than $40K,Blue,27,1,1830,43,0
713325108,Existing Customer,1985,M,2,Post-Graduate,Married,$60K - $80K,Blue,29,3,7712,40,0.326
720352533,Existing Customer,1978,M,3,High School,Unknown,$60K - $80K,Blue,36,3,20811,38,0.068
708431433,Existing Customer,1980,M,3,Graduate,Married,$120K +,Blue,31,3,11789,32,0.12
716996583,Existing Customer,1971,M,3,High School,Divorced,$120K +,Blue,37,1,3073,35,0.583
718699683,Existing Customer,1973,M,3,College,Married,$80K - $120K,Silver,36,2,34516,54,0
771359958,Existing Customer,1982,M,4,Unknown,Single,$120K +,Silver,26,2,34516,42,0.073
716604633,Existing Customer,1966,F,2,Post-Graduate,Married,$40K - $60K,Blue,46,2,6725,53,0.301
813952233,Existing Customer,1977,M,3,Graduate,Unknown,Less than $40K,Blue,39,2,2978,46,0.717
713053383,Attrited Customer,1979,M,3,Graduate,Married,$80K - $120K,Blue,36,1,34516,12,0.023
709979583,Existing Customer,1967,M,3,Graduate,Married,$120K +,Blue,46,1,34516,54,0.025
709380333,Existing Customer,1964,M,1,Uneducated,Married,$120K +,Blue,36,2,24545,45,0.071
778574283,Existing Customer,1968,F,1,Uneducated,Married,$40K - $60K,Blue,46,2,1438.3,64,0
789875883,Existing Customer,1980,F,4,Uneducated,Single,Less than $40K,Blue,31,1,2490,45,0.252
714661233,Existing Customer,1982,M,1,Graduate,Single,$120K +,Blue,24,2,10074,52,0.25
813915933,Existing Customer,1976,M,2,Graduate,Divorced,$40K - $60K,Blue,40,3,2259,35,0.422
708358683,Existing Customer,1975,M,2,Graduate,Married,$80K - $120K,Silver,35,3,34516,40,0.036
824761458,Existing Customer,1967,M,2,High School,Married,$80K - $120K,Blue,50,2,9519,62,0.203
715362183,Existing Customer,1981,F,4,Graduate,Married,Unknown,Blue,36,1,3706,38,0.281
721194858,Existing Customer,1973,M,4,Graduate,Unknown,$80K - $120K,Blue,40,2,4438,60,0.557
803595858,Attrited Customer,1965,F,3,High School,Married,$40K - $60K,Blue,51,2,1438.3,14,0
716198358,Existing Customer,1988,F,4,Post-Graduate,Married,$40K - $60K,Blue,36,2,2372,55,0.796
714173808,Existing Customer,1977,F,4,Graduate,Single,Less than $40K,Blue,34,1,4214,34,0.296
709465758,Existing Customer,1959,F,1,Post-Graduate,Married,Less than $40K,Blue,53,1,1438.3,31,0
714081558,Existing Customer,1988,F,0,Graduate,Married,Unknown,Blue,36,2,2613,31,0.612
717364458,Existing Customer,1985,F,3,High School,Married,Less than $40K,Blue,26,1,4331,33,0.334
778755858,Existing Customer,1975,M,3,Graduate,Unknown,$80K - $120K,Blue,27,1,3665,55,0.471
710754933,Attrited Customer,1960,F,0,Graduate,Married,Less than $40K,Blue,49,2,1438.3,20,0
720007383,Attrited Customer,1980,F,2,Unknown,Single,Unknown,Blue,28,1,4411,15,0.571
810220833,Existing Customer,1979,M,4,Graduate,Unknown,$40K - $60K,Silver,37,6,15871,43,0.131
718362783,Attrited Customer,1986,M,2,Graduate,Married,$80K - $120K,Blue,27,2,12643,21,0
708267858,Existing Customer,1956,F,0,High School,Married,$40K - $60K,Blue,36,2,6088,52,0.352
708856983,Attrited Customer,1985,M,3,Post-Graduate,Married,$120K +,Blue,27,1,13873,18,0
715588908,Existing Customer,1979,F,4,Graduate,Single,Less than $40K,Blue,32,2,6158,66,0
772674933,Existing Customer,1970,M,1,Uneducated,Married,$80K - $120K,Blue,41,3,5638,50,0.143
720148983,Existing Customer,1967,F,1,Uneducated,Married,Less than $40K,Blue,40,2,2178,47,0.525
720650208,Existing Customer,1981,F,3,College,Unknown,$40K - $60K,Blue,22,3,12588,26,0.159
769732233,Existing Customer,1981,M,5,Graduate,Married,$80K - $120K,Blue,34,2,11942,29,0.138
713030958,Existing Customer,1964,F,2,College,Married,Less than $40K,Blue,44,3,3914,54,0
711320508,Existing Customer,1964,M,4,Graduate,Married,$80K - $120K,Blue,49,2,3038,34,0.464
795795408,Existing Customer,1968,M,2,Uneducated,Married,$40K - $60K,Blue,47,1,5579,47,0.255
717904383,Existing Customer,1981,M,2,Graduate,Married,$80K - $120K,Blue,31,1,18693,44,0.11
714115533,Existing Customer,1993,M,0,Graduate,Married,Less than $40K,Blue,18,1,2943,55,0.608
712475733,Existing Customer,1983,F,3,High School,Married,Less than $40K,Blue,28,2,2435,39,0.775
718996758,Existing Customer,1984,F,2,Graduate,Married,Less than $40K,Blue,30,2,2077,36,0.67
713049933,Existing Customer,1956,F,1,High School,Married,Unknown,Blue,36,2,5756,44,0
709961958,Attrited Customer,1963,F,4,High School,Divorced,Unknown,Blue,45,1,21065,32,0.119
718301508,Existing Customer,1980,M,2,High School,Married,$60K - $80K,Blue,30,3,9428,43,0.187
714831033,Existing Customer,1967,M,5,Graduate,Married,$80K - $120K,Blue,47,1,6065,27,0.285
710653158,Existing Customer,1982,F,4,Graduate,Married,Unknown,Blue,21,1,5024,40,0.321
721265883,Existing Customer,1995,M,1,Graduate,Single,Less than $40K,Blue,13,3,2174,44,0.696
715049583,Existing Customer,1961,M,1,Unknown,Married,$60K - $80K,Blue,54,3,3398,31,0.689
715394883,Existing Customer,1986,F,2,High School,Married,Unknown,Blue,36,2,4319,47,0.266
773448558,Existing Customer,1975,M,3,Graduate,Divorced,$80K - $120K,Blue,40,3,3673,34,0.624
717249783,Existing Customer,1974,M,4,Unknown,Unknown,$60K - $80K,Blue,39,2,1815,67,0.408
708344358,Existing Customer,1968,F,3,High School,Married,Unknown,Blue,45,1,2495,31,0.543
712003083,Existing Customer,1966,M,1,Graduate,Married,$80K - $120K,Blue,36,2,34516,33,0.061
754282908,Existing Customer,1971,F,1,Post-Graduate,Married,Less than $40K,Blue,43,1,3368,59,0.251
717412608,Attrited Customer,1983,F,2,High School,Married,$40K - $60K,Blue,28,2,7225,16,0
719412258,Existing Customer,1982,F,3,Graduate,Single,Less than $40K,Blue,30,3,5202,48,0.157
788675658,Existing Customer,1982,F,2,Unknown,Single,Less than $40K,Blue,29,2,1923,37,0.439
717683583,Existing Customer,1982,M,3,High School,Single,$60K - $80K,Blue,36,2,6929,27,0.244
820584408,Existing Customer,1972,F,3,Graduate,Single,Less than $40K,Blue,44,3,4364,38,0.345
719392833,Existing Customer,1976,F,3,Graduate,Married,Less than $40K,Blue,38,3,2400,34,0.672
718595583,Existing Customer,1966,M,3,Graduate,Married,$80K - $120K,Blue,36,2,25878,54,0.067
778508883,Existing Customer,1977,M,5,Graduate,Married,$120K +,Blue,24,1,11876,33,0.162
715511658,Existing Customer,1972,F,5,Post-Graduate,Unknown,$40K - $60K,Blue,39,1,4568,27,0
711999783,Existing Customer,1980,M,3,Uneducated,Married,$80K - $120K,Blue,31,2,4740,23,0.284
753856008,Existing Customer,1972,F,2,Unknown,Unknown,$40K - $60K,Blue,42,1,4949,64,0.302
789920883,Existing Customer,1976,F,3,Graduate,Single,Unknown,Blue,36,3,11189,58,0.225
788677533,Existing Customer,1977,M,4,Unknown,Married,$120K +,Blue,31,3,34516,43,0.035
716284308,Existing Customer,1956,M,2,Graduate,Married,Unknown,Blue,55,2,6099,34,0.357
712120608,Attrited Customer,1986,M,3,College,Married,$80K - $120K,Blue,27,2,3575,15,0.527
715482483,Existing Customer,1995,M,0,High School,Single,Unknown,Blue,36,2,3184,59,0.446
720848733,Existing Customer,1983,M,1,High School,Married,$80K - $120K,Blue,24,3,13363,33,0.092
708480333,Existing Customer,1956,M,0,Unknown,Single,$40K - $60K,Blue,36,2,2163,57,0.431
826723308,Existing Customer,1963,M,3,College,Married,$120K +,Blue,54,1,3452,21,0.605
801369258,Existing Customer,1974,F,5,Post-Graduate,Married,$40K - $60K,Blue,41,2,4466,59,0.174
709584483,Existing Customer,1988,F,3,Graduate,Married,Less than $40K,Blue,25,1,3030,44,0.831
715708308,Existing Customer,1967,F,3,Doctorate,Married,$40K - $60K,Blue,39,1,2112,29,0.755
779707308,Existing Customer,1986,F,1,Graduate,Married,Less than $40K,Blue,18,1,7583,53,0.214
711688158,Existing Customer,1974,M,5,Graduate,Single,$120K +,Blue,27,3,11760,49,0.196
711848658,Existing Customer,1986,M,3,College,Married,$60K - $80K,Blue,17,3,2259,31,0.786
715855083,Existing Customer,1973,M,4,High School,Married,$80K - $120K,Blue,36,2,19762,67,0.026
778971408,Existing Customer,1985,M,4,Doctorate,Married,$60K - $80K,Blue,17,2,2803,64,0.659
711648708,Existing Customer,1977,M,3,Graduate,Married,$80K - $120K,Blue,36,3,25666,84,0.029
713149683,Existing Customer,1977,F,3,College,Single,Less than $40K,Blue,24,1,9297,31,0.179
771903033,Existing Customer,1985,F,1,Graduate,Married,Less than $40K,Blue,25,1,2999,40,0.416
737925558,Existing Customer,1957,M,0,Doctorate,Married,$40K - $60K,Blue,56,2,4234,42,0.447
803347908,Existing Customer,1987,F,1,Graduate,Single,Less than $40K,Gold,28,3,15987,65,0
817285758,Existing Customer,1972,M,4,Graduate,Single,$80K - $120K,Blue,33,5,16435,56,0
711480108,Existing Customer,1984,M,4,High School,Married,$60K - $80K,Blue,24,1,5335,43,0.402
709662708,Existing Customer,1956,M,1,High School,Married,$40K - $60K,Blue,53,3,3506,61,0.458
709224858,Existing Customer,1968,M,2,Post-Graduate,Married,$80K - $120K,Blue,36,1,3610,40,0.451
821771508,Existing Customer,1989,M,0,High School,Married,$40K - $60K,Blue,28,1,3172,36,0.648
712216533,Existing Customer,1977,M,5,Unknown,Single,$80K - $120K,Blue,34,2,8206,43,0.093
710522433,Existing Customer,1956,M,0,Graduate,Married,Less than $40K,Blue,46,2,2416,53,0.62
779046408,Existing Customer,1961,M,0,Graduate,Married,$40K - $60K,Blue,41,2,2458,30,0.765
708595158,Existing Customer,1994,F,0,Graduate,Single,Less than $40K,Blue,36,1,1677,43,0.953
757266933,Existing Customer,1969,M,2,Post-Graduate,Married,$60K - $80K,Blue,45,1,11819,46,0.079
816776283,Existing Customer,1979,M,4,High School,Unknown,$80K - $120K,Gold,37,1,34516,30,0.052
719904333,Existing Customer,1992,M,0,Graduate,Married,$40K - $60K,Blue,36,3,1459,52,0.404
718264233,Existing Customer,1992,M,0,High School,Married,$40K - $60K,Blue,13,1,1458,56,0.46
784798683,Existing Customer,1983,M,2,High School,Married,$40K - $60K,Blue,32,2,1438.3,39,0
710899833,Attrited Customer,1985,M,2,Graduate,Married,$40K - $60K,Blue,18,1,7758,23,0.181
780025908,Existing Customer,1981,F,2,Post-Graduate,Married,Less than $40K,Silver,30,2,10836,31,0.178
713610033,Existing Customer,1974,M,3,Post-Graduate,Single,$60K - $80K,Blue,36,3,5062,40,0.394
709364433,Existing Customer,1985,F,3,High School,Married,Unknown,Blue,30,2,3399,34,0.639
713086908,Existing Customer,1995,M,0,High School,Single,$40K - $60K,Blue,36,2,2212,51,0.755
709793133,Existing Customer,1978,F,2,Unknown,Single,$40K - $60K,Blue,36,1,3186,37,0.775
710032608,Existing Customer,1969,F,1,Graduate,Single,Less than $40K,Blue,32,1,5927,46,0.391
779351208,Existing Customer,1972,M,2,Unknown,Single,$60K - $80K,Blue,34,1,5176,56,0
719776608,Existing Customer,1971,M,2,Graduate,Married,$80K - $120K,Blue,37,1,3126,41,0
709220583,Existing Customer,1987,M,3,Graduate,Divorced,$80K - $120K,Blue,21,4,4670,56,0
719555733,Existing Customer,1968,F,2,Uneducated,Married,Unknown,Blue,36,3,2162,42,0.736
740852733,Existing Customer,1972,M,3,High School,Married,$80K - $120K,Blue,42,1,10155,49,0.178
709528308,Existing Customer,1968,M,4,High School,Married,$80K - $120K,Blue,46,2,15242,57,0.077
715127208,Existing Customer,1973,M,3,Doctorate,Divorced,$120K +,Blue,36,3,34516,48,0.073
817144458,Existing Customer,1989,F,2,Graduate,Single,Less than $40K,Blue,17,1,1438.3,67,0.854
710628783,Existing Customer,1983,M,4,High School,Single,$80K - $120K,Gold,36,1,34516,45,0.033
772145658,Existing Customer,1978,M,4,Uneducated,Single,$80K - $120K,Blue,32,1,16043,28,0.127
739594758,Attrited Customer,1970,F,2,Graduate,Single,Less than $40K,Blue,44,3,3181,16,0.791
789198708,Existing Customer,1963,M,3,Graduate,Married,$120K +,Blue,47,1,27088,24,0
720953658,Existing Customer,1962,F,0,Graduate,Married,Less than $40K,Blue,36,3,5688,53,0.161
771330558,Existing Customer,1970,M,4,High School,Married,$60K - $80K,Blue,38,2,10462,31,0.174
714078558,Attrited Customer,1959,F,1,High School,Married,$40K - $60K,Blue,53,1,5249,31,0
712207683,Existing Customer,1983,M,0,Unknown,Divorced,Less than $40K,Blue,36,3,5155,37,0.133
788826408,Existing Customer,1988,M,1,Uneducated,Married,$120K +,Blue,16,1,10705,58,0.126
790128033,Existing Customer,1967,M,3,High School,Single,$80K - $120K,Blue,47,1,16494,36,0.082
718082208,Existing Customer,1984,F,1,Graduate,Married,$40K - $60K,Blue,30,3,6469,50,0.363
712037358,Existing Customer,1991,M,0,Unknown,Married,$60K - $80K,Blue,23,3,5146,45,0.345
711711483,Existing Customer,1960,M,0,High School,Married,$80K - $120K,Blue,50,1,2800,40,0.874
718861458,Existing Customer,1972,M,5,Unknown,Single,$60K - $80K,Blue,36,1,5159,37,0.297
709426608,Existing Customer,1965,M,1,Doctorate,Married,$60K - $80K,Blue,46,2,5248,45,0.346
811457058,Existing Customer,1970,F,3,Post-Graduate,Married,Less than $40K,Blue,46,3,5881,56,0.341
773073558,Existing Customer,1977,F,3,Graduate,Divorced,Less than $40K,Blue,36,3,1467,54,0.611
715937133,Existing Customer,1957,F,1,Uneducated,Married,$40K - $60K,Blue,52,2,4999,48,0.46
713480583,Existing Customer,1975,F,3,High School,Married,Unknown,Blue,36,2,4668,47,0
716383683,Existing Customer,1982,F,2,Post-Graduate,Unknown,Less than $40K,Blue,36,3,1438.3,28,0
713693958,Existing Customer,1983,F,1,Uneducated,Single,Less than $40K,Blue,27,3,8638,29,0
715443708,Existing Customer,1968,M,1,Uneducated,Married,$120K +,Blue,45,1,9343,31,0.138
770769483,Existing Customer,1986,M,2,Post-Graduate,Married,$40K - $60K,Blue,21,1,2256,33,0.344
789326808,Existing Customer,1995,M,0,College,Single,$60K - $80K,Blue,15,1,8267,37,0.208
712105533,Existing Customer,1989,M,2,High School,Single,$40K - $60K,Blue,20,3,2235,56,0.733
720674133,Existing Customer,1985,M,1,Uneducated,Married,$40K - $60K,Blue,16,3,3735,48,0.543
779216358,Attrited Customer,1973,M,2,College,Married,$80K - $120K,Blue,38,2,2111,17,0
717322833,Existing Customer,1966,M,2,Unknown,Single,$80K - $120K,Blue,36,2,10604,30,0.187
710279508,Existing Customer,1969,M,2,Graduate,Married,$80K - $120K,Blue,42,3,21782,35,0.046
712168833,Existing Customer,1969,F,1,High School,Married,Less than $40K,Blue,36,3,2133,37,0.689
780581508,Existing Customer,1963,F,1,Doctorate,Single,$40K - $60K,Silver,47,2,16677,37,0.095
711957708,Existing Customer,1983,F,2,Graduate,Married,Less than $40K,Blue,36,3,2717,33,0.586
778782858,Existing Customer,1961,M,1,Graduate,Single,Less than $40K,Blue,48,3,3980,82,0.234
712924383,Attrited Customer,1966,M,3,Unknown,Single,$60K - $80K,Blue,36,2,8411,22,0.116
709366458,Existing Customer,1978,F,3,College,Married,Less than $40K,Blue,36,2,2227,41,0.626
796990908,Existing Customer,1986,M,3,Post-Graduate,Single,$80K - $120K,Silver,29,3,34516,61,0.054
715702758,Existing Customer,1983,F,4,Graduate,Married,Less than $40K,Blue,36,3,1860,29,0
788974608,Existing Customer,1973,M,3,Graduate,Unknown,$60K - $80K,Blue,35,1,2829,41,0.828
714790008,Existing Customer,1983,F,1,Unknown,Single,Less than $40K,Blue,36,2,3764,57,0
787438983,Existing Customer,1978,M,3,College,Single,$40K - $60K,Blue,23,2,4559,37,0.365
713834358,Existing Customer,1985,F,2,Post-Graduate,Married,Less than $40K,Blue,25,3,4701,32,0.317
710084883,Existing Customer,1987,M,2,College,Married,$80K - $120K,Blue,22,2,1631,57,0
710736558,Existing Customer,1982,F,2,Unknown,Married,Unknown,Blue,36,3,8096,41,0.182
788915283,Existing Customer,1978,F,2,College,Single,Less than $40K,Blue,29,1,2304,36,0.69
714916758,Existing Customer,1973,F,2,Uneducated,Married,$40K - $60K,Blue,36,3,5210,45,0
789611283,Existing Customer,1977,M,4,Graduate,Married,$40K - $60K,Blue,38,2,5452,30,0.384
773288958,Existing Customer,1983,M,1,Graduate,Married,$60K - $80K,Blue,31,3,7475,30,0.197
811721133,Existing Customer,1959,M,1,High School,Married,$40K - $60K,Blue,56,3,2359,50,0.526
813961233,Existing Customer,1991,M,0,Unknown,Single,$80K - $120K,Blue,25,2,4237,88,0.396
783020958,Existing Customer,1982,M,3,Unknown,Married,$80K - $120K,Blue,33,6,18582,46,0.043
715764483,Existing Customer,1968,F,3,High School,Unknown,Less than $40K,Blue,37,2,7202,33,0.135
798110358,Existing Customer,1957,F,1,High School,Married,$40K - $60K,Blue,56,2,1438.3,35,0
715745508,Existing Customer,1970,F,4,Graduate,Single,Unknown,Blue,34,1,11221,45,0.114
714350658,Existing Customer,1989,M,1,Graduate,Single,Unknown,Blue,26,3,18889,55,0.1
826478958,Existing Customer,1969,M,1,College,Married,$80K - $120K,Blue,48,3,2066,41,0.775
719127558,Existing Customer,1978,M,2,High School,Divorced,$80K - $120K,Blue,31,2,34516,65,0.031
712454958,Existing Customer,1981,M,5,Graduate,Single,$60K - $80K,Blue,27,1,2742,38,0.516
718561458,Existing Customer,1967,M,1,High School,Married,$60K - $80K,Blue,36,1,20050,26,0.061
822984108,Existing Customer,1987,F,4,High School,Single,Less than $40K,Blue,30,1,3046,69,0.748
719469333,Existing Customer,1988,F,1,High School,Single,Less than $40K,Blue,25,3,6193,69,0.112
720871383,Existing Customer,1985,M,2,Graduate,Married,$80K - $120K,Blue,28,3,5634,49,0.354
788827308,Existing Customer,1956,M,1,Graduate,Married,Less than $40K,Blue,50,2,4507,38,0.349
710180958,Existing Customer,1978,M,3,High School,Single,$40K - $60K,Blue,33,2,3040,31,0.828
778346283,Existing Customer,1968,M,0,Graduate,Married,$120K +,Blue,33,3,21006,57,0.091
787547208,Existing Customer,1973,F,3,College,Single,Less than $40K,Blue,38,3,7326,62,0.233
714983283,Attrited Customer,1982,F,3,High School,Single,Less than $40K,Blue,36,1,3651,19,0
789344358,Existing Customer,1964,F,1,Unknown,Married,Less than $40K,Blue,47,1,3416,42,0.722
710406633,Attrited Customer,1970,F,3,Uneducated,Married,Unknown,Blue,36,3,3664,31,0
767653233,Existing Customer,1973,M,3,Graduate,Married,$60K - $80K,Blue,42,1,6085,59,0.153
719461008,Existing Customer,1970,M,2,High School,Married,$60K - $80K,Blue,38,3,22332,28,0.078
789731433,Existing Customer,1995,F,0,Unknown,Single,Less than $40K,Blue,13,2,2063,42,0.674
775198608,Existing Customer,1983,F,2,Graduate,Married,Less than $40K,Blue,32,3,4429,40,0
717567333,Existing Customer,1986,M,3,Graduate,Married,$60K - $80K,Blue,26,3,3991,35,0.497
772794108,Existing Customer,1975,F,3,Doctorate,Single,Less than $40K,Blue,36,1,2201,65,0.296
712072908,Existing Customer,1973,M,4,College,Single,$80K - $120K,Blue,36,3,2852,40,0.258
709328733,Existing Customer,1972,F,2,Uneducated,Married,Less than $40K,Blue,37,3,9723,24,0.253
788107683,Existing Customer,1986,M,4,High School,Married,$40K - $60K,Blue,27,2,5325,43,0.248
713757633,Existing Customer,1956,F,0,Unknown,Married,$40K - $60K,Blue,56,2,7427,42,0.175
713279808,Existing Customer,1968,M,2,Unknown,Married,$60K - $80K,Blue,36,3,5619,30,0.233
712440483,Existing Customer,1967,F,2,Uneducated,Married,Less than $40K,Blue,44,1,5413,43,0.339
715078383,Existing Customer,1957,F,0,Graduate,Married,Unknown,Blue,36,1,7646,47,0.132
709214358,Existing Customer,1982,F,3,Graduate,Divorced,Unknown,Blue,30,3,2420,24,0.588
778399008,Existing Customer,1971,M,0,High School,Married,$80K - $120K,Blue,30,4,4252,45,0
811534983,Existing Customer,1967,F,3,Graduate,Married,Less than $40K,Blue,49,2,2031,47,0.526
719728383,Existing Customer,1983,F,4,Graduate,Married,Unknown,Blue,28,1,6861,39,0.233
718726833,Existing Customer,1982,M,1,High School,Married,$80K - $120K,Blue,28,2,3327,36,0
780605508,Existing Customer,1968,M,1,Unknown,Married,$40K - $60K,Blue,41,1,2885,23,0.497
719450508,Existing Customer,1968,M,2,High School,Married,$120K +,Blue,41,3,7272,56,0.28
711213108,Existing Customer,1989,M,1,College,Divorced,$80K - $120K,Blue,36,3,34516,60,0
708488208,Existing Customer,1964,F,3,Uneducated,Married,Less than $40K,Blue,47,3,2515,58,0.764
717206508,Existing Customer,1956,F,0,High School,Married,Less than $40K,Blue,36,2,2798,35,0.645
821836008,Existing Customer,1964,M,2,Uneducated,Single,$80K - $120K,Blue,53,2,34516,26,0.061
807244983,Existing Customer,1956,F,0,College,Married,Less than $40K,Blue,56,1,1438.3,55,0.473
821872758,Existing Customer,1956,M,0,High School,Single,Less than $40K,Silver,56,2,12609,49,0.2
809959683,Existing Customer,1966,M,2,College,Married,$80K - $120K,Blue,50,2,19159,52,0.11
715079208,Existing Customer,1967,M,1,College,Married,$80K - $120K,Blue,42,1,9642,35,0.261
767049258,Existing Customer,1977,M,4,High School,Single,$120K +,Blue,37,3,8396,35,0.199
709579383,Existing Customer,1963,M,1,Uneducated,Married,$80K - $120K,Blue,50,3,6978,26,0.165
781923483,Existing Customer,1968,F,1,College,Married,$40K - $60K,Blue,47,3,2459,62,0.705
718654533,Existing Customer,1988,F,1,High School,Single,Less than $40K,Silver,24,2,12956,56,0
716169258,Existing Customer,1974,F,5,Graduate,Married,Less than $40K,Blue,39,3,7128,44,0.219
713908683,Existing Customer,1970,M,1,Unknown,Single,$80K - $120K,Blue,41,2,18749,33,0.07
708212658,Existing Customer,1983,F,3,Graduate,Married,Less than $40K,Blue,18,3,2193,47,0.575
756013833,Existing Customer,1964,M,3,Doctorate,Married,$80K - $120K,Blue,50,2,4522,38,0.412
719358333,Existing Customer,1985,M,4,Uneducated,Married,$40K - $60K,Blue,28,1,2157,33,0.266
713735508,Existing Customer,1986,M,3,Uneducated,Married,$80K - $120K,Blue,25,1,11927,36,0.057
805259733,Existing Customer,1966,F,2,Unknown,Married,Unknown,Blue,50,1,11341,46,0
738749733,Existing Customer,1964,F,4,Doctorate,Married,Unknown,Blue,47,3,7345,30,0.247
814833408,Existing Customer,1965,M,2,Doctorate,Married,$60K - $80K,Blue,51,3,6036,45,0.233
719182308,Existing Customer,1983,F,2,High School,Single,Less than $40K,Blue,27,1,2096,49,0.748
818497758,Existing Customer,1967,F,3,Graduate,Married,Less than $40K,Blue,49,1,1906,37,0.667
719518308,Existing Customer,1973,M,2,Unknown,Unknown,$80K - $120K,Blue,35,2,5039,23,0
709991883,Attrited Customer,1968,M,1,Graduate,Married,$80K - $120K,Blue,42,1,6214,35,0.185
770901258,Existing Customer,1991,F,1,Graduate,Married,Less than $40K,Blue,17,1,1512,44,0.536
711499158,Existing Customer,1974,M,2,Uneducated,Married,$80K - $120K,Silver,38,3,34516,60,0.021
720445533,Existing Customer,1961,F,1,College,Married,Less than $40K,Blue,53,3,3346,21,0.276
809951133,Attrited Customer,1967,M,3,College,Single,$120K +,Blue,49,2,34516,24,0
714657108,Existing Customer,1984,F,2,Uneducated,Married,Less than $40K,Blue,28,2,6660,51,0.205
789048858,Existing Customer,1989,F,1,Post-Graduate,Married,Less than $40K,Blue,20,2,2234,59,0.835
771816408,Existing Customer,1977,F,4,Uneducated,Married,Less than $40K,Blue,33,4,9671,66,0.073
798158808,Existing Customer,1968,F,1,College,Single,$40K - $60K,Blue,47,3,6605,47,0.224
787685658,Existing Customer,1978,M,2,High School,Divorced,$80K - $120K,Blue,33,3,3083,30,0.616
720141408,Attrited Customer,1972,F,2,Graduate,Single,Less than $40K,Blue,31,1,5456,27,0.174
788699808,Existing Customer,1983,F,4,Unknown,Single,Unknown,Blue,14,1,4394,43,0
708216108,Existing Customer,1965,F,1,College,Married,$40K - $60K,Blue,44,1,4088,39,0.381
715074258,Existing Customer,1995,F,0,Graduate,Single,$40K - $60K,Blue,36,3,3930,42,0
771653583,Existing Customer,1963,M,1,High School,Married,$60K - $80K,Blue,46,2,4188,25,0.274
717374358,Existing Customer,1988,M,1,Unknown,Married,$60K - $80K,Blue,22,3,3637,56,0.549
720836808,Existing Customer,1986,M,3,High School,Single,$80K - $120K,Blue,28,2,11521,68,0.1
818701383,Existing Customer,1984,M,3,High School,Married,$60K - $80K,Blue,32,2,2253,45,0.74
717277833,Existing Customer,1994,F,1,Graduate,Single,Unknown,Blue,13,2,2339,45,0.889
778137108,Existing Customer,1978,M,4,High School,Single,$80K - $120K,Blue,37,1,30503,47,0.083
720973833,Existing Customer,1972,M,2,Graduate,Divorced,$60K - $80K,Blue,36,3,4596,62,0
768490458,Attrited Customer,1972,M,2,Uneducated,Married,$80K - $120K,Blue,43,3,5701,32,0.442
751487358,Existing Customer,1982,F,3,Graduate,Married,Less than $40K,Blue,32,6,3221,40,0
712742808,Existing Customer,1980,F,3,Uneducated,Married,Less than $40K,Blue,29,3,3022,21,0.378
712820208,Existing Customer,1989,F,0,High School,Divorced,Less than $40K,Blue,36,2,2699,56,0.596
794649858,Existing Customer,1963,F,1,Uneducated,Married,Less than $40K,Blue,39,3,2210,37,0.735
755262933,Existing Customer,1965,M,2,Post-Graduate,Married,$60K - $80K,Blue,49,3,1438.3,38,0
709541433,Existing Customer,1984,M,2,Graduate,Married,Less than $40K,Blue,36,3,2041,45,0.827
820622433,Existing Customer,1982,M,1,High School,Married,$120K +,Blue,34,2,3250,58,0.522
712586583,Existing Customer,1995,F,0,Graduate,Single,$40K - $60K,Blue,13,3,1643,50,0.67
709816158,Existing Customer,1990,F,1,Unknown,Single,Unknown,Silver,36,3,34516,60,0
712196508,Attrited Customer,1975,F,3,High School,Single,Unknown,Blue,34,3,29543,27,0.039
767269908,Existing Customer,1985,M,2,College,Married,$120K +,Blue,29,3,3158,63,0
710927733,Existing Customer,1982,M,1,Unknown,Married,$80K - $120K,Blue,36,2,2899,35,0.69
711310908,Existing Customer,1968,F,4,College,Married,Less than $40K,Blue,36,1,2972,62,0.727
788862333,Existing Customer,1983,F,3,Uneducated,Married,Less than $40K,Blue,23,2,5645,32,0
713194608,Existing Customer,1984,M,2,Graduate,Married,Less than $40K,Blue,36,3,2463,58,0.711
793550958,Existing Customer,1974,F,2,Graduate,Married,Less than $40K,Blue,41,3,1438.3,40,0
712607583,Existing Customer,1965,M,1,College,Divorced,$80K - $120K,Blue,36,3,34516,50,0.043
713921058,Existing Customer,1966,F,3,High School,Married,Less than $40K,Blue,48,2,2897,25,0.553
709183683,Existing Customer,1990,F,0,Uneducated,Single,Less than $40K,Blue,36,2,5391,56,0
713407458,Existing Customer,1959,F,0,Graduate,Single,Unknown,Blue,36,2,2870,74,0.796
715241583,Existing Customer,1987,M,3,High School,Married,$120K +,Blue,25,2,23959,45,0.105
710475408,Existing Customer,1988,M,3,High School,Married,$60K - $80K,Blue,25,2,14918,35,0.136
708971583,Existing Customer,1983,F,2,Uneducated,Single,Less than $40K,Blue,29,3,3590,37,0.536
714547458,Existing Customer,1956,M,0,Graduate,Married,$40K - $60K,Blue,56,3,2297,51,0
827631483,Existing Customer,1964,M,1,High School,Married,$80K - $120K,Blue,53,2,25058,55,0.068
711159108,Attrited Customer,1963,F,0,High School,Married,Less than $40K,Blue,36,2,7418,26,0.053
789262683,Existing Customer,1961,M,1,Unknown,Divorced,$40K - $60K,Blue,49,3,3012,23,0
712940508,Existing Customer,1982,M,3,Unknown,Single,$40K - $60K,Blue,24,1,4562,50,0.377
789733008,Existing Customer,1982,F,2,High School,Married,Unknown,Blue,27,2,10723,63,0.143
714703158,Existing Customer,1982,F,2,High School,Married,Less than $40K,Blue,36,2,1578,43,0.482
710255208,Existing Customer,1961,M,0,Uneducated,Married,Less than $40K,Blue,49,2,2094,41,0.745
779236083,Existing Customer,1984,F,3,High School,Married,Less than $40K,Blue,19,1,4138,50,0
713438358,Existing Customer,1980,F,4,Graduate,Married,Unknown,Blue,30,1,5417,56,0.351
715973583,Existing Customer,1965,M,3,Uneducated,Married,$120K +,Blue,36,3,34516,30,0.03
794113758,Existing Customer,1961,M,0,High School,Married,$60K - $80K,Blue,54,1,9592,55,0.205
709452633,Existing Customer,1965,F,4,High School,Single,Less than $40K,Blue,36,1,8881,49,0.242
788210583,Existing Customer,1959,M,0,College,Married,$40K - $60K,Blue,54,3,1438.3,49,0
717784983,Existing Customer,1980,F,2,Uneducated,Married,Less than $40K,Blue,33,3,3893,39,0.297
786557358,Existing Customer,1977,F,1,Unknown,Married,Less than $40K,Blue,38,2,3242,37,0.246
768460908,Existing Customer,1962,M,1,Graduate,Single,$40K - $60K,Blue,53,3,6035,32,0.231
718899708,Existing Customer,1966,F,1,College,Married,Unknown,Blue,36,3,17642,54,0.105
714697533,Existing Customer,1995,M,1,High School,Single,$60K - $80K,Blue,15,3,4327,48,0
713206683,Attrited Customer,1981,M,4,Graduate,Single,$80K - $120K,Silver,22,1,34516,26,0
708679383,Existing Customer,1977,F,2,Unknown,Unknown,Less than $40K,Blue,32,1,4852,55,0.366
713067033,Existing Customer,1984,M,2,Uneducated,Single,Unknown,Blue,28,3,7147,50,0.199
789314133,Existing Customer,1984,M,1,High School,Married,$60K - $80K,Blue,27,3,10320,45,0.174
713956308,Existing Customer,1956,F,0,Graduate,Married,Less than $40K,Blue,49,2,3297,56,0.697
711595833,Existing Customer,1975,M,3,College,Married,$60K - $80K,Blue,36,2,9981,30,0.081
779521533,Existing Customer,1968,M,2,High School,Married,$120K +,Blue,36,3,3329,33,0.328
715225458,Existing Customer,1965,F,1,Uneducated,Married,Less than $40K,Blue,36,3,5991,53,0.333
716487408,Existing Customer,1973,M,3,Graduate,Married,$40K - $60K,Blue,30,1,3235,43,0.778
719338383,Existing Customer,1987,M,2,High School,Married,$120K +,Blue,21,3,6259,50,0.17
710523333,Existing Customer,1956,M,0,Graduate,Married,Less than $40K,Blue,56,3,2541,27,0.636
787489083,Existing Customer,1966,M,4,Post-Graduate,Married,$80K - $120K,Blue,43,2,21351,32,0.118
720747633,Existing Customer,1989,M,1,Unknown,Married,$40K - $60K,Blue,36,2,8998,48,0.163
779480658,Existing Customer,1963,F,4,Graduate,Married,Unknown,Blue,42,3,10247,44,0.156
711498258,Existing Customer,1967,M,3,High School,Married,$120K +,Blue,42,3,20311,34,0.081
709316433,Existing Customer,1969,M,2,High School,Single,$60K - $80K,Silver,33,1,33182,43,0.06
778734108,Existing Customer,1985,M,3,Uneducated,Married,$60K - $80K,Blue,16,5,1686,42,0.743
778388358,Attrited Customer,1965,M,3,Graduate,Single,$60K - $80K,Blue,36,2,4742,24,0.18
716773533,Existing Customer,1988,M,3,Graduate,Married,$60K - $80K,Blue,36,1,1726,48,0.704
822130683,Existing Customer,1960,M,0,Graduate,Married,$80K - $120K,Blue,56,2,8420,34,0.165
717268458,Existing Customer,1960,M,0,Graduate,Married,$60K - $80K,Blue,49,3,3352,50,0.511
827888433,Existing Customer,1978,M,4,Uneducated,Single,$40K - $60K,Blue,39,2,6648,60,0.337
716522583,Existing Customer,1973,F,3,College,Divorced,Less than $40K,Blue,36,3,2335,33,0.79
789415983,Existing Customer,1985,M,3,Graduate,Married,$60K - $80K,Blue,27,3,12397,42,0.081
719819958,Existing Customer,1987,M,2,Uneducated,Married,$40K - $60K,Blue,26,1,1438.3,43,0.492
769579608,Existing Customer,1968,F,1,Graduate,Single,Less than $40K,Blue,46,6,2240,70,0.715
772353408,Existing Customer,1978,F,5,Unknown,Single,$40K - $60K,Blue,33,3,5330,43,0.218
716615583,Existing Customer,1960,F,1,High School,Married,Less than $40K,Blue,51,3,1795,59,0.442
781131483,Existing Customer,1966,M,2,High School,Married,$80K - $120K,Blue,47,1,5741,51,0.33
719101908,Existing Customer,1970,F,1,Graduate,Married,Unknown,Blue,39,3,2002,40,0.623
720521808,Existing Customer,1983,M,1,Graduate,Single,$80K - $120K,Blue,19,3,25662,36,0.059
718136283,Existing Customer,1969,M,2,Uneducated,Single,$80K - $120K,Blue,36,1,22103,29,0.069
778855383,Existing Customer,1985,F,5,High School,Married,Less than $40K,Blue,17,1,1438.3,40,0
779722308,Attrited Customer,1976,F,3,High School,Married,$40K - $60K,Blue,30,2,12355,28,0
818926833,Existing Customer,1987,F,3,College,Married,$40K - $60K,Blue,29,1,2000,42,0
721217283,Existing Customer,1994,M,0,Graduate,Single,$120K +,Blue,17,2,8713,36,0.155
717167283,Existing Customer,1972,F,5,Unknown,Divorced,Less than $40K,Blue,36,1,9165,56,0
713371233,Existing Customer,1978,F,1,Graduate,Married,Less than $40K,Silver,31,1,11583,55,0.054
778426608,Existing Customer,1969,M,4,Graduate,Married,$80K - $120K,Blue,32,3,1438.3,53,0.488
713823033,Attrited Customer,1990,F,2,Unknown,Married,Unknown,Blue,20,1,8149,30,0
787515333,Attrited Customer,1981,M,3,Uneducated,Married,$80K - $120K,Blue,29,2,3616,21,0.318
710944608,Existing Customer,1982,M,3,Graduate,Unknown,$80K - $120K,Blue,31,2,8434,27,0.263
718444233,Existing Customer,1976,M,3,Graduate,Married,$60K - $80K,Blue,25,3,9791,59,0.134
771099183,Existing Customer,1984,F,2,Graduate,Single,Less than $40K,Blue,24,2,8444,74,0.23
770241333,Existing Customer,1972,F,4,Graduate,Divorced,Less than $40K,Blue,43,1,2228,44,0.45
710819733,Attrited Customer,1965,M,3,Graduate,Married,$120K +,Blue,36,1,12211,29,0
772155108,Existing Customer,1959,F,0,High School,Married,Less than $40K,Blue,51,3,1438.3,38,0
798796233,Existing Customer,1984,F,3,High School,Married,$40K - $60K,Blue,31,3,1586,24,0.654
815472108,Existing Customer,1979,M,3,High School,Single,$40K - $60K,Blue,37,3,2247,31,0.465
769145733,Existing Customer,1985,M,3,Graduate,Single,$60K - $80K,Blue,30,4,2789,60,0.568
783364233,Existing Customer,1962,M,0,Graduate,Married,$40K - $60K,Blue,53,2,4241,45,0
772236108,Existing Customer,1981,F,1,Graduate,Married,Unknown,Blue,29,1,8398,29,0.225
715640358,Existing Customer,1978,M,3,High School,Single,$40K - $60K,Blue,36,3,4112,40,0.187
713529858,Existing Customer,1992,M,2,Graduate,Divorced,$40K - $60K,Silver,22,2,15578,71,0.089
715684308,Existing Customer,1979,F,4,Graduate,Married,$40K - $60K,Blue,36,2,4008,43,0.408
709451508,Existing Customer,1958,F,1,High School,Married,Unknown,Blue,50,1,12766,28,0
709204158,Existing Customer,1985,F,2,Post-Graduate,Single,Less than $40K,Blue,24,2,3438,56,0.328
713182458,Existing Customer,1968,M,4,High School,Married,$80K - $120K,Blue,43,1,16692,29,0.147
710624658,Existing Customer,1985,F,2,Uneducated,Married,Less than $40K,Blue,36,2,4066,56,0.403
716355783,Existing Customer,1985,M,3,Unknown,Married,$60K - $80K,Blue,30,2,13080,44,0
716793108,Existing Customer,1995,M,0,College,Single,Less than $40K,Blue,36,1,1934,61,0.553
716162583,Existing Customer,1976,F,0,Unknown,Single,Less than $40K,Blue,36,2,3230,57,0.779
714051033,Existing Customer,1966,F,0,Graduate,Married,Less than $40K,Blue,36,2,3615,40,0.47
715007583,Existing Customer,1960,F,0,Unknown,Unknown,Unknown,Blue,36,2,1801,62,0
719139558,Existing Customer,1995,M,0,Uneducated,Single,Less than $40K,Blue,36,3,2665,64,0.588
794632308,Existing Customer,1981,M,4,Graduate,Married,$60K - $80K,Silver,25,3,28822,35,0.087
770662383,Existing Customer,1983,M,2,Graduate,Single,$40K - $60K,Blue,24,3,14632,36,0.079
714787383,Existing Customer,1989,F,0,College,Married,Unknown,Blue,36,3,6715,41,0.196
714700158,Existing Customer,1968,M,2,Unknown,Married,$60K - $80K,Blue,46,2,6658,40,0.264
710581758,Existing Customer,1969,F,2,Graduate,Single,$40K - $60K,Blue,44,2,3360,30,0.363
720497958,Existing Customer,1992,M,1,Graduate,Married,$80K - $120K,Blue,14,3,14853,41,0
720920058,Existing Customer,1983,M,2,Graduate,Married,$60K - $80K,Blue,25,3,4800,62,0.252
710872233,Existing Customer,1994,M,0,Unknown,Single,$40K - $60K,Blue,17,1,4610,49,0
709855608,Existing Customer,1975,F,4,High School,Married,Less than $40K,Blue,36,3,1438.3,33,0.682
815484783,Existing Customer,1964,M,0,Uneducated,Single,$60K - $80K,Blue,42,4,8377,44,0.145
771602883,Existing Customer,1979,M,3,High School,Single,$80K - $120K,Blue,30,5,4147,44,0.415
755953308,Existing Customer,1959,F,0,Post-Graduate,Married,$40K - $60K,Blue,55,1,2644,30,0.835
758408883,Existing Customer,1984,F,1,Graduate,Unknown,$40K - $60K,Blue,30,3,13355,37,0.122
717940008,Existing Customer,1964,F,2,Unknown,Divorced,$40K - $60K,Blue,36,2,3251,67,0.58
720917808,Existing Customer,1986,M,2,High School,Single,$40K - $60K,Blue,36,3,2100,74,0.452
812801958,Existing Customer,1966,F,1,Unknown,Married,Less than $40K,Blue,50,3,3566,54,0.393
714997683,Existing Customer,1965,F,4,Graduate,Married,Unknown,Blue,49,1,14915,35,0.074
709379283,Existing Customer,1982,M,2,Graduate,Married,$60K - $80K,Blue,27,1,13003,40,0
711840408,Existing Customer,1957,M,0,College,Married,Less than $40K,Blue,55,3,2492,30,0.571
785328408,Existing Customer,1984,F,4,Graduate,Married,Less than $40K,Blue,31,2,1758,41,0.671
719873808,Existing Customer,1987,M,1,College,Married,$60K - $80K,Blue,23,2,5510,53,0.291
715528983,Existing Customer,1975,M,5,Uneducated,Divorced,$60K - $80K,Blue,36,1,17196,41,0.096
720254883,Existing Customer,1956,F,0,High School,Married,$40K - $60K,Blue,46,1,5877,58,0.289
811980858,Existing Customer,1985,M,0,Graduate,Married,$60K - $80K,Blue,31,1,7667,35,0
711330408,Existing Customer,1986,F,2,College,Married,$40K - $60K,Blue,24,1,2939,47,0.635
718465458,Existing Customer,1972,M,1,Unknown,Single,$80K - $120K,Blue,31,1,5898,21,0.229
710616183,Existing Customer,1975,F,3,Uneducated,Single,Unknown,Blue,33,3,19995,34,0
714580158,Existing Customer,1995,M,0,Post-Graduate,Married,$40K - $60K,Blue,36,1,2773,73,0.75
710798883,Existing Customer,1969,M,3,Graduate,Single,$60K - $80K,Blue,44,2,3323,47,0.695
720511608,Existing Customer,1983,F,0,Graduate,Married,Unknown,Blue,28,3,16049,33,0.05
708913233,Existing Customer,1984,M,1,High School,Married,$40K - $60K,Blue,28,4,3601,34,0.343
788038383,Existing Customer,1988,F,3,Graduate,Married,Less than $40K,Blue,25,2,2307,48,0.6
719905908,Existing Customer,1962,M,1,Uneducated,Married,$60K - $80K,Blue,36,3,3742,31,0.314
807044958,Existing Customer,1987,M,3,High School,Married,$40K - $60K,Blue,29,3,2937,45,0.296
719514783,Existing Customer,1982,F,3,Post-Graduate,Unknown,Unknown,Blue,26,1,3209,37,0.784
787643658,Existing Customer,1962,M,0,Graduate,Married,$60K - $80K,Blue,53,1,12554,30,0.173
779138883,Existing Customer,1971,M,1,Graduate,Married,$60K - $80K,Blue,34,3,4702,44,0
708173433,Existing Customer,1995,F,1,Unknown,Single,$40K - $60K,Blue,14,2,5645,57,0.412
778401033,Existing Customer,1989,M,0,High School,Married,$60K - $80K,Blue,13,3,14308,39,0.132
818375733,Attrited Customer,1970,F,2,College,Married,$40K - $60K,Blue,46,1,4882,44,0.142
711048783,Existing Customer,1980,M,4,Doctorate,Married,$80K - $120K,Blue,29,3,33405,34,0
721415658,Existing Customer,1982,F,1,Graduate,Married,$40K - $60K,Blue,27,1,2700,59,0.822
717961458,Existing Customer,1972,F,2,Uneducated,Single,Less than $40K,Blue,37,1,2934,64,0.812
718563483,Existing Customer,1991,M,2,Unknown,Divorced,$120K +,Blue,14,2,1548,64,0
717128283,Existing Customer,1981,F,3,High School,Unknown,Less than $40K,Blue,36,2,5525,33,0.436
718068933,Existing Customer,1985,F,3,Uneducated,Single,Less than $40K,Blue,36,2,5750,61,0.265
718623783,Existing Customer,1965,M,2,College,Married,$120K +,Blue,36,3,27157,38,0.057
716565258,Existing Customer,1984,M,3,Doctorate,Single,$80K - $120K,Blue,36,2,12830,54,0
712505658,Existing Customer,1970,F,4,Unknown,Single,Less than $40K,Blue,41,1,5530,45,0.361
792565908,Existing Customer,1985,F,2,Uneducated,Single,Less than $40K,Blue,30,2,2684,51,0.549
709267308,Existing Customer,1959,M,1,Graduate,Married,$80K - $120K,Blue,49,1,2437,32,0.574
710035008,Existing Customer,1990,F,0,Uneducated,Single,Less than $40K,Blue,24,2,3827,64,0.365
790082508,Existing Customer,1979,M,4,High School,Single,$120K +,Blue,35,2,34516,65,0.048
716866308,Existing Customer,1983,M,2,High School,Married,$60K - $80K,Blue,33,3,5940,34,0.185
709707033,Attrited Customer,1976,M,3,Graduate,Single,$60K - $80K,Blue,32,3,13162,38,0
718346658,Existing Customer,1971,F,2,Graduate,Married,Less than $40K,Blue,37,2,1963,51,0.691
824157858,Existing Customer,1963,M,3,Graduate,Married,$80K - $120K,Blue,54,3,18713,42,0.055
709735008,Existing Customer,1986,M,2,High School,Married,$80K - $120K,Blue,22,1,3023,34,0.475
814593858,Existing Customer,1963,M,3,High School,Single,$120K +,Blue,53,1,6103,34,0.295
718416858,Existing Customer,1979,M,5,Graduate,Married,$60K - $80K,Blue,34,3,10607,40,0.237
710307933,Existing Customer,1989,F,0,College,Single,Less than $40K,Blue,24,3,2917,60,0.863
715870758,Existing Customer,1986,M,4,Graduate,Married,$120K +,Blue,30,3,34516,55,0.029
713819283,Existing Customer,1970,M,1,Uneducated,Married,$80K - $120K,Blue,42,2,25197,58,0.1
710424408,Existing Customer,1958,M,2,Graduate,Married,Less than $40K,Blue,36,2,2743,25,0.662
709493283,Existing Customer,1979,M,2,Unknown,Single,$120K +,Blue,32,2,4111,36,0.3
712489158,Existing Customer,1985,F,0,Uneducated,Single,Unknown,Blue,18,3,3667,59,0.259
719013108,Existing Customer,1979,M,3,Graduate,Divorced,$40K - $60K,Blue,33,2,3178,86,0.566
721178583,Attrited Customer,1984,F,3,Graduate,Unknown,Unknown,Blue,22,3,5674,29,0
717769008,Existing Customer,1983,M,2,Graduate,Married,$80K - $120K,Blue,36,3,11444,44,0.112
709986633,Existing Customer,1992,M,1,High School,Married,$40K - $60K,Blue,36,1,1438.3,41,0
721062408,Existing Customer,1967,M,2,Uneducated,Divorced,$40K - $60K,Blue,34,3,6387,26,0.25
771349458,Existing Customer,1988,M,2,Graduate,Married,$40K - $60K,Blue,20,3,5657,46,0.317
780557658,Existing Customer,1958,F,0,Uneducated,Married,Unknown,Blue,54,3,11827,37,0
771441558,Existing Customer,1972,M,2,Post-Graduate,Married,$60K - $80K,Blue,37,3,2608,47,0.609
756409758,Existing Customer,1977,F,2,Graduate,Married,Less than $40K,Blue,37,5,3203,38,0.648
720009558,Existing Customer,1988,F,2,College,Single,Unknown,Gold,36,1,34516,72,0.045
778885158,Existing Customer,1964,M,3,Uneducated,Married,$80K - $120K,Blue,38,3,2472,33,0.994
715543908,Existing Customer,1969,F,3,Uneducated,Married,Less than $40K,Blue,43,3,2147,37,0.546
717591483,Existing Customer,1969,F,3,Graduate,Single,Less than $40K,Blue,44,1,3416,48,0.598
715042608,Existing Customer,1982,F,2,Doctorate,Married,Unknown,Blue,36,2,8058,42,0.098
755959683,Existing Customer,1971,F,5,Unknown,Unknown,Unknown,Blue,43,1,3410,31,0.669
715367058,Existing Customer,1978,M,3,College,Unknown,$60K - $80K,Blue,37,2,19044,44,0
714573258,Existing Customer,1985,M,2,Post-Graduate,Single,$60K - $80K,Blue,30,2,1606,45,0.497
712281183,Existing Customer,1966,M,4,Graduate,Married,$120K +,Blue,36,2,24336,33,0.035
717670758,Existing Customer,1991,F,1,Graduate,Single,Less than $40K,Blue,20,2,5030,71,0.264
720666333,Existing Customer,1985,M,3,Unknown,Married,$120K +,Blue,24,3,24577,39,0
771556308,Existing Customer,1995,F,0,High School,Single,Less than $40K,Blue,13,3,3517,48,0.34
708931908,Existing Customer,1973,M,3,High School,Single,$40K - $60K,Blue,36,2,7400,51,0.086
718894233,Existing Customer,1968,F,2,Graduate,Married,$40K - $60K,Blue,36,2,2956,63,0.471
771544533,Attrited Customer,1979,F,5,High School,Married,Unknown,Blue,30,1,3578,36,0
708927108,Attrited Customer,1968,M,2,Graduate,Married,$120K +,Blue,36,3,12778,28,0.04
717831783,Existing Customer,1963,F,2,Uneducated,Married,Less than $40K,Blue,45,3,1942,38,0.791
709288383,Existing Customer,1989,M,2,Graduate,Divorced,$80K - $120K,Blue,26,1,29961,69,0.026
710813733,Existing Customer,1973,M,4,Uneducated,Married,$60K - $80K,Silver,35,3,33791,41,0
721084833,Existing Customer,1973,M,5,High School,Married,$40K - $60K,Silver,34,0,17657,39,0.114
711258108,Existing Customer,1967,M,1,College,Married,$120K +,Blue,44,3,2821,36,0.856
710149008,Existing Customer,1962,M,0,High School,Married,Less than $40K,Blue,47,3,1479,70,0.532
711902058,Existing Customer,1986,M,2,Graduate,Married,$60K - $80K,Blue,36,3,1438.3,55,0
716757033,Existing Customer,1984,M,4,Post-Graduate,Married,$40K - $60K,Blue,27,1,6859,56,0.257
712688433,Existing Customer,1985,M,3,High School,Divorced,$120K +,Blue,36,2,3404,65,0.461
713203908,Existing Customer,1995,M,0,Uneducated,Single,$40K - $60K,Blue,15,1,2158,27,0.785
711772008,Attrited Customer,1986,F,3,Graduate,Single,Less than $40K,Blue,22,2,1890,36,0.352
708799983,Attrited Customer,1981,M,1,Post-Graduate,Married,$60K - $80K,Blue,36,3,18386,43,0.048
778882758,Existing Customer,1966,F,2,Unknown,Married,Unknown,Blue,36,5,3602,47,0.559
709157133,Existing Customer,1982,M,1,Unknown,Divorced,$80K - $120K,Blue,34,1,3766,51,0.279
741344808,Existing Customer,1982,F,2,Graduate,Married,Less than $40K,Blue,32,2,5634,63,0.365
739692933,Existing Customer,1975,F,2,Unknown,Single,$40K - $60K,Blue,29,2,3126,41,0.805
766429908,Existing Customer,1972,M,2,High School,Unknown,$60K - $80K,Blue,42,1,3017,37,0.261
802087683,Existing Customer,1989,M,0,Post-Graduate,Married,$60K - $80K,Blue,26,2,5478,55,0.272
712491108,Existing Customer,1986,M,1,Post-Graduate,Married,$80K - $120K,Blue,20,3,13046,52,0.09
714767508,Existing Customer,1982,M,2,Graduate,Married,$40K - $60K,Blue,31,3,8687,33,0.132
720376008,Existing Customer,1968,F,2,Graduate,Married,Less than $40K,Blue,40,2,6174,52,0.23
779126658,Existing Customer,1995,F,0,Graduate,Single,$40K - $60K,Blue,13,1,5655,61,0
793222008,Existing Customer,1989,M,0,High School,Married,$60K - $80K,Blue,26,2,5397,49,0.331
720812433,Existing Customer,1967,M,2,College,Married,$120K +,Blue,46,1,28465,37,0
717623583,Existing Customer,1985,F,3,High School,Married,Less than $40K,Blue,27,2,3444,51,0.709
708878508,Existing Customer,1976,F,3,High School,Married,Less than $40K,Blue,37,1,2104,35,0.602
710043408,Existing Customer,1972,M,3,Graduate,Married,$80K - $120K,Blue,37,1,15610,58,0.131
789079758,Existing Customer,1977,M,4,Doctorate,Unknown,$120K +,Blue,32,2,34516,48,0.039
721311333,Existing Customer,1989,M,1,High School,Married,Unknown,Blue,22,1,16912,41,0.094
710749458,Existing Customer,1957,F,0,Doctorate,Married,Less than $40K,Blue,53,1,5462,35,0.341
778275783,Existing Customer,1984,F,2,Unknown,Unknown,Less than $40K,Blue,27,1,2868,64,0.5
799498158,Existing Customer,1990,M,1,Post-Graduate,Married,$60K - $80K,Blue,22,1,2685,36,0.588
716334258,Existing Customer,1972,F,3,Uneducated,Divorced,$40K - $60K,Blue,36,1,5238,43,0.261
716075208,Existing Customer,1989,F,3,High School,Married,Less than $40K,Blue,22,2,4561,38,0.445
780276258,Existing Customer,1968,M,2,High School,Married,$120K +,Blue,39,2,13091,37,0.075
789282333,Existing Customer,1959,F,0,Graduate,Married,Unknown,Blue,51,3,10826,34,0.118
811571733,Existing Customer,1995,F,0,Unknown,Single,Unknown,Blue,13,2,2600,45,0.722
709429533,Existing Customer,1972,F,5,Graduate,Divorced,Unknown,Blue,35,3,2561,41,0
715247508,Existing Customer,1991,F,1,Graduate,Married,Less than $40K,Blue,36,2,7087,37,0.15
718784358,Existing Customer,1987,M,4,Uneducated,Single,$120K +,Blue,36,3,34516,46,0.073
751450008,Existing Customer,1980,M,1,Post-Graduate,Single,$40K - $60K,Blue,32,2,10266,42,0.135
719227233,Existing Customer,1994,F,1,Unknown,Single,Less than $40K,Blue,36,3,1553,43,0.466
711050058,Existing Customer,1988,F,2,Uneducated,Married,$40K - $60K,Blue,23,2,6732,45,0
779040408,Existing Customer,1965,M,2,High School,Married,$120K +,Blue,37,1,12181,33,0.14
714024858,Existing Customer,1985,M,3,High School,Married,$80K - $120K,Blue,27,1,7056,35,0
789849108,Existing Customer,1986,M,1,Graduate,Single,$60K - $80K,Blue,25,1,14365,62,0
710391258,Existing Customer,1994,M,0,Graduate,Married,$40K - $60K,Blue,36,2,11473,41,0.072
718830183,Existing Customer,1975,M,1,High School,Single,$60K - $80K,Blue,38,2,23996,29,0.105
779696883,Existing Customer,1973,M,2,Graduate,Divorced,$60K - $80K,Blue,33,2,2998,31,0.597
719249733,Existing Customer,1967,M,1,Unknown,Single,$80K - $120K,Blue,36,2,30011,41,0.041
737971833,Existing Customer,1983,M,1,Graduate,Married,$60K - $80K,Blue,31,3,2405,40,0.646
772468983,Existing Customer,1985,M,1,Post-Graduate,Married,$80K - $120K,Blue,26,4,21927,37,0.059
710990283,Existing Customer,1965,M,1,High School,Married,$80K - $120K,Blue,36,1,3906,33,0.474
808750458,Existing Customer,1989,M,1,Doctorate,Single,$60K - $80K,Blue,27,3,10029,58,0.06
719692983,Existing Customer,1985,M,2,Doctorate,Married,$60K - $80K,Blue,30,3,4934,42,0.305
719125158,Existing Customer,1986,F,2,High School,Single,Less than $40K,Silver,15,2,13882,71,0.105
787509408,Existing Customer,1995,M,0,College,Single,Unknown,Blue,13,3,2347,56,0
719206308,Existing Customer,1989,M,1,High School,Married,$60K - $80K,Blue,24,2,4116,38,0.297
717141858,Existing Customer,1965,F,2,High School,Single,$40K - $60K,Blue,36,1,13904,67,0.045
713172408,Existing Customer,1967,M,1,Unknown,Married,$80K - $120K,Blue,43,2,32558,37,0.062
720314583,Existing Customer,1967,M,2,Unknown,Married,$80K - $120K,Blue,44,1,12902,33,0.144
708347583,Existing Customer,1984,F,4,Uneducated,Married,Less than $40K,Blue,36,1,2509,38,0.456
711006783,Existing Customer,1983,F,1,Graduate,Single,Less than $40K,Blue,22,3,2484,28,0.865
718274283,Existing Customer,1986,M,3,College,Single,$60K - $80K,Blue,36,1,2780,67,0
803977008,Existing Customer,1982,M,2,Unknown,Married,$60K - $80K,Blue,34,2,5219,35,0.35
715216908,Existing Customer,1973,M,4,Doctorate,Single,$80K - $120K,Blue,36,3,18102,32,0.076
779611008,Existing Customer,1992,M,0,Graduate,Married,$40K - $60K,Blue,18,3,4532,55,0
811467708,Existing Customer,1988,M,2,Graduate,Married,$80K - $120K,Blue,28,2,22399,62,0.064
812597508,Existing Customer,1982,F,1,High School,Married,$40K - $60K,Blue,34,5,4489,58,0.556
718651083,Existing Customer,1986,F,2,Graduate,Single,Unknown,Blue,25,1,10329,68,0.05
708577308,Existing Customer,1978,F,1,Unknown,Divorced,Less than $40K,Blue,36,2,2637,39,0.482
813990483,Existing Customer,1994,F,0,High School,Married,Less than $40K,Blue,22,1,1864,32,0.742
816319008,Existing Customer,1969,F,2,Graduate,Single,Unknown,Blue,47,3,13276,33,0.144
789627258,Existing Customer,1990,M,1,Graduate,Single,$40K - $60K,Blue,25,3,1935,60,0.534
713346558,Existing Customer,1976,M,4,Graduate,Divorced,$60K - $80K,Blue,37,2,6784,28,0.131
708744933,Existing Customer,1986,M,2,High School,Married,$60K - $80K,Blue,36,2,19127,33,0.098
708828258,Existing Customer,1966,M,2,College,Married,$120K +,Blue,37,2,32641,30,0.048
713511108,Existing Customer,1960,M,1,Uneducated,Married,$40K - $60K,Blue,47,3,1438.3,43,0.589
710208633,Existing Customer,1984,F,1,Graduate,Married,Less than $40K,Blue,31,2,2417,42,0.798
824165658,Existing Customer,1983,M,2,Unknown,Married,$80K - $120K,Blue,34,1,19259,27,0.118
826513233,Existing Customer,1967,F,3,Unknown,Married,Less than $40K,Blue,50,2,3796,54,0.631
788789658,Existing Customer,1981,M,5,Unknown,Unknown,$80K - $120K,Blue,22,1,4042,37,0.431
717837858,Existing Customer,1974,M,5,College,Married,$120K +,Blue,34,1,17603,64,0.06
709382958,Existing Customer,1966,F,2,Graduate,Married,$40K - $60K,Blue,46,1,2894,25,0.718
716253858,Existing Customer,1984,M,5,Post-Graduate,Married,$80K - $120K,Blue,26,1,16730,43,0.117
713725683,Existing Customer,1985,F,0,College,Single,Less than $40K,Blue,27,3,3282,79,0.562
710364258,Existing Customer,1968,F,2,Uneducated,Married,Unknown,Blue,41,2,15815,48,0.077
816033783,Existing Customer,1995,M,0,High School,Single,$60K - $80K,Blue,21,2,1672,34,0.572
715065483,Existing Customer,1976,F,3,Graduate,Divorced,Less than $40K,Blue,36,3,8121,45,0.196
718751133,Existing Customer,1985,F,2,Unknown,Married,Less than $40K,Blue,26,1,3182,30,0.765
713983308,Existing Customer,1961,M,0,Post-Graduate,Married,$60K - $80K,Blue,49,1,3182,35,0.606
718418958,Attrited Customer,1991,M,1,Post-Graduate,Divorced,Less than $40K,Blue,36,2,5061,38,0
779367858,Existing Customer,1982,M,4,High School,Married,$60K - $80K,Blue,28,3,6224,58,0.305
711285633,Existing Customer,1988,F,0,Unknown,Single,Unknown,Blue,36,1,2735,71,0.647
714974658,Existing Customer,1973,F,4,College,Married,Less than $40K,Blue,36,1,2464,35,0.758
716374308,Existing Customer,1982,M,3,Graduate,Married,$60K - $80K,Blue,33,3,3477,50,0.539
713416233,Existing Customer,1983,M,2,Graduate,Married,$80K - $120K,Blue,24,2,3242,46,0.64
797643708,Existing Customer,1974,M,1,High School,Married,$120K +,Blue,41,1,27858,53,0.047
808292958,Existing Customer,1995,M,0,Graduate,Single,Less than $40K,Blue,20,2,1438.3,40,0.344
719831958,Existing Customer,1972,M,3,College,Single,$120K +,Blue,36,2,34516,44,0
708860358,Existing Customer,1983,M,3,High School,Married,$80K - $120K,Blue,22,2,6361,31,0.109
717385983,Existing Customer,1991,M,0,Graduate,Married,Less than $40K,Blue,21,6,2490,30,0
719049033,Existing Customer,1968,M,3,High School,Married,$120K +,Blue,44,6,14057,60,0.118
717581658,Existing Customer,1972,M,2,Unknown,Single,$60K - $80K,Blue,38,1,2461,35,0.644
714347508,Existing Customer,1986,M,2,Uneducated,Single,$60K - $80K,Blue,21,3,7766,74,0.165
803833608,Existing Customer,1981,M,3,Uneducated,Single,$40K - $60K,Silver,33,1,21308,38,0.026
712576908,Existing Customer,1991,M,0,High School,Married,$60K - $80K,Blue,36,2,4516,24,0.499
778511733,Existing Customer,1979,F,3,College,Single,$40K - $60K,Blue,30,3,5424,44,0.334
721464783,Existing Customer,1959,F,0,Graduate,Married,Less than $40K,Blue,36,2,1764,47,0.873
821179233,Attrited Customer,1971,F,1,Post-Graduate,Single,$40K - $60K,Blue,46,3,1493,43,0.624
713126733,Existing Customer,1965,M,3,College,Married,$120K +,Blue,43,2,17539,30,0.144
719688408,Existing Customer,1976,M,3,Graduate,Married,$80K - $120K,Silver,36,2,34516,68,0
779811183,Existing Customer,1986,F,3,Uneducated,Married,Less than $40K,Blue,25,1,2149,30,0.52
771086208,Existing Customer,1964,F,2,Graduate,Married,Less than $40K,Blue,44,4,6256,43,0.245
715217733,Existing Customer,1988,F,2,High School,Single,Unknown,Blue,25,1,11922,61,0.066
813752433,Attrited Customer,1978,F,3,Graduate,Single,Less than $40K,Blue,38,2,4075,27,0.487
711876333,Existing Customer,1968,M,3,Graduate,Married,$80K - $120K,Blue,36,1,7290,29,0.295
715256658,Existing Customer,1971,M,2,College,Single,$60K - $80K,Blue,36,3,5965,58,0.115
711329658,Existing Customer,1991,M,0,High School,Married,$120K +,Blue,13,1,9007,42,0.218
710227908,Existing Customer,1984,F,3,Graduate,Single,Less than $40K,Blue,36,2,6077,74,0.23
716362008,Existing Customer,1984,M,2,Doctorate,Married,$40K - $60K,Blue,29,3,1808,35,0.558
714939708,Existing Customer,1976,M,3,Graduate,Single,$80K - $120K,Blue,36,1,12810,74,0
708083283,Attrited Customer,1963,M,0,Unknown,Single,$40K - $60K,Blue,45,1,3421,21,0.736
719431608,Existing Customer,1958,F,0,College,Married,$40K - $60K,Blue,53,1,3118,24,0.49
769411758,Existing Customer,1978,M,1,Graduate,Single,$60K - $80K,Blue,37,3,20013,39,0.046
714248733,Existing Customer,1995,F,0,Unknown,Single,Unknown,Blue,13,1,4395,46,0.282
804481608,Existing Customer,1984,F,1,Unknown,Single,Less than $40K,Blue,32,3,9661,60,0
714631833,Existing Customer,1968,M,4,Graduate,Married,$60K - $80K,Blue,44,2,1973,38,0.671
769751958,Existing Customer,1966,M,3,Unknown,Married,$120K +,Blue,49,2,9926,57,0.203
717999183,Existing Customer,1985,M,3,High School,Married,$60K - $80K,Blue,36,3,4108,58,0.404
713075283,Existing Customer,1970,M,3,High School,Single,$120K +,Blue,36,1,20741,51,0.121
711561108,Existing Customer,1985,M,4,Graduate,Single,$80K - $120K,Blue,24,1,16335,71,0.055
709854483,Existing Customer,1986,F,1,High School,Married,Unknown,Blue,17,3,4588,62,0.549
713630733,Existing Customer,1987,F,2,Graduate,Single,Less than $40K,Blue,24,3,5712,54,0.342
717599283,Existing Customer,1964,M,0,Doctorate,Married,$60K - $80K,Blue,36,1,5335,49,0.226
806407308,Attrited Customer,1967,F,3,College,Single,Unknown,Blue,49,2,13184,33,0
712730583,Existing Customer,1992,M,0,Uneducated,Married,$60K - $80K,Blue,20,2,8592,50,0.14
712142733,Existing Customer,1984,F,3,Post-Graduate,Married,Less than $40K,Blue,26,3,1910,39,0.609
720153258,Existing Customer,1968,F,2,College,Single,Less than $40K,Blue,45,3,6210,62,0.174
814086333,Existing Customer,1985,M,3,College,Married,$40K - $60K,Blue,31,2,2220,44,0.602
715524708,Existing Customer,1972,M,5,Unknown,Single,$40K - $60K,Silver,41,2,20756,31,0.082
713307708,Existing Customer,1957,F,0,Unknown,Married,$40K - $60K,Blue,55,3,2895,37,0.869
714069858,Existing Customer,1968,M,3,Graduate,Married,$60K - $80K,Blue,36,3,3539,45,0.711
712789383,Existing Customer,1969,M,1,Graduate,Married,$120K +,Blue,44,1,9274,59,0.226
787983633,Existing Customer,1986,F,3,Uneducated,Married,Less than $40K,Blue,26,1,3187,33,0.79
758583708,Attrited Customer,1984,F,3,Graduate,Single,Less than $40K,Blue,24,1,2802,28,0.878
717130383,Existing Customer,1971,M,0,Uneducated,Married,$60K - $80K,Blue,36,3,2334,30,0.303
720770883,Existing Customer,1956,F,0,Graduate,Single,Less than $40K,Blue,56,3,1438.3,61,0
716797758,Existing Customer,1968,F,2,Unknown,Married,Less than $40K,Blue,44,2,3519,33,0
713835258,Existing Customer,1968,M,1,Unknown,Married,$120K +,Blue,48,2,3088,40,0.675
720677733,Existing Customer,1981,M,3,Graduate,Married,$80K - $120K,Silver,36,3,34516,68,0.029
718587858,Existing Customer,1982,M,4,High School,Married,$60K - $80K,Blue,31,1,11906,39,0.171
710263608,Existing Customer,1968,F,3,High School,Married,Unknown,Blue,36,2,11098,46,0.074
715055433,Existing Customer,1985,M,3,Uneducated,Married,$60K - $80K,Blue,22,3,2224,44,0.797
715498308,Existing Customer,1986,F,2,Graduate,Married,$40K - $60K,Blue,36,3,3454,41,0.464
708099183,Existing Customer,1984,F,2,High School,Single,Less than $40K,Blue,36,2,5723,63,0.327
716452908,Existing Customer,1985,F,1,Unknown,Single,Less than $40K,Blue,36,2,9239,44,0.154
789959283,Existing Customer,1982,M,2,College,Single,$80K - $120K,Blue,24,3,4061,40,0.437
713536158,Existing Customer,1956,M,1,College,Married,Less than $40K,Blue,56,3,4189,31,0
716750358,Existing Customer,1976,F,1,Unknown,Married,Less than $40K,Blue,32,1,6373,82,0.245
815299833,Existing Customer,1983,F,2,Graduate,Married,Less than $40K,Blue,33,2,2228,61,0.771
721003008,Attrited Customer,1985,F,4,Graduate,Married,Less than $40K,Blue,24,2,3261,18,0.772
779883933,Existing Customer,1981,F,4,Graduate,Married,Less than $40K,Blue,24,3,8014,34,0.175
716612958,Existing Customer,1986,F,2,College,Married,$40K - $60K,Blue,29,1,10980,36,0.157
715859058,Existing Customer,1967,M,3,Post-Graduate,Married,$120K +,Blue,42,3,3092,37,0.7
772031733,Existing Customer,1981,M,4,Graduate,Single,$80K - $120K,Blue,29,1,14315,56,0.048
720668358,Existing Customer,1962,M,0,Uneducated,Single,$40K - $60K,Blue,46,3,1648,36,0.605
778708533,Attrited Customer,1995,F,0,High School,Single,$40K - $60K,Blue,13,2,1730,27,0.934
719649408,Existing Customer,1975,M,2,High School,Married,$60K - $80K,Blue,35,3,13768,44,0.055
715457658,Existing Customer,1992,F,1,Graduate,Married,Unknown,Blue,19,3,1709,48,0.857
711934308,Existing Customer,1983,M,3,Graduate,Single,$40K - $60K,Blue,19,2,1705,62,0
781326483,Existing Customer,1990,M,0,Graduate,Divorced,$60K - $80K,Blue,25,1,8673,58,0
712557708,Existing Customer,1986,M,1,High School,Married,$60K - $80K,Blue,21,2,6391,61,0.363
789187908,Existing Customer,1965,M,2,Uneducated,Married,$80K - $120K,Blue,45,2,11102,36,0.175
773297508,Existing Customer,1987,M,3,College,Married,$80K - $120K,Blue,28,1,24765,36,0.081
716529258,Existing Customer,1979,M,4,Doctorate,Married,$80K - $120K,Blue,27,3,31864,35,0
708242283,Existing Customer,1992,M,1,College,Single,$60K - $80K,Blue,36,3,5346,80,0
789247458,Existing Customer,1989,M,0,Graduate,Single,$40K - $60K,Blue,21,2,2801,54,0.526
717100833,Existing Customer,1984,F,2,High School,Married,Less than $40K,Blue,27,6,3148,31,0
716870583,Existing Customer,1985,F,3,Unknown,Married,Less than $40K,Blue,36,5,2786,55,0.584
719999508,Existing Customer,1984,M,3,Unknown,Married,$60K - $80K,Blue,24,1,11894,45,0.069
721236408,Existing Customer,1983,M,2,Graduate,Married,$80K - $120K,Blue,29,3,7535,41,0.334
720122808,Attrited Customer,1969,M,2,High School,Married,$60K - $80K,Silver,35,4,33180,14,0.015
716882658,Existing Customer,1959,F,2,Graduate,Married,Less than $40K,Blue,51,2,2986,55,0.547
713734758,Existing Customer,1986,F,2,Graduate,Married,Unknown,Blue,23,2,6729,50,0.353
709085358,Existing Customer,1985,M,1,Graduate,Single,$60K - $80K,Blue,36,3,2601,67,0.699
715785933,Existing Customer,1967,M,3,College,Married,$80K - $120K,Blue,45,3,3380,58,0.49
717159858,Existing Customer,1994,M,1,High School,Single,$60K - $80K,Blue,18,2,2730,61,0.495
713259858,Attrited Customer,1995,M,0,High School,Single,$40K - $60K,Blue,15,1,3324,22,0
787516908,Existing Customer,1965,F,2,Graduate,Married,Less than $40K,Blue,45,3,2665,58,0.692
711145008,Existing Customer,1961,F,1,Graduate,Married,$40K - $60K,Blue,47,3,5015,29,0.409
715013733,Existing Customer,1967,M,4,Graduate,Married,$60K - $80K,Blue,36,3,6905,25,0.334
717098208,Existing Customer,1973,M,3,Unknown,Married,$80K - $120K,Blue,41,2,5848,51,0.162
737982408,Existing Customer,1988,M,1,College,Single,$80K - $120K,Blue,26,3,19136,55,0.084
713216883,Existing Customer,1957,F,0,Unknown,Married,Less than $40K,Blue,55,3,3500,41,0.544
709361058,Existing Customer,1986,M,2,Graduate,Married,$60K - $80K,Blue,24,1,7453,47,0
710312658,Existing Customer,1967,F,2,Unknown,Married,Less than $40K,Blue,43,3,6266,27,0.29
773383158,Existing Customer,1992,F,1,College,Single,Less than $40K,Blue,23,3,4945,69,0
716053083,Attrited Customer,1988,M,2,Graduate,Married,$120K +,Blue,21,2,27992,18,0
717667833,Existing Customer,1987,M,1,Graduate,Married,$40K - $60K,Blue,36,2,3735,33,0.344
716998608,Existing Customer,1973,M,3,Graduate,Unknown,$60K - $80K,Blue,36,3,6703,44,0.187
772086408,Existing Customer,1983,M,3,High School,Single,$80K - $120K,Blue,27,1,6162,35,0.153
708597558,Existing Customer,1979,M,3,High School,Single,$60K - $80K,Blue,36,4,3337,68,0.238
718011783,Existing Customer,1966,M,3,Graduate,Married,$40K - $60K,Blue,36,3,2205,38,0.606
714360033,Existing Customer,1959,M,1,High School,Married,$40K - $60K,Blue,43,1,4450,44,0.324
811005858,Existing Customer,1988,F,0,Unknown,Married,Less than $40K,Blue,28,2,1438.3,70,0
794485158,Existing Customer,1983,M,2,Unknown,Married,$80K - $120K,Blue,18,1,2172,46,0.679
708513183,Existing Customer,1982,M,1,Uneducated,Married,$40K - $60K,Blue,29,2,4323,58,0.293
719353158,Existing Customer,1965,M,1,College,Married,$80K - $120K,Blue,45,1,4145,36,0.354
711436083,Existing Customer,1985,M,1,Graduate,Married,Less than $40K,Blue,18,3,2032,46,0.494
780374133,Existing Customer,1992,M,1,College,Single,$80K - $120K,Blue,19,3,7010,48,0.3
739117233,Existing Customer,1964,M,3,High School,Married,$120K +,Blue,50,3,3205,58,0.477
708486033,Existing Customer,1966,F,3,Post-Graduate,Married,Unknown,Blue,36,2,16547,48,0.092
795237183,Existing Customer,1970,F,2,Graduate,Married,$40K - $60K,Blue,45,2,5930,32,0
788788758,Existing Customer,1964,F,3,College,Single,Unknown,Blue,39,1,7469,46,0.235
709635858,Existing Customer,1965,F,3,Graduate,Married,Less than $40K,Blue,45,2,2235,27,0
789701658,Existing Customer,1995,M,0,College,Single,$40K - $60K,Blue,13,2,2047,33,0.584
713484483,Existing Customer,1985,F,4,Uneducated,Single,Unknown,Silver,21,1,34516,55,0.026
711954558,Existing Customer,1968,F,3,Graduate,Married,$40K - $60K,Blue,44,3,2636,34,0.894
712655583,Existing Customer,1980,M,3,Graduate,Married,$40K - $60K,Blue,32,3,6425,44,0.142
779686683,Existing Customer,1995,F,0,Post-Graduate,Single,Less than $40K,Blue,13,3,2902,34,0.575
711226758,Existing Customer,1970,F,1,College,Divorced,Less than $40K,Blue,42,2,4002,53,0.417
713241033,Existing Customer,1987,M,0,Graduate,Married,$60K - $80K,Blue,26,3,5175,49,0.189
788754108,Existing Customer,1956,F,1,Unknown,Single,$40K - $60K,Blue,48,2,4599,78,0.139
717013383,Existing Customer,1969,M,2,High School,Married,$80K - $120K,Blue,43,3,31258,53,0.049
712634133,Existing Customer,1967,F,2,Graduate,Married,Less than $40K,Blue,45,2,2683,37,0.623
709537683,Attrited Customer,1984,M,3,College,Married,$80K - $120K,Blue,30,4,11638,15,0.08
778627983,Existing Customer,1981,F,3,Graduate,Married,Unknown,Blue,20,1,1829,49,0.623
720241758,Existing Customer,1966,M,0,Doctorate,Married,$80K - $120K,Blue,36,1,8276,25,0.202
720814233,Existing Customer,1976,M,4,High School,Unknown,$80K - $120K,Blue,34,3,23539,38,0.054
785080308,Existing Customer,1984,F,2,High School,Married,Less than $40K,Blue,31,3,2352,48,0
713358633,Existing Customer,1991,M,1,Graduate,Single,$60K - $80K,Blue,36,1,11371,68,0.089
720392433,Existing Customer,1966,F,1,Unknown,Married,Less than $40K,Blue,36,6,2857,47,0.881
720282558,Existing Customer,1985,M,2,Graduate,Single,$80K - $120K,Silver,27,2,34516,73,0.045
821370858,Existing Customer,1982,M,1,Graduate,Married,$40K - $60K,Blue,35,3,6690,39,0.282
799249833,Existing Customer,1987,M,2,Graduate,Single,Less than $40K,Blue,28,1,4439,71,0.19
713016633,Existing Customer,1974,M,3,High School,Single,$60K - $80K,Blue,36,3,5344,36,0.296
814471983,Existing Customer,1979,M,3,High School,Divorced,$80K - $120K,Blue,37,3,27310,41,0
779612808,Existing Customer,1960,M,1,Graduate,Married,$40K - $60K,Blue,50,2,2531,35,0.932
716692683,Existing Customer,1990,M,1,College,Single,$40K - $60K,Blue,22,1,9096,54,0
790145733,Attrited Customer,1981,M,3,College,Single,$80K - $120K,Silver,33,3,34516,26,0
716038533,Existing Customer,1979,F,3,Graduate,Unknown,Less than $40K,Blue,32,1,7169,35,0.126
714421233,Existing Customer,1967,F,0,Graduate,Married,Less than $40K,Blue,36,3,5399,34,0.319
709783908,Existing Customer,1969,F,3,Unknown,Married,Less than $40K,Blue,47,3,2280,50,0.513
812788233,Existing Customer,1990,F,0,Graduate,Married,Less than $40K,Blue,21,1,6315,43,0.207
772452783,Existing Customer,1978,M,3,Unknown,Married,$40K - $60K,Blue,33,1,4402,46,0.373
714002658,Existing Customer,1972,M,2,Unknown,Married,$120K +,Blue,34,4,27732,31,0.059
713464983,Existing Customer,1976,F,2,Graduate,Unknown,$40K - $60K,Blue,36,3,4947,76,0.213
713910108,Existing Customer,1983,M,1,Graduate,Married,$80K - $120K,Blue,28,2,3946,43,0.602
808169358,Existing Customer,1964,M,2,Uneducated,Single,$40K - $60K,Blue,52,3,12291,50,0.186
714013083,Existing Customer,1958,F,2,Graduate,Married,$40K - $60K,Blue,53,2,3067,32,0.611
715381533,Existing Customer,1979,F,4,Post-Graduate,Single,Less than $40K,Blue,36,2,1438.3,55,0.469
717678408,Existing Customer,1960,F,1,Doctorate,Married,$40K - $60K,Blue,47,2,8633,51,0.292
719143308,Existing Customer,1984,M,2,Unknown,Single,$40K - $60K,Blue,28,4,2394,85,0
711509658,Attrited Customer,1960,M,2,Graduate,Married,$120K +,Blue,49,0,11374,26,0.221
757481283,Existing Customer,1986,M,3,College,Married,$60K - $80K,Blue,28,3,6921,35,0.312
808681158,Existing Customer,1964,M,0,Graduate,Married,$80K - $120K,Blue,52,6,2564,35,0.928
718867683,Existing Customer,1957,M,1,Unknown,Married,Less than $40K,Blue,55,3,2720,43,0.7
714618333,Existing Customer,1982,F,2,Doctorate,Married,Unknown,Blue,36,2,9843,35,0.219
794562783,Existing Customer,1993,F,0,Unknown,Single,Unknown,Blue,13,3,21691,51,0.03
708208758,Existing Customer,1968,M,1,Graduate,Single,$80K - $120K,Blue,45,3,1826,48,0.484
794504658,Existing Customer,1982,M,1,Unknown,Married,$60K - $80K,Blue,24,3,5746,44,0.318
714772758,Existing Customer,1986,F,3,Graduate,Married,Less than $40K,Blue,27,2,2926,48,0.46
713830233,Existing Customer,1974,F,5,High School,Married,$40K - $60K,Blue,36,3,7061,60,0.257
713577483,Existing Customer,1974,M,4,Unknown,Married,$80K - $120K,Blue,35,3,5589,31,0.256
814513008,Existing Customer,1983,M,2,Graduate,Married,$80K - $120K,Blue,33,3,9620,43,0.211
712765158,Existing Customer,1995,F,1,High School,Single,Less than $40K,Blue,15,3,2539,47,0.852
714411108,Existing Customer,1984,F,3,Graduate,Single,Unknown,Blue,28,2,3642,68,0.167
720231108,Existing Customer,1964,M,2,Graduate,Single,Less than $40K,Blue,39,4,3451,57,0
709035708,Existing Customer,1983,F,0,Unknown,Married,Less than $40K,Blue,36,2,1841,35,0.677
720662508,Existing Customer,1982,M,1,Graduate,Married,$120K +,Blue,25,3,5764,38,0.265
708623283,Existing Customer,1986,M,2,Uneducated,Single,$60K - $80K,Blue,16,3,18278,61,0
813247083,Existing Customer,1983,M,2,Graduate,Married,$80K - $120K,Blue,33,3,16059,26,0.038
780078333,Existing Customer,1965,M,2,Unknown,Married,$60K - $80K,Blue,41,2,5887,26,0.112
811915383,Existing Customer,1985,M,3,Uneducated,Married,$40K - $60K,Blue,31,2,3152,50,0.63
719818983,Attrited Customer,1982,M,1,College,Divorced,$80K - $120K,Blue,28,3,12464,35,0
716349183,Existing Customer,1963,F,1,Uneducated,Married,Unknown,Blue,36,2,4784,54,0
710067183,Existing Customer,1993,M,1,High School,Single,Less than $40K,Blue,36,2,1950,81,0
771234558,Existing Customer,1956,F,0,Graduate,Single,Less than $40K,Blue,56,3,7478,62,0
820288233,Existing Customer,1995,F,0,Uneducated,Single,Less than $40K,Blue,20,3,1438.3,39,0
717511533,Existing Customer,1993,M,0,Graduate,Single,Less than $40K,Blue,36,2,1707,87,0.698
711642108,Existing Customer,1991,F,1,Uneducated,Married,Unknown,Blue,13,2,4016,35,0.228
712495233,Existing Customer,1990,F,0,Uneducated,Married,Less than $40K,Blue,19,3,2370,53,0.717
718484283,Existing Customer,1964,M,3,Post-Graduate,Married,$60K - $80K,Blue,36,1,3478,49,0.724
717413658,Existing Customer,1978,M,4,High School,Married,$40K - $60K,Blue,32,2,1539,47,0.643
804668658,Attrited Customer,1995,F,0,Uneducated,Single,Less than $40K,Blue,20,2,1438.3,20,0
715934283,Existing Customer,1982,F,2,High School,Single,$40K - $60K,Blue,26,3,3142,56,0.522
717499083,Existing Customer,1986,M,0,Unknown,Single,$60K - $80K,Blue,36,1,17236,78,0
715279683,Existing Customer,1969,F,2,Uneducated,Married,$40K - $60K,Blue,36,1,1438.3,39,0
718971333,Existing Customer,1988,M,1,Graduate,Single,$80K - $120K,Blue,20,3,13206,51,0.07
709219533,Existing Customer,1968,M,3,High School,Married,$60K - $80K,Blue,41,1,2480,36,0.545
709150608,Existing Customer,1991,F,0,Unknown,Married,Less than $40K,Blue,19,1,2898,64,0
788259558,Existing Customer,1962,M,0,Unknown,Married,Less than $40K,Blue,51,3,1570,28,0.655
802464033,Existing Customer,1956,F,0,Graduate,Married,Less than $40K,Blue,56,3,4460,41,0.283
712757808,Existing Customer,1988,F,2,Uneducated,Married,Less than $40K,Blue,22,2,1544,40,0
714457083,Existing Customer,1969,F,2,High School,Married,Unknown,Blue,44,3,3456,24,0.642
713413758,Existing Customer,1995,F,1,College,Single,Unknown,Blue,16,3,2751,44,0.581
708741633,Existing Customer,1969,M,4,High School,Married,$60K - $80K,Blue,44,3,4153,41,0
714043833,Existing Customer,1984,F,3,Graduate,Single,Less than $40K,Blue,36,2,3685,85,0.379
789577833,Existing Customer,1965,M,2,Graduate,Married,$120K +,Blue,49,1,8902,29,0.217
787570758,Existing Customer,1986,M,2,Uneducated,Married,$120K +,Blue,26,3,2944,44,0.542
720371733,Existing Customer,1963,F,0,Graduate,Married,Less than $40K,Blue,47,3,2232,39,0.352
819117183,Existing Customer,1987,F,3,Unknown,Married,$40K - $60K,Blue,29,2,1569,48,0.579
711776433,Existing Customer,1984,M,3,Uneducated,Single,$80K - $120K,Blue,26,2,23622,65,0.049
709583133,Existing Customer,1968,M,3,Uneducated,Married,$40K - $60K,Blue,40,3,3326,54,0.434
719521983,Existing Customer,1983,M,2,Uneducated,Married,$40K - $60K,Blue,31,3,6116,32,0.278
718415133,Existing Customer,1983,M,1,Uneducated,Married,$80K - $120K,Blue,25,1,11352,34,0
710594358,Existing Customer,1993,F,0,Unknown,Single,Less than $40K,Silver,36,3,14910,72,0.059
709730508,Existing Customer,1982,F,0,High School,Single,Unknown,Blue,27,3,17531,61,0
720462633,Existing Customer,1978,F,3,Uneducated,Single,Less than $40K,Blue,29,2,4138,49,0.155
715005558,Existing Customer,1985,M,2,College,Single,$80K - $120K,Blue,36,2,8374,65,0.256
779993208,Existing Customer,1983,F,2,Uneducated,Married,Less than $40K,Blue,28,3,7049,27,0
787543008,Existing Customer,1984,M,1,Graduate,Single,$40K - $60K,Blue,27,3,3851,61,0.44
743265108,Existing Customer,1984,M,4,College,Single,$60K - $80K,Blue,30,1,15936,49,0.052
713770383,Existing Customer,1992,F,0,Uneducated,Divorced,Less than $40K,Blue,19,4,2926,74,0
712392108,Existing Customer,1970,M,3,High School,Married,$60K - $80K,Blue,36,2,10305,25,0.067
720145683,Existing Customer,1967,M,1,College,Married,$60K - $80K,Blue,42,2,2987,35,0.843
714832383,Existing Customer,1986,M,0,High School,Single,$80K - $120K,Gold,29,2,34516,70,0.057
772706283,Existing Customer,1983,F,2,College,Married,$40K - $60K,Blue,28,3,6275,43,0.252
795920358,Existing Customer,1988,F,2,High School,Married,Less than $40K,Blue,27,2,7185,45,0
716277558,Existing Customer,1976,F,1,Uneducated,Single,Less than $40K,Blue,36,3,3281,47,0.598
764776833,Existing Customer,1960,M,0,Graduate,Married,$40K - $60K,Blue,54,3,3077,30,0.535
710795883,Existing Customer,1988,F,3,Uneducated,Married,Less than $40K,Blue,16,1,2042,50,0.913
710428308,Existing Customer,1966,M,4,High School,Single,$60K - $80K,Blue,51,1,2001,51,0.776
721096983,Existing Customer,1987,F,2,Graduate,Single,Less than $40K,Blue,36,3,3625,46,0.694
715760733,Existing Customer,1963,M,4,High School,Married,$40K - $60K,Blue,47,3,7803,25,0.242
718227033,Existing Customer,1983,F,4,Graduate,Married,Less than $40K,Blue,30,1,5951,53,0.286
720610008,Attrited Customer,1962,M,1,College,Married,$120K +,Blue,50,5,15796,23,0.051
719517258,Existing Customer,1964,M,4,Unknown,Single,$80K - $120K,Blue,36,3,7558,67,0.18
714111333,Existing Customer,1966,M,1,High School,Married,$60K - $80K,Blue,46,1,5381,38,0
717551358,Existing Customer,1958,M,0,Graduate,Married,$60K - $80K,Blue,55,1,3556,56,0.708
813573333,Existing Customer,1961,M,1,High School,Married,Less than $40K,Blue,55,1,2661,25,0.551
711709683,Existing Customer,1968,F,2,Uneducated,Married,Less than $40K,Blue,36,1,3506,48,0.401
712902483,Existing Customer,1986,M,3,High School,Married,$60K - $80K,Blue,24,2,2066,43,0.822
710893533,Existing Customer,1968,M,1,Unknown,Married,$120K +,Blue,42,1,8329,56,0.105
719883858,Existing Customer,1963,M,2,Graduate,Married,Less than $40K,Blue,48,1,2774,33,0
719628033,Existing Customer,1988,F,1,Post-Graduate,Married,Unknown,Blue,36,3,4134,52,0.273
712043433,Existing Customer,1968,M,1,Graduate,Married,$80K - $120K,Blue,36,2,11329,33,0.104
769095558,Existing Customer,1962,M,1,Doctorate,Single,$60K - $80K,Blue,53,2,9055,45,0.172
816094233,Existing Customer,1984,M,1,High School,Married,$120K +,Blue,32,2,17393,38,0.081
758417508,Existing Customer,1971,F,4,High School,Divorced,Less than $40K,Blue,43,3,5908,72,0
721234308,Existing Customer,1986,F,2,Uneducated,Married,Less than $40K,Blue,21,2,5825,62,0.312
717138558,Existing Customer,1993,M,0,Post-Graduate,Married,$40K - $60K,Blue,16,1,3665,31,0
798120858,Existing Customer,1984,M,3,Uneducated,Married,$80K - $120K,Blue,31,2,3797,44,0.375
709997958,Existing Customer,1982,M,3,Graduate,Married,$40K - $60K,Blue,28,3,3478,54,0
712617408,Existing Customer,1990,M,1,Post-Graduate,Single,$40K - $60K,Blue,20,3,13734,74,0
720158208,Existing Customer,1984,M,3,Graduate,Married,$60K - $80K,Blue,23,3,3034,49,0.714
716548083,Existing Customer,1982,M,4,Graduate,Married,Less than $40K,Blue,32,1,2973,57,0.794
717631008,Existing Customer,1983,M,2,Graduate,Married,$80K - $120K,Blue,31,1,24296,48,0
813964383,Existing Customer,1986,M,3,Graduate,Single,$40K - $60K,Blue,30,1,8969,59,0.137
719952408,Existing Customer,1991,M,0,Graduate,Married,Less than $40K,Blue,36,3,2550,51,0.636
771028533,Attrited Customer,1973,F,3,Post-Graduate,Married,Less than $40K,Silver,35,1,10357,25,0
771823308,Existing Customer,1988,F,2,Uneducated,Unknown,Less than $40K,Blue,21,1,1475,33,0.668
719854008,Existing Customer,1974,M,3,Unknown,Single,$40K - $60K,Blue,36,6,5154,32,0.273
713998233,Existing Customer,1984,F,2,High School,Single,Less than $40K,Blue,36,2,3586,57,0.394
714746358,Existing Customer,1983,M,3,Unknown,Married,$60K - $80K,Blue,28,1,4646,35,0.362
713574708,Existing Customer,1982,M,3,College,Single,$40K - $60K,Blue,28,2,1640,66,0.718
714753258,Existing Customer,1987,M,2,Unknown,Married,$60K - $80K,Blue,36,2,2379,50,0.833
712004208,Existing Customer,1956,M,0,Graduate,Single,Less than $40K,Blue,56,3,3422,59,0
719621958,Existing Customer,1978,M,3,Graduate,Unknown,$60K - $80K,Blue,28,2,4365,40,0
819610908,Attrited Customer,1983,M,2,Uneducated,Single,$80K - $120K,Blue,33,4,32938,26,0.063
823948308,Existing Customer,1973,M,4,Post-Graduate,Unknown,$40K - $60K,Blue,44,2,6710,37,0.289
712064358,Existing Customer,1983,M,1,Graduate,Married,$60K - $80K,Blue,36,3,2507,34,0.616
816013383,Attrited Customer,1956,F,0,Graduate,Divorced,Less than $40K,Blue,56,6,6184,27,0
758765808,Existing Customer,1985,F,2,Unknown,Married,Less than $40K,Blue,29,3,2029,40,0.586
780881358,Existing Customer,1986,M,3,Graduate,Single,$40K - $60K,Silver,17,3,16659,74,0
709422183,Existing Customer,1963,F,1,Graduate,Married,Less than $40K,Blue,46,2,2203,45,0.633
779951058,Existing Customer,1967,F,3,High School,Married,Unknown,Blue,38,2,5122,39,0.321
809941233,Existing Customer,1968,M,1,Graduate,Married,$80K - $120K,Blue,48,1,3074,38,0.777
710844408,Existing Customer,1983,M,3,Post-Graduate,Married,$60K - $80K,Blue,36,3,2584,28,0
819002508,Existing Customer,1990,M,1,Unknown,Single,$40K - $60K,Blue,26,1,2037,64,0
807141183,Existing Customer,1987,M,1,Graduate,Married,$120K +,Blue,29,3,14938,36,0.095
711119358,Existing Customer,1983,M,3,Unknown,Married,$60K - $80K,Blue,31,1,2014,52,0.445
808273533,Attrited Customer,1982,M,2,High School,Single,$60K - $80K,Blue,34,4,1818,55,0
716297658,Existing Customer,1984,M,2,Graduate,Single,$80K - $120K,Blue,36,1,14926,55,0
716532258,Existing Customer,1970,F,1,High School,Single,Less than $40K,Blue,43,3,2827,55,0.463
720540708,Existing Customer,1968,F,3,Uneducated,Married,Less than $40K,Blue,42,2,2773,25,0.543
720904233,Existing Customer,1968,M,0,Graduate,Married,$80K - $120K,Blue,41,3,16033,31,0.035
720863133,Existing Customer,1956,M,1,Graduate,Married,Less than $40K,Blue,54,3,3213,39,0.783
714957108,Existing Customer,1988,F,3,High School,Divorced,Less than $40K,Blue,26,1,3616,72,0
790102008,Existing Customer,1984,M,3,Doctorate,Single,$60K - $80K,Blue,30,1,5924,80,0.173
781933983,Existing Customer,1974,M,4,Graduate,Married,$40K - $60K,Blue,41,3,14535,76,0
712643358,Existing Customer,1962,F,0,High School,Married,Less than $40K,Blue,49,2,2833,23,0.568
716686158,Existing Customer,1962,F,0,Post-Graduate,Married,Less than $40K,Blue,49,2,1479,32,0.406
806894133,Existing Customer,1987,F,3,Post-Graduate,Single,Unknown,Blue,29,1,1617,55,0.833
721344858,Existing Customer,1995,M,0,Uneducated,Single,Less than $40K,Blue,13,4,2237,36,0.202
813230208,Existing Customer,1976,M,4,College,Single,$120K +,Blue,40,3,2900,64,0.614
716835033,Existing Customer,1967,F,2,Graduate,Married,Unknown,Blue,45,3,13126,37,0.159
787500333,Existing Customer,1969,M,2,Post-Graduate,Single,$80K - $120K,Blue,40,1,8695,58,0.162
768582033,Existing Customer,1974,M,3,High School,Married,$40K - $60K,Blue,41,3,6692,76,0.283
713992158,Existing Customer,1964,F,4,Unknown,Married,Less than $40K,Blue,36,1,2159,30,0.465
719916408,Existing Customer,1987,M,5,Graduate,Married,$60K - $80K,Blue,27,2,2501,34,0.763
789433758,Existing Customer,1985,M,0,College,Married,$80K - $120K,Blue,27,3,6338,39,0.375
785011383,Attrited Customer,1985,F,0,Uneducated,Divorced,$40K - $60K,Blue,30,3,2190,38,0
719283633,Existing Customer,1964,F,3,Uneducated,Married,$40K - $60K,Blue,49,2,7578,29,0.215
710816358,Existing Customer,1992,M,1,Post-Graduate,Married,Less than $40K,Blue,18,3,2963,48,0.495
779653458,Existing Customer,1984,M,3,Graduate,Married,$80K - $120K,Blue,20,3,8260,47,0.251
716382708,Attrited Customer,1975,F,2,Graduate,Single,Less than $40K,Blue,36,4,8309,35,0.103
710387583,Existing Customer,1966,M,0,High School,Married,$80K - $120K,Blue,35,1,3864,32,0.492
718772133,Existing Customer,1965,M,3,Graduate,Married,$80K - $120K,Blue,47,3,10230,34,0.106
711224733,Attrited Customer,1989,M,0,High School,Married,$120K +,Blue,27,3,22382,10,0
718360083,Existing Customer,1982,M,4,Uneducated,Married,$120K +,Blue,36,3,25790,70,0.07
716102583,Existing Customer,1958,F,1,Graduate,Married,Less than $40K,Blue,53,1,2675,56,0.941
720673008,Existing Customer,1972,F,3,Unknown,Divorced,Less than $40K,Blue,38,3,1652,47,0.492
708459633,Existing Customer,1983,M,2,High School,Married,$60K - $80K,Blue,26,1,5815,42,0.292
712868733,Existing Customer,1961,M,0,Uneducated,Married,Less than $40K,Blue,52,1,2595,27,0.844
713790708,Existing Customer,1983,M,3,Uneducated,Married,$60K - $80K,Blue,36,2,3421,39,0.675
717648783,Existing Customer,1958,M,2,High School,Married,$80K - $120K,Blue,51,2,6922,28,0.246
714709983,Existing Customer,1978,F,2,College,Married,Less than $40K,Blue,36,2,6979,44,0.129
819409608,Existing Customer,1982,F,2,Graduate,Married,Less than $40K,Blue,34,3,2594,43,0
717585858,Existing Customer,1986,F,4,High School,Single,Unknown,Blue,24,2,16915,55,0.099
791856033,Attrited Customer,1976,M,2,College,Divorced,$80K - $120K,Blue,39,4,34516,27,0
714474483,Existing Customer,1986,F,1,Graduate,Married,$40K - $60K,Blue,29,2,2523,50,0.744
716448783,Attrited Customer,1973,F,3,Graduate,Married,$40K - $60K,Blue,39,4,6235,34,0
711065133,Existing Customer,1995,M,1,High School,Single,$40K - $60K,Blue,13,2,1473,39,0
713769258,Existing Customer,1985,M,3,College,Married,$120K +,Blue,26,2,17116,45,0.055
712288158,Existing Customer,1984,M,2,College,Married,$80K - $120K,Blue,17,3,4631,37,0.43
714130233,Existing Customer,1982,M,2,Unknown,Married,$60K - $80K,Blue,19,3,3047,37,0.706
789127533,Existing Customer,1972,M,4,High School,Divorced,$80K - $120K,Blue,37,2,32338,83,0.051
717038733,Existing Customer,1965,M,3,Uneducated,Married,$60K - $80K,Blue,36,3,2253,38,0.61
804840033,Existing Customer,1976,M,2,College,Married,$60K - $80K,Blue,38,6,16611,48,0
709363383,Existing Customer,1987,M,2,High School,Single,Unknown,Blue,36,4,22886,61,0.037
789760233,Existing Customer,1992,M,0,Unknown,Divorced,$80K - $120K,Blue,14,3,3544,63,0
712058958,Existing Customer,1993,M,0,High School,Single,Less than $40K,Blue,19,3,3480,75,0
708295533,Existing Customer,1956,F,0,Post-Graduate,Married,Less than $40K,Blue,56,3,3549,22,0.53
817686633,Existing Customer,1995,F,1,College,Single,Less than $40K,Blue,15,2,1438.3,39,0.512
713738883,Existing Customer,1964,F,3,Uneducated,Married,Less than $40K,Blue,36,2,3136,34,0.453
721310283,Existing Customer,1974,M,3,Graduate,Single,$120K +,Blue,36,2,34516,32,0.027
803132733,Existing Customer,1967,F,1,Graduate,Married,Less than $40K,Blue,48,3,6814,30,0.23
779852133,Existing Customer,1973,M,2,Unknown,Married,$120K +,Silver,32,2,34516,66,0.061
716210283,Existing Customer,1985,F,1,High School,Married,Unknown,Blue,36,3,8500,37,0.296
711615933,Existing Customer,1978,M,3,Graduate,Married,$80K - $120K,Blue,33,3,28170,28,0.066
785311158,Existing Customer,1967,F,2,Graduate,Single,Less than $40K,Blue,48,1,6610,69,0.14
717267108,Existing Customer,1984,M,1,College,Single,$60K - $80K,Blue,26,3,15755,61,0.089
711636558,Existing Customer,1988,M,3,Graduate,Married,$80K - $120K,Blue,36,3,2711,42,0.765
717504258,Existing Customer,1983,M,2,College,Married,$40K - $60K,Blue,25,1,3735,35,0.321
718242333,Existing Customer,1985,M,4,Graduate,Single,$80K - $120K,Blue,36,3,10216,69,0.178
771844458,Existing Customer,1981,F,3,Graduate,Married,Unknown,Blue,28,1,20420,41,0.081
708892833,Attrited Customer,1984,M,2,Graduate,Married,$120K +,Blue,30,4,13662,22,0
779465358,Existing Customer,1995,F,0,High School,Single,Unknown,Blue,13,3,3038,38,0.481
720191883,Existing Customer,1976,M,3,High School,Single,$60K - $80K,Blue,35,3,7050,36,0.093
710934033,Existing Customer,1995,M,0,High School,Single,Less than $40K,Blue,13,1,1775,43,0.655
714473658,Existing Customer,1979,M,3,Graduate,Single,$40K - $60K,Blue,30,2,8960,26,0.118
716569983,Existing Customer,1988,M,2,College,Married,$80K - $120K,Blue,36,1,2355,27,0.753
789833583,Existing Customer,1964,F,4,High School,Married,$40K - $60K,Blue,47,2,6803,30,0.196
818923158,Existing Customer,1966,M,2,Graduate,Married,$60K - $80K,Blue,50,2,2145,31,0.563
716596308,Existing Customer,1981,M,3,Uneducated,Single,$80K - $120K,Blue,36,2,3919,51,0.418
716620458,Existing Customer,1989,M,1,High School,Single,Less than $40K,Blue,23,2,4500,63,0
710251608,Existing Customer,1959,F,1,High School,Married,Less than $40K,Blue,54,3,2941,27,0.399
710633808,Existing Customer,1995,M,0,Graduate,Single,$60K - $80K,Blue,13,3,7102,41,0
719318583,Attrited Customer,1984,M,3,High School,Married,Less than $40K,Blue,26,3,6866,13,0.348
819202533,Existing Customer,1964,M,1,Doctorate,Married,$80K - $120K,Blue,52,2,10378,32,0.148
827360883,Existing Customer,1974,F,3,High School,Married,Unknown,Blue,43,3,13473,46,0.099
771196083,Existing Customer,1974,M,4,Graduate,Married,$80K - $120K,Blue,34,3,18178,37,0
809962908,Existing Customer,1973,F,2,Graduate,Single,Unknown,Blue,43,3,8171,52,0.104
788965683,Existing Customer,1972,F,4,Uneducated,Married,Less than $40K,Blue,36,3,1438.3,41,0
817142433,Existing Customer,1986,M,3,Graduate,Married,$80K - $120K,Blue,20,3,8082,29,0.285
716993058,Existing Customer,1964,M,3,Unknown,Divorced,$60K - $80K,Blue,48,2,24589,78,0.067
771040758,Existing Customer,1959,F,0,Graduate,Single,Unknown,Silver,49,1,30310,91,0
713309583,Existing Customer,1966,F,2,College,Married,Less than $40K,Blue,36,3,2967,59,0.718
710273658,Existing Customer,1985,M,2,Graduate,Married,$60K - $80K,Blue,17,2,3092,61,0.59
771429408,Existing Customer,1967,M,1,High School,Married,$80K - $120K,Blue,42,3,1618,31,0.413
719452308,Existing Customer,1991,F,0,Graduate,Married,Less than $40K,Blue,23,2,2498,35,0.653
818908833,Existing Customer,1975,M,3,Graduate,Married,$40K - $60K,Blue,41,2,2564,45,0
780998133,Existing Customer,1978,M,3,Graduate,Married,$80K - $120K,Blue,34,4,10540,45,0.141
801726933,Existing Customer,1987,M,2,Graduate,Married,$120K +,Blue,28,3,13384,33,0.138
788474658,Existing Customer,1966,M,3,Graduate,Married,$80K - $120K,Blue,48,2,16208,56,0.079
708438033,Existing Customer,1985,F,2,Unknown,Married,Less than $40K,Blue,27,3,3049,48,0.721
710562258,Existing Customer,1977,M,1,Graduate,Married,$80K - $120K,Blue,33,4,19214,47,0
770764908,Existing Customer,1982,M,2,Unknown,Married,$60K - $80K,Blue,25,2,3071,36,0.82
814776033,Existing Customer,1987,M,2,Graduate,Single,$80K - $120K,Blue,29,1,13395,69,0.125
715057383,Existing Customer,1981,M,3,Graduate,Married,$60K - $80K,Blue,31,3,17126,79,0.07
717970158,Existing Customer,1979,M,2,College,Single,$60K - $80K,Blue,36,3,8083,84,0
715168008,Existing Customer,1985,M,3,Graduate,Divorced,$40K - $60K,Blue,28,2,8995,61,0.172
720802833,Existing Customer,1995,F,1,High School,Single,Less than $40K,Blue,13,2,2404,63,0.498
789370383,Existing Customer,1979,M,1,High School,Married,$40K - $60K,Blue,32,2,2807,26,0.657
711782733,Existing Customer,1966,M,0,Graduate,Married,$40K - $60K,Blue,36,3,3097,24,0.267
709000008,Existing Customer,1976,M,3,Unknown,Single,$80K - $120K,Blue,37,2,10651,54,0.063
719381733,Existing Customer,1960,M,2,High School,Single,$60K - $80K,Blue,47,2,2175,64,0.646
771169458,Existing Customer,1980,M,4,College,Married,$120K +,Blue,28,3,28020,36,0.052
709974108,Existing Customer,1986,F,1,Graduate,Single,Less than $40K,Blue,23,3,2640,80,0.398
757024233,Existing Customer,1987,M,2,Graduate,Single,$120K +,Blue,27,1,31313,62,0.069
768928833,Existing Customer,1984,M,2,High School,Married,$80K - $120K,Blue,31,2,7304,63,0
720504633,Attrited Customer,1975,M,2,Uneducated,Unknown,$60K - $80K,Blue,32,2,3254,24,0
812441358,Existing Customer,1995,M,1,College,Divorced,$40K - $60K,Blue,21,3,1438.3,89,0
713287608,Existing Customer,1967,F,3,High School,Married,Less than $40K,Blue,41,4,3161,62,0.386
711357858,Attrited Customer,1974,F,3,Graduate,Single,Less than $40K,Blue,36,3,7246,13,0
715478733,Existing Customer,1965,F,5,Graduate,Married,Less than $40K,Blue,36,4,3088,54,0.815
780382008,Existing Customer,1979,F,4,Unknown,Single,Less than $40K,Silver,32,3,13719,63,0.101
715749858,Existing Customer,1991,M,1,Unknown,Married,$40K - $60K,Blue,18,1,4726,31,0.292
710951808,Existing Customer,1989,M,1,Unknown,Married,Less than $40K,Blue,36,3,6100,32,0.249
713469333,Existing Customer,1981,M,2,High School,Single,$80K - $120K,Blue,28,2,19279,56,0.074
719243808,Existing Customer,1988,F,1,Graduate,Married,Less than $40K,Blue,20,2,3792,39,0.429
772202058,Existing Customer,1957,M,0,Graduate,Married,Less than $40K,Blue,53,3,2084,37,0.79
711346383,Existing Customer,1988,M,1,High School,Single,$80K - $120K,Blue,28,3,34516,70,0
711405333,Existing Customer,1969,M,3,Post-Graduate,Married,$80K - $120K,Blue,43,2,6849,43,0.31
778407033,Existing Customer,1962,F,0,Uneducated,Married,Less than $40K,Blue,39,3,2417,50,0.799
714862083,Existing Customer,1980,F,4,Uneducated,Single,Unknown,Blue,33,4,5802,53,0.429
711199008,Existing Customer,1983,M,2,Unknown,Married,$40K - $60K,Blue,31,2,2919,57,0.751
709858533,Existing Customer,1992,M,2,Graduate,Divorced,Less than $40K,Blue,20,1,2462,57,0.821
718627458,Existing Customer,1978,F,3,Doctorate,Married,Unknown,Blue,38,4,1947,52,0
711816108,Attrited Customer,1981,M,3,High School,Single,$80K - $120K,Blue,29,2,18563,45,0
717105258,Existing Customer,1984,F,1,Graduate,Married,Less than $40K,Blue,36,3,3992,32,0.323
715822008,Existing Customer,1989,M,1,High School,Married,Less than $40K,Blue,14,2,3568,35,0.61
714971583,Existing Customer,1985,M,2,Graduate,Single,$60K - $80K,Blue,27,3,7776,87,0.107
713663508,Attrited Customer,1963,M,0,High School,Unknown,$40K - $60K,Blue,42,2,1438.3,22,0
709025583,Existing Customer,1968,M,3,High School,Married,$80K - $120K,Blue,36,3,9355,38,0.076
812809083,Existing Customer,1984,F,3,Unknown,Single,Unknown,Blue,32,4,19636,58,0.08
714073983,Existing Customer,1974,M,2,Unknown,Single,$40K - $60K,Blue,36,3,7327,46,0
789297558,Existing Customer,1985,M,1,Uneducated,Single,$120K +,Blue,25,3,7049,51,0.274
710375283,Existing Customer,1995,F,0,Uneducated,Single,$40K - $60K,Blue,18,3,2033,55,0.724
712189233,Existing Customer,1983,F,1,Graduate,Married,$40K - $60K,Blue,20,1,5153,63,0.488
713767383,Existing Customer,1989,F,0,High School,Married,$40K - $60K,Blue,22,2,2062,41,0.807
797414733,Existing Customer,1984,F,3,Graduate,Single,Less than $40K,Blue,31,3,2005,61,0.757
712452033,Existing Customer,1995,M,1,Unknown,Single,Less than $40K,Blue,13,2,2479,44,0.334
714151533,Existing Customer,1966,F,1,Graduate,Married,$40K - $60K,Blue,46,4,4589,33,0.353
720440583,Existing Customer,1986,M,2,Unknown,Married,$80K - $120K,Blue,36,2,2263,47,0.525
787494783,Existing Customer,1963,M,3,High School,Married,$60K - $80K,Blue,46,3,8184,49,0.147
819966033,Existing Customer,1989,M,0,Graduate,Single,Unknown,Blue,27,3,9238,68,0
710297133,Existing Customer,1974,M,3,High School,Married,$80K - $120K,Blue,36,3,30210,65,0.04
793355508,Existing Customer,1989,M,0,Graduate,Single,Less than $40K,Blue,26,3,6942,71,0
708580908,Existing Customer,1965,M,3,High School,Married,$60K - $80K,Blue,37,3,14551,35,0.173
719826333,Existing Customer,1987,F,2,Doctorate,Single,Less than $40K,Blue,13,1,1438.3,67,0
780689733,Existing Customer,1956,M,0,Unknown,Single,Unknown,Blue,56,2,11332,56,0.056
744764433,Existing Customer,1966,M,2,Uneducated,Married,$120K +,Blue,48,2,30967,35,0.026
714902283,Existing Customer,1978,M,0,High School,Married,$80K - $120K,Blue,36,3,7866,53,0
789309558,Existing Customer,1990,M,2,College,Married,Less than $40K,Blue,21,2,2718,49,0.706
713188383,Existing Customer,1967,F,1,College,Married,Less than $40K,Blue,36,2,3084,22,0.816
719506983,Existing Customer,1969,M,3,Graduate,Married,$80K - $120K,Blue,42,2,17302,30,0.077
714804483,Existing Customer,1973,M,3,College,Divorced,$40K - $60K,Blue,36,3,12159,34,0.137
748503708,Existing Customer,1967,F,1,High School,Single,Less than $40K,Blue,47,4,2797,36,0.582
803587533,Existing Customer,1988,M,1,Uneducated,Single,$60K - $80K,Blue,28,3,2618,86,0.692
789777408,Attrited Customer,1995,F,0,Post-Graduate,Single,Less than $40K,Blue,15,2,1442,26,0.99
716811483,Existing Customer,1991,F,2,Uneducated,Married,Less than $40K,Blue,24,2,2063,43,0
714118383,Existing Customer,1972,F,5,Graduate,Married,Less than $40K,Blue,43,2,8154,72,0
720532908,Existing Customer,1985,F,2,Unknown,Divorced,$40K - $60K,Blue,20,3,9735,80,0.128
765055833,Existing Customer,1965,M,4,Unknown,Married,$80K - $120K,Blue,49,4,4310,33,0.517
715310208,Existing Customer,1968,M,3,Uneducated,Married,$80K - $120K,Blue,36,3,11450,45,0.186
718577958,Attrited Customer,1982,M,2,Uneducated,Married,$120K +,Blue,26,3,8906,15,0
789167658,Existing Customer,1987,M,3,College,Married,$60K - $80K,Blue,23,3,4245,34,0.428
789987183,Existing Customer,1968,M,2,College,Married,$80K - $120K,Blue,45,4,21953,37,0.06
717730533,Existing Customer,1989,M,0,Graduate,Single,$40K - $60K,Blue,21,1,1614,63,0.573
708668283,Existing Customer,1982,M,2,Graduate,Married,$80K - $120K,Blue,22,4,5140,36,0.49
772360683,Existing Customer,1964,M,1,High School,Married,$120K +,Blue,46,3,31762,36,0.079
712500933,Existing Customer,1973,F,4,Graduate,Single,Unknown,Blue,40,4,11692,56,0.055
804867183,Existing Customer,1984,M,3,Unknown,Married,$60K - $80K,Blue,30,2,16043,47,0
826068183,Existing Customer,1985,M,1,Graduate,Married,$80K - $120K,Blue,32,4,15488,50,0.094
820044333,Existing Customer,1982,M,3,College,Divorced,$40K - $60K,Blue,34,3,2503,58,0.873
714211533,Existing Customer,1990,M,0,Graduate,Divorced,Less than $40K,Blue,36,3,3312,50,0.752
710287533,Existing Customer,1990,M,2,Graduate,Single,$40K - $60K,Blue,36,2,6269,57,0.186
720603558,Existing Customer,1985,M,4,Graduate,Single,$60K - $80K,Blue,36,2,20337,74,0.079
819258408,Existing Customer,1974,F,5,Graduate,Single,Less than $40K,Blue,42,2,2224,41,0.497
717664008,Attrited Customer,1984,M,3,College,Married,$60K - $80K,Blue,19,3,3100,12,0.812
717437058,Existing Customer,1983,M,2,Unknown,Divorced,$60K - $80K,Silver,26,2,26437,57,0.026
717327783,Existing Customer,1982,M,2,Graduate,Married,$80K - $120K,Blue,27,2,9959,44,0.148
712887633,Existing Customer,1982,M,1,Unknown,Single,$80K - $120K,Blue,36,3,25008,43,0.035
716129208,Existing Customer,1984,M,3,Graduate,Married,$40K - $60K,Blue,36,3,2031,36,0
718037433,Existing Customer,1963,M,1,Graduate,Married,$80K - $120K,Blue,49,4,1654,60,0.758
709839858,Existing Customer,1963,F,2,Graduate,Married,Less than $40K,Blue,39,4,4608,31,0.234
719686458,Existing Customer,1984,M,3,Graduate,Married,$40K - $60K,Blue,36,4,3908,30,0.417
721434483,Existing Customer,1967,M,3,Graduate,Married,$80K - $120K,Blue,46,3,2798,55,0.449
716096358,Existing Customer,1976,F,3,Uneducated,Single,Less than $40K,Blue,39,4,2551,63,0.883
718244958,Existing Customer,1985,F,2,Graduate,Married,Unknown,Blue,26,2,8621,37,0.145
711315783,Existing Customer,1968,M,3,Graduate,Married,$40K - $60K,Blue,43,4,7451,49,0.092
821296083,Existing Customer,1987,F,1,College,Married,Less than $40K,Blue,30,3,2617,47,0.386
711562833,Attrited Customer,1986,M,4,Graduate,Married,$80K - $120K,Blue,24,3,12634,18,0
716447733,Existing Customer,1989,M,3,Graduate,Married,$40K - $60K,Blue,18,3,6407,43,0.15
719591283,Existing Customer,1983,M,2,Uneducated,Married,Less than $40K,Blue,27,2,1438.3,58,0
789911808,Existing Customer,1984,M,3,Uneducated,Married,$80K - $120K,Blue,28,2,2672,52,0.471
713195808,Existing Customer,1984,F,3,High School,Married,Unknown,Blue,36,3,11948,51,0.107
717866133,Existing Customer,1974,F,2,Graduate,Single,Less than $40K,Blue,36,3,2677,63,0.519
716670783,Existing Customer,1969,F,3,Doctorate,Single,Unknown,Blue,36,2,24703,63,0.044
789197508,Existing Customer,1967,M,3,High School,Married,$60K - $80K,Blue,43,3,2240,36,0.705
713108433,Existing Customer,1968,M,3,College,Married,$80K - $120K,Blue,40,4,6052,37,0.284
711403383,Existing Customer,1988,F,3,College,Single,Less than $40K,Blue,23,4,2562,70,0.768
768212583,Existing Customer,1972,M,2,Graduate,Married,$60K - $80K,Blue,43,4,15377,49,0.099
720181758,Attrited Customer,1984,M,0,Doctorate,Married,$120K +,Blue,22,3,8654,18,0
710632683,Existing Customer,1990,M,1,Uneducated,Married,$40K - $60K,Blue,24,2,1438.3,49,0
711836733,Existing Customer,1978,M,3,Graduate,Single,$120K +,Blue,31,3,1438.3,45,0
771183933,Existing Customer,1982,M,1,Uneducated,Married,$80K - $120K,Blue,26,2,16040,49,0.076
711327558,Existing Customer,1983,M,2,High School,Married,$40K - $60K,Blue,36,3,2801,45,0.707
788971308,Existing Customer,1959,F,1,Uneducated,Married,Less than $40K,Blue,49,4,2658,41,0.436
718950483,Existing Customer,1963,F,1,Unknown,Married,$40K - $60K,Blue,48,3,12423,38,0.154
714278958,Existing Customer,1982,F,2,High School,Married,Unknown,Blue,27,1,9347,46,0.213
711817158,Existing Customer,1991,M,2,College,Divorced,$40K - $60K,Blue,22,3,3143,57,0.342
765824058,Existing Customer,1975,M,4,Doctorate,Married,$80K - $120K,Blue,39,3,5106,74,0.301
710109633,Existing Customer,1982,M,2,College,Married,$60K - $80K,Blue,31,3,9871,34,0.107
713643858,Existing Customer,1968,F,1,College,Married,$40K - $60K,Blue,43,4,1525,47,0.925
716399583,Existing Customer,1987,M,1,Uneducated,Married,$120K +,Blue,36,2,19630,39,0.064
714516783,Existing Customer,1967,F,0,Graduate,Divorced,Less than $40K,Silver,36,3,12547,56,0.11
710490708,Existing Customer,1967,M,3,High School,Single,$80K - $120K,Blue,36,1,17686,46,0
780662133,Existing Customer,1982,M,2,Uneducated,Married,$60K - $80K,Blue,28,3,3257,35,0.773
715389708,Existing Customer,1985,F,3,Graduate,Married,Less than $40K,Blue,28,3,4824,32,0.522
789607983,Existing Customer,1983,M,3,High School,Married,$40K - $60K,Blue,32,6,8603,40,0.122
720171033,Existing Customer,1976,M,4,Unknown,Married,$60K - $80K,Blue,36,1,11498,70,0.137
815104608,Existing Customer,1993,F,0,Graduate,Divorced,Less than $40K,Blue,23,1,3818,87,0.153
719660658,Existing Customer,1984,F,1,High School,Single,Unknown,Blue,36,2,16594,47,0.116
714159858,Existing Customer,1964,M,0,Graduate,Married,$40K - $60K,Blue,48,2,5387,36,0.38
714225333,Existing Customer,1973,F,4,Graduate,Married,Less than $40K,Blue,36,1,2930,21,0.264
712204308,Existing Customer,1988,M,0,Unknown,Single,$40K - $60K,Blue,36,1,10023,65,0.05
718468158,Existing Customer,1983,M,1,Uneducated,Married,$60K - $80K,Blue,25,2,9303,37,0.172
711575058,Existing Customer,1985,M,3,Unknown,Married,$60K - $80K,Blue,36,2,2956,31,0.816
735417408,Existing Customer,1984,M,2,High School,Married,$60K - $80K,Blue,30,1,2218,58,0.571
717171408,Existing Customer,1985,M,1,Unknown,Married,$80K - $120K,Blue,26,2,9959,41,0
814312308,Existing Customer,1967,F,3,Uneducated,Married,$40K - $60K,Blue,49,3,5335,29,0.257
711786108,Existing Customer,1969,M,1,Graduate,Married,$60K - $80K,Blue,43,3,7187,26,0.28
712905708,Existing Customer,1968,F,1,Graduate,Married,Less than $40K,Blue,39,2,2590,40,0.604
720050208,Existing Customer,1994,F,1,High School,Single,Less than $40K,Blue,19,1,4255,57,0.411
793952133,Existing Customer,1989,F,0,High School,Married,Less than $40K,Blue,26,2,2778,33,0.832
798140283,Existing Customer,1964,M,4,Graduate,Married,$120K +,Blue,51,3,10711,29,0.184
720427683,Attrited Customer,1963,M,2,Uneducated,Single,$120K +,Blue,46,3,16163,48,0
789970233,Existing Customer,1967,F,2,High School,Married,Less than $40K,Blue,45,1,2513,30,0.448
713893308,Existing Customer,1976,M,3,Graduate,Divorced,$60K - $80K,Blue,37,1,3291,38,0.488
718843608,Existing Customer,1985,F,2,Post-Graduate,Divorced,Less than $40K,Blue,25,2,8917,80,0.122
752085108,Existing Customer,1982,F,2,Graduate,Married,$40K - $60K,Blue,29,5,4955,38,0.234
789435783,Existing Customer,1982,F,1,Graduate,Married,$40K - $60K,Blue,30,1,2909,26,0.438
711032058,Existing Customer,1987,M,3,High School,Single,$80K - $120K,Silver,21,4,34516,75,0.073
784719708,Existing Customer,1967,F,2,Uneducated,Married,$40K - $60K,Blue,43,1,1438.3,41,0
804663258,Existing Customer,1967,M,2,High School,Married,$80K - $120K,Blue,49,1,14015,49,0.147
716900433,Existing Customer,1985,M,2,Graduate,Married,$60K - $80K,Blue,28,2,2540,61,0.552
720909408,Existing Customer,1984,M,2,High School,Divorced,$120K +,Blue,24,2,3497,61,0.476
712187808,Existing Customer,1994,M,0,Uneducated,Married,$40K - $60K,Blue,15,3,3682,35,0
718428033,Existing Customer,1966,F,4,Graduate,Single,Less than $40K,Blue,41,2,4430,70,0.348
714892533,Existing Customer,1995,M,0,Unknown,Single,Unknown,Blue,16,3,3877,33,0
714985458,Existing Customer,1965,M,1,Graduate,Married,$60K - $80K,Blue,36,2,15124,44,0.131
716647983,Existing Customer,1963,F,2,Graduate,Married,Less than $40K,Blue,53,3,7712,34,0.125
712340733,Existing Customer,1979,F,2,Graduate,Unknown,Unknown,Blue,34,2,19373,48,0.059
719293533,Existing Customer,1991,M,1,College,Single,Unknown,Blue,13,3,21590,70,0.117
715257708,Existing Customer,1983,M,1,High School,Married,$60K - $80K,Blue,32,2,3657,55,0.461
708331758,Existing Customer,1974,F,2,Uneducated,Divorced,Unknown,Silver,35,1,32444,60,0.057
709501683,Existing Customer,1988,F,1,Graduate,Single,$40K - $60K,Blue,24,1,5830,60,0.286
711692508,Attrited Customer,1967,F,2,Post-Graduate,Married,Less than $40K,Blue,47,4,1438.3,22,0
715612983,Existing Customer,1956,F,1,Graduate,Single,Unknown,Blue,55,2,6463,49,0.257
709674333,Existing Customer,1988,M,2,High School,Single,$60K - $80K,Blue,23,2,2400,70,0
805522758,Existing Customer,1977,F,1,Doctorate,Divorced,Less than $40K,Blue,39,2,2311,33,0.792
781013958,Existing Customer,1964,F,3,Unknown,Married,$40K - $60K,Blue,48,2,3585,37,0.347
717495258,Existing Customer,1987,M,3,Uneducated,Married,$80K - $120K,Blue,25,3,9131,36,0.1
795052083,Existing Customer,1958,F,0,Uneducated,Single,$40K - $60K,Blue,56,6,1438.3,71,0
773389908,Existing Customer,1984,F,3,High School,Single,Less than $40K,Blue,31,1,1438.3,66,0
719320833,Existing Customer,1982,M,2,Post-Graduate,Married,$60K - $80K,Blue,36,3,5471,46,0.376
816843933,Existing Customer,1982,M,2,High School,Married,$80K - $120K,Blue,34,3,8823,32,0.175
789196158,Existing Customer,1966,M,1,Graduate,Married,$60K - $80K,Blue,44,2,2173,26,0.699
717930483,Attrited Customer,1984,M,2,Graduate,Single,$120K +,Blue,25,3,5616,31,0
773442258,Existing Customer,1964,M,1,Doctorate,Married,$80K - $120K,Blue,51,2,8571,28,0.189
719872833,Existing Customer,1976,F,2,Graduate,Divorced,Less than $40K,Blue,36,6,2803,71,0
721491258,Existing Customer,1968,M,4,Graduate,Married,$80K - $120K,Blue,36,2,3924,30,0.641
770575233,Existing Customer,1984,M,2,Graduate,Single,$60K - $80K,Blue,23,1,5663,61,0.203
715800708,Existing Customer,1961,F,0,Uneducated,Married,Less than $40K,Blue,49,1,3955,43,0.506
719996958,Existing Customer,1992,F,0,Uneducated,Single,Less than $40K,Blue,23,3,7997,56,0
719889408,Existing Customer,1965,F,4,Uneducated,Married,Less than $40K,Blue,36,1,3652,39,0.37
708811233,Existing Customer,1984,M,2,Graduate,Married,$80K - $120K,Blue,27,2,12702,40,0.158
794627208,Existing Customer,1978,M,1,High School,Married,$60K - $80K,Blue,23,3,7189,52,0.216
719020983,Existing Customer,1963,M,1,Graduate,Married,$80K - $120K,Blue,42,3,12421,49,0.203
719131533,Existing Customer,1992,F,0,Post-Graduate,Divorced,Less than $40K,Blue,17,2,2585,73,0.777
710449983,Existing Customer,1983,M,2,High School,Married,$120K +,Blue,29,1,2818,45,0.588
715651833,Attrited Customer,1956,M,1,Unknown,Single,Less than $40K,Blue,36,4,2351,35,0
720714933,Existing Customer,1959,F,1,Graduate,Married,Less than $40K,Blue,49,2,3143,25,0.801
789170283,Existing Customer,1968,M,1,Graduate,Unknown,$80K - $120K,Blue,42,5,6514,63,0.15
810201783,Existing Customer,1995,F,0,Graduate,Single,$40K - $60K,Blue,17,3,3119,62,0.426
715517733,Attrited Customer,1975,F,3,High School,Single,Less than $40K,Silver,39,0,13092,25,0.15
709042908,Existing Customer,1970,F,1,College,Married,$40K - $60K,Blue,44,2,1438.3,68,0
715023333,Existing Customer,1982,M,2,Uneducated,Married,Less than $40K,Blue,34,2,3702,64,0.302
720801033,Existing Customer,1970,F,1,High School,Married,Unknown,Blue,36,2,9095,27,0.277
714345783,Existing Customer,1962,M,2,High School,Married,$40K - $60K,Blue,50,3,2701,36,0.582
779209083,Existing Customer,1965,M,3,Unknown,Married,$40K - $60K,Blue,45,2,1813,32,0.765
713972658,Existing Customer,1965,F,2,Graduate,Married,Unknown,Blue,36,3,5335,43,0.187
710782458,Existing Customer,1990,M,1,Graduate,Married,$40K - $60K,Blue,20,2,2469,36,0.687
711142308,Existing Customer,1984,M,0,High School,Divorced,$40K - $60K,Blue,36,1,3091,65,0
824789283,Existing Customer,1985,M,2,High School,Single,$40K - $60K,Blue,32,5,2683,73,0.571
715187733,Existing Customer,1995,F,1,Unknown,Single,Unknown,Blue,15,4,5464,46,0
721014858,Existing Customer,1960,F,0,Graduate,Married,Less than $40K,Blue,53,1,2942,28,0.687
710363433,Existing Customer,1995,M,0,High School,Single,Less than $40K,Blue,36,3,2735,58,0.493
715479483,Existing Customer,1986,M,2,College,Married,$80K - $120K,Blue,36,2,15279,57,0.098
708243483,Existing Customer,1968,M,3,College,Married,$120K +,Blue,43,2,14938,51,0.077
714770808,Existing Customer,1962,M,2,High School,Married,Less than $40K,Blue,42,3,4328,54,0.155
720626058,Existing Customer,1984,M,1,Graduate,Single,$80K - $120K,Blue,24,4,34516,52,0.027
709185108,Existing Customer,1983,M,3,High School,Married,$60K - $80K,Blue,26,4,5824,44,0.265
719596908,Existing Customer,1965,F,5,Doctorate,Married,Unknown,Blue,48,2,11281,30,0.188
719273733,Existing Customer,1984,M,2,Uneducated,Married,$60K - $80K,Blue,36,3,7959,29,0.125
717348258,Existing Customer,1988,M,1,Graduate,Married,$120K +,Blue,21,1,4459,48,0.426
770882508,Existing Customer,1983,M,2,College,Married,$80K - $120K,Blue,24,1,17162,54,0.045
799026633,Existing Customer,1965,M,1,Uneducated,Married,$120K +,Blue,50,3,16254,55,0.093
718777008,Existing Customer,1962,M,0,High School,Married,$80K - $120K,Blue,47,1,3278,32,0.398
713352183,Existing Customer,1991,M,1,Post-Graduate,Married,Less than $40K,Blue,17,1,7173,33,0.171
716128083,Existing Customer,1965,M,2,High School,Married,$40K - $60K,Blue,36,2,3295,34,0.608
721288158,Existing Customer,1988,M,2,Unknown,Single,$120K +,Blue,15,2,25033,71,0.092
757881258,Existing Customer,1990,M,0,Graduate,Divorced,$60K - $80K,Blue,24,2,4232,69,0.494
715843533,Existing Customer,1995,M,1,College,Single,$40K - $60K,Blue,36,4,2703,29,0.465
717234183,Existing Customer,1992,M,1,Graduate,Married,Less than $40K,Blue,18,1,2710,37,0.232
717260058,Existing Customer,1968,F,2,Uneducated,Married,Less than $40K,Blue,42,1,2322,27,0.553
709710783,Existing Customer,1986,F,0,High School,Single,Less than $40K,Blue,36,3,5931,71,0
787284858,Existing Customer,1986,M,2,Uneducated,Unknown,$120K +,Blue,29,1,3300,27,0.525
815845758,Existing Customer,1965,F,4,High School,Married,Less than $40K,Blue,51,2,1438.3,24,0
720639783,Existing Customer,1986,F,1,Uneducated,Single,Unknown,Silver,27,3,34516,62,0
713331408,Existing Customer,1986,M,3,Uneducated,Married,$40K - $60K,Blue,36,2,8682,36,0.19
778693458,Attrited Customer,1989,M,1,High School,Divorced,$60K - $80K,Blue,13,3,12616,29,0
788610258,Existing Customer,1972,M,4,College,Unknown,Less than $40K,Blue,43,2,9652,73,0.261
711173883,Existing Customer,1985,M,4,Graduate,Divorced,$120K +,Blue,29,2,1651,54,0.466
717628608,Existing Customer,1984,M,3,Unknown,Married,$60K - $80K,Blue,29,1,2576,34,0.637
789261558,Existing Customer,1963,M,1,High School,Married,$60K - $80K,Blue,47,1,2212,34,0.629
770647233,Existing Customer,1986,F,2,High School,Married,Less than $40K,Blue,21,6,2157,59,0.551
712826208,Existing Customer,1982,F,2,Graduate,Married,$40K - $60K,Blue,26,1,2575,33,0.553
718181433,Existing Customer,1956,F,0,Uneducated,Single,Less than $40K,Blue,56,1,8705,88,0.167
714460683,Existing Customer,1956,M,0,High School,Married,Less than $40K,Blue,56,3,3838,29,0.452
716460933,Existing Customer,1970,M,2,Unknown,Married,$120K +,Blue,42,1,10306,44,0.138
710787708,Existing Customer,1965,F,1,Uneducated,Married,$40K - $60K,Blue,40,2,5366,38,0.237
713800158,Existing Customer,1963,M,0,High School,Married,$80K - $120K,Blue,36,3,2994,32,0.785
712551258,Attrited Customer,1982,M,1,Uneducated,Married,Less than $40K,Blue,36,3,4247,17,0
715379133,Existing Customer,1970,F,1,College,Single,Less than $40K,Blue,36,4,1737,42,0.659
712091433,Existing Customer,1963,M,4,Uneducated,Single,$40K - $60K,Silver,50,2,18431,61,0.049
771756333,Existing Customer,1987,F,3,Graduate,Married,Less than $40K,Blue,23,3,2263,37,0.793
779895108,Existing Customer,1982,M,3,Unknown,Single,$80K - $120K,Blue,23,1,2718,36,0.793
771976683,Existing Customer,1967,F,1,College,Married,Unknown,Blue,43,3,5839,44,0.365
716800908,Existing Customer,1995,F,2,High School,Single,Unknown,Blue,13,0,5137,49,0
789413958,Existing Customer,1968,M,1,Graduate,Single,$80K - $120K,Blue,43,2,11909,53,0.085
711574008,Existing Customer,1989,M,3,College,Single,$80K - $120K,Blue,21,3,21390,59,0
714138408,Existing Customer,1972,M,3,High School,Married,$60K - $80K,Blue,39,1,9264,79,0.068
709334658,Existing Customer,1982,F,2,Uneducated,Married,Less than $40K,Blue,26,2,5484,51,0.459
709564683,Attrited Customer,1989,M,2,Graduate,Married,$40K - $60K,Blue,22,3,4739,21,0
772292358,Attrited Customer,1991,M,1,College,Divorced,Less than $40K,Blue,19,3,7970,30,0
712933083,Existing Customer,1984,M,1,Uneducated,Single,$80K - $120K,Blue,36,1,3127,49,0.76
710497608,Existing Customer,1983,M,2,Uneducated,Single,$40K - $60K,Blue,36,1,7756,51,0.215
721443408,Existing Customer,1975,M,2,Uneducated,Single,$120K +,Blue,33,2,34516,58,0.02
709149408,Existing Customer,1985,M,2,Uneducated,Married,$60K - $80K,Blue,36,3,5605,41,0.236
708446808,Existing Customer,1988,M,1,Post-Graduate,Married,$80K - $120K,Blue,36,3,2946,48,0.461
824192658,Existing Customer,1963,F,3,Post-Graduate,Single,Less than $40K,Blue,54,2,8886,79,0
711625683,Existing Customer,1975,M,4,Doctorate,Married,$120K +,Blue,36,2,3104,74,0.278
717487983,Existing Customer,1982,M,5,Unknown,Married,$80K - $120K,Blue,36,3,19435,55,0.109
717301908,Existing Customer,1967,F,2,Doctorate,Married,Less than $40K,Blue,46,3,3312,55,0.49
718435158,Existing Customer,1971,M,3,High School,Married,$120K +,Blue,40,1,34516,36,0
714797733,Existing Customer,1980,M,3,College,Single,$60K - $80K,Blue,33,1,5246,56,0
719213133,Existing Customer,1968,M,1,Graduate,Unknown,$60K - $80K,Blue,41,1,2432,60,0.639
798962058,Existing Customer,1985,F,5,Graduate,Married,Less than $40K,Blue,30,3,3103,48,0.773
718970058,Existing Customer,1983,M,3,Unknown,Married,$120K +,Blue,33,3,30746,43,0.038
713021208,Attrited Customer,1966,F,2,College,Single,Unknown,Silver,36,3,34516,40,0
810856833,Existing Customer,1976,M,4,College,Unknown,$120K +,Blue,40,2,11962,52,0.086
787868958,Existing Customer,1985,M,2,High School,Single,$80K - $120K,Blue,27,3,14690,68,0.067
708161133,Existing Customer,1976,M,1,Graduate,Single,$40K - $60K,Blue,32,1,6629,69,0.21
708174708,Existing Customer,1983,M,4,Graduate,Married,$40K - $60K,Blue,27,2,5535,38,0.231
708735183,Existing Customer,1986,F,2,High School,Married,Less than $40K,Blue,22,3,2544,49,0.726
708445608,Existing Customer,1973,M,3,College,Married,Less than $40K,Blue,37,3,3305,57,0.762
778943883,Existing Customer,1970,M,2,Uneducated,Single,$120K +,Blue,36,2,34516,42,0.026
788810658,Existing Customer,1984,F,1,College,Single,Unknown,Blue,20,2,9466,70,0
789050883,Existing Customer,1988,F,2,Doctorate,Single,Unknown,Blue,21,3,5297,62,0
714531108,Existing Customer,1990,M,1,College,Married,$80K - $120K,Blue,36,3,4260,52,0.417
711635358,Existing Customer,1981,F,4,College,Single,Less than $40K,Blue,26,1,7291,56,0.345
803648508,Existing Customer,1978,M,4,High School,Unknown,$80K - $120K,Blue,37,2,13882,42,0.055
813200058,Existing Customer,1958,M,0,Graduate,Married,$40K - $60K,Blue,56,2,6500,27,0.275
805261983,Existing Customer,1986,F,4,Unknown,Married,Less than $40K,Blue,30,3,1626,61,0.602
715206408,Existing Customer,1990,F,1,High School,Single,Less than $40K,Blue,22,1,6662,83,0
788684508,Existing Customer,1985,M,4,Uneducated,Married,$80K - $120K,Blue,25,3,5846,41,0.296
737933883,Existing Customer,1987,M,1,High School,Married,$60K - $80K,Blue,27,1,8063,49,0.267
768655158,Existing Customer,1992,M,0,Unknown,Married,$60K - $80K,Blue,23,3,6224,39,0.175
774437583,Existing Customer,1966,M,1,Doctorate,Married,$60K - $80K,Blue,49,2,4597,38,0.531
713104458,Attrited Customer,1975,M,2,Graduate,Single,$40K - $60K,Blue,31,3,7869,25,0
715462008,Existing Customer,1976,M,2,College,Married,$60K - $80K,Blue,35,3,17884,49,0.117
715366083,Attrited Customer,1969,F,0,Doctorate,Single,Less than $40K,Blue,36,2,1438.3,33,0.68
712322058,Existing Customer,1981,F,3,High School,Married,Less than $40K,Blue,32,1,2046,49,0.828
719737833,Existing Customer,1975,F,4,Uneducated,Married,Less than $40K,Blue,36,2,6370,40,0
789530208,Existing Customer,1967,F,2,Graduate,Married,Less than $40K,Blue,46,2,2737,37,0.92
717885183,Existing Customer,1985,M,1,Graduate,Single,Less than $40K,Blue,25,1,2622,79,0.949
716244033,Attrited Customer,1977,M,3,Graduate,Married,$40K - $60K,Blue,33,3,7266,27,0.125
711614658,Existing Customer,1984,F,2,Uneducated,Single,Less than $40K,Blue,30,3,2258,55,0.593
804598908,Existing Customer,1986,M,3,Graduate,Single,$80K - $120K,Blue,25,2,6510,49,0.316
719161683,Existing Customer,1957,F,0,Unknown,Married,Unknown,Blue,55,1,2508,44,0.63
719327808,Existing Customer,1969,F,2,Uneducated,Married,Unknown,Blue,36,1,4006,34,0.628
714038433,Existing Customer,1984,F,5,High School,Single,$40K - $60K,Blue,19,1,3252,72,0.611
710129283,Existing Customer,1976,F,4,Uneducated,Married,Unknown,Blue,26,3,16317,71,0
709367433,Existing Customer,1993,M,1,Unknown,Single,$40K - $60K,Blue,15,3,2109,56,0.731
719729433,Existing Customer,1956,F,1,Graduate,Married,Less than $40K,Blue,56,2,7023,51,0.246
717192933,Existing Customer,1966,M,0,Graduate,Married,$120K +,Blue,42,2,8302,34,0.303
711734508,Existing Customer,1966,M,2,Graduate,Married,$80K - $120K,Blue,47,3,9959,28,0.121
715153158,Existing Customer,1980,M,4,Uneducated,Single,$40K - $60K,Blue,36,3,3636,79,0.518
712149033,Existing Customer,1964,F,2,High School,Married,Less than $40K,Blue,46,1,5184,55,0.358
713901108,Existing Customer,1984,M,2,High School,Single,$60K - $80K,Blue,29,1,14575,80,0
719415858,Existing Customer,1992,M,0,College,Divorced,Unknown,Blue,15,3,3107,71,0.554
719385558,Existing Customer,1959,F,0,College,Married,$40K - $60K,Blue,49,1,1438.3,32,0
779528658,Existing Customer,1979,M,4,College,Unknown,$60K - $80K,Blue,25,3,3092,41,0.361
721508283,Existing Customer,1974,F,1,Graduate,Married,Less than $40K,Blue,36,2,8322,62,0
757753083,Existing Customer,1977,F,0,Graduate,Married,Less than $40K,Silver,36,3,10110,74,0.122
797753283,Existing Customer,1987,F,1,High School,Married,Less than $40K,Blue,28,3,2707,33,0.752
807523008,Existing Customer,1984,M,1,Graduate,Single,Unknown,Blue,32,1,4397,47,0.456
711416958,Existing Customer,1988,F,2,Graduate,Single,Unknown,Blue,21,3,5795,65,0
780865308,Existing Customer,1981,M,4,Uneducated,Married,$80K - $120K,Blue,23,3,9760,86,0.17
708423933,Existing Customer,1970,M,2,Doctorate,Single,$40K - $60K,Blue,40,2,6103,64,0
714321408,Existing Customer,1956,M,1,High School,Married,$40K - $60K,Blue,56,2,2246,32,0.59
771852483,Existing Customer,1975,M,3,Graduate,Single,$80K - $120K,Blue,35,3,4930,77,0
708185208,Existing Customer,1994,M,0,Graduate,Single,$40K - $60K,Blue,16,1,3178,31,0.352
714920208,Existing Customer,1984,F,1,High School,Unknown,Less than $40K,Blue,30,5,3003,68,0.603
789952158,Existing Customer,1987,F,1,Doctorate,Married,Unknown,Blue,25,3,2318,57,0.893
713237958,Existing Customer,1987,M,0,Graduate,Married,$40K - $60K,Blue,17,1,2638,43,0.793
715956258,Existing Customer,1986,F,1,Uneducated,Married,Less than $40K,Blue,36,2,2004,60,0
769196433,Existing Customer,1966,F,2,Post-Graduate,Married,Less than $40K,Blue,49,1,2414,62,0.943
778942233,Existing Customer,1961,F,0,Doctorate,Married,Less than $40K,Blue,45,2,1438.3,27,0.451
708651933,Existing Customer,1965,M,2,Graduate,Married,$60K - $80K,Blue,44,1,2043,57,0.944
720467583,Existing Customer,1969,M,2,High School,Single,$80K - $120K,Blue,46,3,34516,67,0.073
716549058,Existing Customer,1976,F,4,Uneducated,Married,$40K - $60K,Blue,36,1,3111,41,0.736
713533983,Existing Customer,1965,M,1,Graduate,Married,$120K +,Blue,48,3,2585,33,0.467
787463508,Attrited Customer,1995,M,0,Graduate,Single,Less than $40K,Blue,13,2,2469,20,0.976
710256708,Existing Customer,1991,M,1,Unknown,Single,Less than $40K,Blue,19,2,8744,68,0.196
708980283,Existing Customer,1987,M,3,High School,Married,$80K - $120K,Blue,23,1,4185,55,0.601
719484408,Existing Customer,1982,M,3,Uneducated,Married,$60K - $80K,Blue,36,2,4759,57,0.307
710023233,Existing Customer,1985,M,3,Graduate,Single,$120K +,Blue,36,2,24457,65,0.053
789101883,Existing Customer,1989,M,3,Unknown,Single,$120K +,Blue,20,2,14244,66,0.117
778381608,Attrited Customer,1973,M,4,Doctorate,Single,$80K - $120K,Blue,28,3,6572,46,0.063
787492908,Existing Customer,1971,F,2,Uneducated,Married,Unknown,Blue,34,3,23381,73,0.039
709932558,Existing Customer,1982,F,2,Uneducated,Married,Less than $40K,Blue,26,3,3471,34,0.725
780219483,Existing Customer,1960,F,0,Graduate,Married,Less than $40K,Blue,51,2,2250,28,0.463
708590658,Existing Customer,1956,F,1,Unknown,Married,Unknown,Blue,53,3,15965,40,0.145
715143333,Existing Customer,1976,F,1,High School,Divorced,Less than $40K,Blue,36,2,9433,81,0.167
801048483,Existing Customer,1987,M,3,Uneducated,Divorced,$120K +,Blue,28,3,9180,49,0.198
711913833,Existing Customer,1984,M,3,Graduate,Married,$40K - $60K,Blue,36,2,8818,31,0.163
715413483,Existing Customer,1977,F,3,Graduate,Single,Less than $40K,Blue,36,1,4066,77,0.253
715750758,Existing Customer,1965,M,1,Uneducated,Married,$80K - $120K,Blue,36,1,9031,35,0.17
714062958,Existing Customer,1985,M,4,Unknown,Single,$40K - $60K,Blue,36,1,9887,64,0.101
710458758,Existing Customer,1956,F,0,Graduate,Married,Less than $40K,Blue,53,3,4161,30,0.599
719494983,Existing Customer,1995,M,0,Graduate,Single,Less than $40K,Blue,15,3,2740,44,0.755
710586483,Attrited Customer,1995,F,0,High School,Single,Unknown,Blue,13,2,6152,23,0
772637058,Existing Customer,1987,M,3,Uneducated,Married,$60K - $80K,Blue,24,1,8167,51,0.213
718229133,Existing Customer,1970,M,2,College,Married,$120K +,Blue,41,2,23742,57,0
718423533,Existing Customer,1964,M,3,College,Unknown,$60K - $80K,Blue,50,3,16791,74,0.07
781089708,Existing Customer,1991,M,0,Graduate,Divorced,$80K - $120K,Blue,23,1,26783,46,0.048
773082033,Existing Customer,1986,M,1,Post-Graduate,Married,$80K - $120K,Blue,27,3,25516,38,0.053
815288583,Existing Customer,1989,M,0,Graduate,Married,$40K - $60K,Blue,27,3,4815,36,0.33
720431433,Existing Customer,1959,M,1,Graduate,Married,Unknown,Blue,36,2,3198,35,0.722
709164408,Attrited Customer,1989,M,1,Uneducated,Married,Less than $40K,Blue,23,3,2218,20,0.765
710567508,Existing Customer,1968,M,3,High School,Married,$80K - $120K,Blue,44,2,23462,33,0.094
719427333,Existing Customer,1966,M,3,College,Married,$60K - $80K,Blue,36,4,2252,27,0.771
714765408,Existing Customer,1995,F,1,Unknown,Single,Less than $40K,Blue,36,3,2557,57,0.778
709785783,Attrited Customer,1986,F,0,Graduate,Single,Less than $40K,Blue,25,3,2300,34,0
809290308,Existing Customer,1990,F,0,Graduate,Married,Less than $40K,Blue,26,1,3540,45,0.331
779598183,Existing Customer,1968,M,3,Unknown,Single,$60K - $80K,Blue,42,1,22938,54,0.074
779783508,Existing Customer,1976,M,2,Graduate,Married,$40K - $60K,Blue,34,1,13129,56,0.069
719568333,Existing Customer,1982,M,3,Unknown,Single,$80K - $120K,Silver,36,3,34516,36,0.055
719207733,Existing Customer,1960,F,0,High School,Married,Less than $40K,Blue,53,2,3396,36,0.236
715533108,Existing Customer,1990,F,0,Uneducated,Single,Less than $40K,Blue,20,3,4712,62,0.203
714816258,Existing Customer,1984,M,2,Graduate,Single,$60K - $80K,Blue,36,2,7638,58,0.124
787573683,Existing Customer,1980,M,3,Post-Graduate,Married,$60K - $80K,Blue,34,2,2624,74,0.503
804310758,Existing Customer,1963,M,3,Graduate,Married,$120K +,Blue,52,2,17934,48,0.088
792912708,Existing Customer,1976,M,5,Graduate,Married,$40K - $60K,Silver,39,1,15198,64,0.138
719078283,Existing Customer,1964,F,4,High School,Married,Less than $40K,Blue,47,3,3191,35,0.789
708620283,Existing Customer,1986,M,1,Unknown,Single,$60K - $80K,Blue,25,3,6053,59,0.331
770985633,Existing Customer,1982,M,2,Unknown,Married,$40K - $60K,Blue,26,1,5510,42,0.368
780094008,Existing Customer,1966,M,3,Doctorate,Married,$120K +,Blue,40,3,12875,40,0.087
716420358,Existing Customer,1980,F,2,High School,Married,$40K - $60K,Blue,36,2,2602,78,0.573
825756333,Existing Customer,1966,F,0,Uneducated,Married,Less than $40K,Blue,51,3,2041,48,0.924
755273658,Existing Customer,1969,F,2,Graduate,Married,Less than $40K,Blue,45,3,2548,54,0.661
709096908,Existing Customer,1964,M,2,Graduate,Married,$120K +,Blue,49,3,4698,35,0.209
714840858,Existing Customer,1981,F,3,High School,Unknown,Less than $40K,Blue,31,2,2222,65,0.698
721205508,Existing Customer,1974,M,4,High School,Married,$80K - $120K,Blue,36,3,8217,56,0
786493908,Existing Customer,1979,F,4,Uneducated,Single,Less than $40K,Silver,36,3,10091,64,0
803963808,Existing Customer,1982,M,3,Graduate,Single,$80K - $120K,Blue,34,3,19074,74,0
806170158,Existing Customer,1982,M,4,Graduate,Single,$60K - $80K,Gold,34,3,34516,78,0.016
751469808,Existing Customer,1985,M,3,Graduate,Married,$120K +,Blue,29,2,12852,33,0.151
721055058,Existing Customer,1985,M,2,Uneducated,Married,$60K - $80K,Blue,21,1,12763,46,0.197
709794333,Existing Customer,1992,M,0,Graduate,Married,Less than $40K,Blue,19,2,2827,30,0.506
718361583,Existing Customer,1965,F,2,Uneducated,Married,Unknown,Blue,36,3,8242,44,0
714327183,Existing Customer,1984,F,4,Graduate,Married,Less than $40K,Blue,28,3,1825,54,0.761
808909008,Existing Customer,1960,M,0,Post-Graduate,Married,Less than $40K,Blue,56,3,1438.3,31,0
716207508,Existing Customer,1985,M,3,High School,Married,$60K - $80K,Blue,36,2,5497,38,0.276
768965208,Existing Customer,1970,F,1,Graduate,Married,$40K - $60K,Blue,45,2,6778,71,0.128
720185058,Attrited Customer,1975,M,3,Graduate,Married,$60K - $80K,Blue,36,3,4267,23,0
715220508,Existing Customer,1990,F,0,High School,Married,Less than $40K,Blue,22,2,3273,57,0.769
712112733,Existing Customer,1988,M,2,Doctorate,Single,$40K - $60K,Blue,25,2,9371,67,0.164
712298883,Existing Customer,1971,F,3,High School,Single,Less than $40K,Blue,38,3,1438.3,73,0.461
717813558,Attrited Customer,1964,F,3,High School,Single,Unknown,Blue,36,4,8389,38,0.234
716823408,Existing Customer,1956,M,0,Doctorate,Single,Unknown,Blue,56,2,28410,77,0.057
719089383,Existing Customer,1973,M,2,High School,Married,$40K - $60K,Blue,29,2,6168,80,0.384
710039208,Existing Customer,1964,F,3,Unknown,Single,Unknown,Blue,40,3,2111,87,0.458
780237033,Existing Customer,1958,F,1,Unknown,Married,$40K - $60K,Blue,49,1,3141,35,0.579
720986958,Existing Customer,1971,F,2,Graduate,Divorced,$40K - $60K,Blue,40,2,8307,36,0.303
709473708,Existing Customer,1982,M,3,Graduate,Married,$80K - $120K,Blue,31,2,30753,33,0.054
708593883,Existing Customer,1982,M,2,College,Married,$60K - $80K,Blue,26,1,2731,38,0.576
710241858,Existing Customer,1982,F,4,Unknown,Married,Less than $40K,Blue,31,1,2890,36,0
715392558,Existing Customer,1969,M,1,Unknown,Single,$120K +,Blue,44,1,34516,56,0
717399183,Existing Customer,1984,M,1,Graduate,Married,$80K - $120K,Blue,26,3,8058,52,0.146
817925058,Existing Customer,1971,F,2,Uneducated,Married,Unknown,Blue,45,1,5660,35,0.424
716029158,Existing Customer,1962,M,0,Unknown,Married,$60K - $80K,Blue,36,4,4230,35,0.323
715043508,Existing Customer,1983,M,2,Graduate,Unknown,$40K - $60K,Blue,36,3,9515,61,0
716610558,Existing Customer,1956,F,0,High School,Single,$40K - $60K,Blue,36,3,10962,71,0.142
716768808,Existing Customer,1964,M,1,Unknown,Married,$120K +,Blue,36,2,23848,43,0.082
795810633,Existing Customer,1956,M,0,Uneducated,Married,Unknown,Blue,56,3,10144,24,0.128
779925033,Existing Customer,1983,F,4,Graduate,Married,$40K - $60K,Blue,22,3,2997,60,0.657
790225758,Existing Customer,1980,M,2,College,Single,$80K - $120K,Blue,35,3,2647,47,0.234
713879283,Existing Customer,1966,F,2,Graduate,Married,Less than $40K,Blue,47,1,4580,34,0.284
715968858,Existing Customer,1993,M,0,Post-Graduate,Married,Unknown,Blue,13,1,2608,33,0.625
767687208,Existing Customer,1990,M,2,Unknown,Single,$80K - $120K,Blue,24,3,34516,69,0.034
778728783,Existing Customer,1982,F,2,Unknown,Married,Less than $40K,Blue,19,3,3156,56,0.664
713637783,Existing Customer,1977,F,3,Graduate,Married,Unknown,Blue,31,2,24936,38,0.082
718162908,Existing Customer,1966,M,3,College,Married,$80K - $120K,Blue,42,2,26101,48,0.024
708664008,Existing Customer,1964,M,3,College,Married,$80K - $120K,Blue,45,3,14270,37,0
711929058,Existing Customer,1993,M,0,High School,Married,Unknown,Blue,21,3,25618,49,0.047
770781558,Existing Customer,1986,F,2,Graduate,Married,Less than $40K,Blue,21,1,3230,31,0.779
790048158,Existing Customer,1975,F,4,College,Married,Less than $40K,Blue,38,3,8881,54,0.21
721258158,Existing Customer,1956,F,1,Uneducated,Single,Unknown,Blue,51,3,11037,63,0.135
786480183,Existing Customer,1971,F,2,Uneducated,Married,Unknown,Blue,44,2,16763,69,0
721378008,Existing Customer,1990,M,0,Uneducated,Divorced,$40K - $60K,Blue,21,2,2621,71,0.557
786566733,Existing Customer,1972,M,2,Unknown,Single,$80K - $120K,Blue,43,3,4939,64,0.241
794551383,Existing Customer,1971,F,3,College,Single,Less than $40K,Blue,32,3,4419,75,0.276
820981383,Existing Customer,1977,F,4,High School,Divorced,Less than $40K,Blue,39,1,9235,42,0.194
713366583,Existing Customer,1958,F,1,High School,Married,Less than $40K,Blue,56,1,3055,40,0.552
767311008,Existing Customer,1980,M,1,Graduate,Divorced,$80K - $120K,Blue,35,2,19412,41,0.04
716624133,Existing Customer,1965,M,1,Unknown,Married,$80K - $120K,Blue,36,1,12786,19,0.147
712727283,Existing Customer,1966,M,1,Graduate,Married,$60K - $80K,Blue,36,2,4666,28,0.273
716059608,Existing Customer,1973,F,4,College,Single,Less than $40K,Blue,38,3,4894,67,0.308
708292833,Existing Customer,1986,M,2,High School,Single,$120K +,Blue,36,2,27389,60,0.046
720013083,Existing Customer,1991,F,0,Post-Graduate,Single,Less than $40K,Blue,18,3,2132,74,0.374
710540883,Existing Customer,1984,M,3,High School,Single,$80K - $120K,Blue,24,3,6590,67,0
709212183,Existing Customer,1968,F,2,Graduate,Married,Less than $40K,Blue,36,1,3176,53,0.463
713424108,Existing Customer,1984,M,1,Graduate,Single,$60K - $80K,Blue,27,1,4288,57,0.548
718476033,Existing Customer,1956,F,0,Uneducated,Single,Unknown,Blue,56,3,20130,49,0.117
815001108,Existing Customer,1973,M,2,Doctorate,Single,Less than $40K,Blue,43,3,5945,67,0.283
709802208,Existing Customer,1984,M,1,Graduate,Married,$40K - $60K,Blue,17,1,3350,61,0
713445183,Existing Customer,1986,M,1,High School,Married,$60K - $80K,Blue,26,3,4008,58,0.459
717310458,Existing Customer,1986,F,3,Graduate,Single,Less than $40K,Blue,27,3,5780,65,0.162
789158433,Existing Customer,1972,F,2,High School,Unknown,$40K - $60K,Blue,38,1,2497,53,0.67
788761608,Existing Customer,1995,F,0,High School,Single,Unknown,Blue,13,3,10286,57,0.222
709916058,Existing Customer,1963,M,1,Unknown,Married,$60K - $80K,Blue,36,1,2347,40,0.922
789804933,Existing Customer,1992,F,2,Uneducated,Single,Unknown,Blue,18,1,23125,69,0.053
780070833,Existing Customer,1963,F,2,Unknown,Married,Less than $40K,Blue,43,2,3034,29,0.83
772776033,Existing Customer,1988,M,2,College,Single,$80K - $120K,Blue,23,4,7081,47,0.265
719804208,Existing Customer,1985,M,2,Graduate,Married,$40K - $60K,Blue,28,1,6824,48,0.274
715077483,Existing Customer,1974,F,3,Doctorate,Married,Less than $40K,Blue,36,3,1438.3,40,0.537
717000858,Existing Customer,1980,M,2,Graduate,Married,Less than $40K,Blue,29,2,2683,52,0.648
792402483,Existing Customer,1975,M,4,Graduate,Single,$60K - $80K,Blue,40,2,12280,70,0.08
712973733,Existing Customer,1963,M,4,Graduate,Married,$60K - $80K,Blue,36,2,14607,38,0.101
813213558,Existing Customer,1968,F,1,Doctorate,Single,Less than $40K,Blue,48,3,2267,64,0.648
718215033,Existing Customer,1967,F,3,Unknown,Married,Less than $40K,Blue,36,2,2556,30,0.884
717207408,Existing Customer,1982,F,1,Uneducated,Divorced,Unknown,Blue,34,1,12512,60,0.053
711426033,Existing Customer,1972,M,2,Graduate,Married,$80K - $120K,Blue,39,2,11332,65,0.083
719233833,Existing Customer,1986,F,3,High School,Married,Less than $40K,Blue,23,3,3073,55,0.171
716864733,Existing Customer,1974,M,3,College,Married,$120K +,Silver,27,3,34516,46,0.067
821168733,Existing Customer,1983,M,3,Graduate,Married,$60K - $80K,Blue,34,3,5323,33,0.432
710135058,Existing Customer,1965,M,1,Graduate,Married,$80K - $120K,Blue,44,1,9078,34,0.165
720228708,Existing Customer,1965,M,2,High School,Married,$120K +,Blue,46,1,27029,27,0.05
718618458,Existing Customer,1983,M,3,High School,Single,$60K - $80K,Blue,25,1,9859,72,0.132
719470458,Attrited Customer,1975,M,3,College,Single,$80K - $120K,Blue,39,4,4026,27,0.06
719587158,Existing Customer,1984,M,1,High School,Single,$40K - $60K,Blue,25,2,2608,72,0.69
715499808,Existing Customer,1958,F,0,Unknown,Married,Less than $40K,Blue,36,1,3552,26,0.709
718589133,Existing Customer,1956,F,1,Graduate,Single,Less than $40K,Blue,56,2,4613,62,0.351
789235383,Existing Customer,1983,M,4,College,Married,$80K - $120K,Blue,27,2,10386,52,0.184
773364483,Existing Customer,1976,F,4,Doctorate,Unknown,Unknown,Silver,39,1,34516,39,0.038
713548158,Existing Customer,1995,M,0,College,Single,$40K - $60K,Blue,36,2,2657,41,0.606
720264783,Existing Customer,1963,F,2,Graduate,Married,Less than $40K,Blue,44,2,5031,34,0.264
715319958,Attrited Customer,1973,M,3,Uneducated,Married,$120K +,Blue,36,2,34516,32,0.023
710528583,Existing Customer,1995,F,0,Unknown,Single,$40K - $60K,Blue,16,2,1612,40,0.518
809990883,Existing Customer,1973,F,3,Graduate,Single,Less than $40K,Blue,43,2,2423,64,0.732
714412308,Attrited Customer,1988,M,3,Graduate,Married,$80K - $120K,Blue,36,3,7140,18,0
772303458,Existing Customer,1959,F,0,Doctorate,Married,$40K - $60K,Blue,51,3,3377,44,0.281
721243083,Attrited Customer,1966,M,3,Uneducated,Divorced,$80K - $120K,Blue,41,3,34516,40,0.07
711990933,Existing Customer,1981,F,2,Graduate,Single,Less than $40K,Blue,29,3,2295,62,0
819977058,Existing Customer,1975,M,2,High School,Single,$40K - $60K,Blue,41,3,3150,71,0.49
721467258,Existing Customer,1963,M,1,High School,Married,$40K - $60K,Blue,36,2,2165,33,0.524
719976558,Existing Customer,1974,M,2,Graduate,Unknown,$60K - $80K,Blue,34,2,4249,49,0.368
718824783,Existing Customer,1971,M,2,Unknown,Divorced,$60K - $80K,Blue,41,1,2966,50,0.483
713303733,Existing Customer,1968,M,1,Graduate,Married,$120K +,Blue,41,3,1612,33,0.462
711129483,Existing Customer,1976,M,3,Graduate,Married,$60K - $80K,Blue,36,1,14593,72,0.103
779618433,Existing Customer,1973,M,4,Uneducated,Single,$40K - $60K,Blue,38,3,8327,82,0.186
797757333,Existing Customer,1978,M,3,Post-Graduate,Married,$60K - $80K,Gold,37,1,34516,86,0.046
814497483,Existing Customer,1961,M,0,Uneducated,Married,$60K - $80K,Blue,55,1,6479,47,0.215
709623483,Existing Customer,1965,M,2,High School,Married,$120K +,Blue,41,1,18442,36,0.08
709056558,Existing Customer,1978,F,3,College,Married,$40K - $60K,Blue,31,3,2800,41,0.899
708238833,Existing Customer,1964,F,3,High School,Married,Less than $40K,Blue,36,2,3032,30,0.731
813261408,Existing Customer,1969,F,1,Uneducated,Married,$40K - $60K,Blue,47,3,2151,58,0.622
720424608,Existing Customer,1965,F,1,Unknown,Married,Unknown,Blue,36,3,24073,37,0.045
798022683,Attrited Customer,1978,M,1,Graduate,Married,$80K - $120K,Blue,37,2,25517,44,0.013
769756983,Existing Customer,1983,M,3,Graduate,Married,$60K - $80K,Blue,32,1,7709,61,0.289
712674183,Existing Customer,1968,M,2,College,Married,$40K - $60K,Blue,33,3,4065,36,0.536
708900408,Existing Customer,1969,F,1,Graduate,Divorced,Unknown,Blue,35,2,13169,83,0.114
713625483,Existing Customer,1963,M,2,College,Married,$80K - $120K,Blue,44,2,11811,29,0.212
716869458,Existing Customer,1987,F,3,College,Single,Less than $40K,Blue,36,6,7440,63,0.095
788723133,Existing Customer,1985,M,1,High School,Single,$40K - $60K,Blue,20,1,12714,53,0.077
794462133,Existing Customer,1966,F,0,Graduate,Single,$40K - $60K,Blue,35,1,3735,41,0.53
712604133,Existing Customer,1967,M,1,Uneducated,Married,$80K - $120K,Blue,43,1,25882,48,0.066
714397983,Existing Customer,1985,M,2,College,Married,$40K - $60K,Blue,36,3,3877,42,0.386
788269158,Existing Customer,1986,F,2,Graduate,Single,Unknown,Blue,27,3,3280,78,0.551
715898058,Existing Customer,1968,M,2,Graduate,Married,$120K +,Blue,36,1,11023,41,0
711906033,Existing Customer,1973,F,3,Graduate,Unknown,Less than $40K,Blue,36,2,6182,63,0.183
711367308,Existing Customer,1984,M,3,Uneducated,Single,$40K - $60K,Blue,19,3,2186,67,0.542
790186458,Existing Customer,1976,M,3,Uneducated,Single,$80K - $120K,Blue,39,1,17996,30,0.048
712040433,Existing Customer,1967,F,1,High School,Married,Less than $40K,Blue,43,2,2306,57,0.954
709616958,Existing Customer,1983,M,2,High School,Single,$60K - $80K,Silver,30,3,26556,73,0.06
714633858,Existing Customer,1986,F,2,College,Married,Less than $40K,Blue,18,3,5779,32,0.436
794818833,Existing Customer,1985,F,1,Uneducated,Single,Less than $40K,Blue,30,1,5494,58,0.378
711219333,Existing Customer,1988,M,1,Post-Graduate,Married,$120K +,Blue,14,1,7571,49,0.299
713384508,Existing Customer,1993,M,1,High School,Single,Less than $40K,Blue,14,3,2897,73,0.483
772514808,Existing Customer,1985,F,2,Uneducated,Single,$40K - $60K,Blue,26,2,3131,63,0.76
710808108,Existing Customer,1987,F,3,College,Divorced,Less than $40K,Blue,27,3,4274,54,0.589
778973658,Existing Customer,1966,M,0,Doctorate,Married,$60K - $80K,Blue,36,6,4980,66,0.182
712005108,Existing Customer,1960,F,0,Post-Graduate,Married,Less than $40K,Blue,48,3,3156,44,0.683
804577833,Existing Customer,1977,F,2,Graduate,Married,Less than $40K,Blue,39,1,6861,63,0.306
715028283,Existing Customer,1967,M,1,Graduate,Married,$80K - $120K,Blue,46,3,15554,61,0.161
789786258,Existing Customer,1982,M,2,High School,Married,$80K - $120K,Blue,28,2,26570,33,0.072
715421058,Existing Customer,1970,M,1,Unknown,Married,$60K - $80K,Blue,36,2,22224,69,0.044
797166633,Existing Customer,1974,M,2,Unknown,Single,$80K - $120K,Blue,41,2,10606,61,0.162
711041508,Existing Customer,1984,F,1,High School,Married,$40K - $60K,Blue,25,3,5865,47,0.429
712847208,Existing Customer,1974,F,3,Graduate,Unknown,$40K - $60K,Blue,36,2,5369,50,0.345
779174133,Existing Customer,1965,M,3,Uneducated,Married,$120K +,Blue,43,1,5188,30,0.145
715680933,Existing Customer,1968,M,1,Graduate,Single,$80K - $120K,Blue,36,2,17742,55,0.082
770871708,Existing Customer,1959,M,0,Graduate,Married,$40K - $60K,Blue,48,1,2591,56,0
772643058,Existing Customer,1963,F,3,Graduate,Married,Less than $40K,Blue,48,2,2800,36,0.655
718199133,Existing Customer,1964,M,1,High School,Married,$80K - $120K,Blue,36,2,6543,31,0.345
721475133,Existing Customer,1967,F,1,Doctorate,Single,Unknown,Blue,36,3,26053,70,0.032
766322883,Existing Customer,1988,F,3,College,Single,$40K - $60K,Blue,26,3,6316,71,0.213
771197433,Existing Customer,1967,F,1,Graduate,Married,Less than $40K,Blue,41,2,4658,30,0.126
709516458,Existing Customer,1991,M,0,Graduate,Divorced,$60K - $80K,Blue,22,3,6476,66,0
716456808,Existing Customer,1985,F,2,High School,Single,Less than $40K,Blue,36,2,8087,69,0.156
716819958,Existing Customer,1961,M,2,Graduate,Married,$60K - $80K,Blue,50,1,9033,35,0.094
779449308,Existing Customer,1975,F,4,High School,Single,Less than $40K,Blue,28,3,3206,72,0
784891458,Existing Customer,1966,M,1,Graduate,Married,$80K - $120K,Blue,49,3,28751,34,0.075
790004883,Existing Customer,1966,M,1,High School,Married,$80K - $120K,Blue,47,3,2938,30,0.679
770262183,Existing Customer,1990,M,0,Uneducated,Single,Less than $40K,Blue,25,2,5715,67,0.305
715277583,Existing Customer,1966,F,3,Uneducated,Divorced,Less than $40K,Blue,36,2,2111,61,0.573
815510883,Existing Customer,1985,M,2,Post-Graduate,Single,$40K - $60K,Blue,31,2,11862,74,0.192
713997183,Existing Customer,1987,F,2,Unknown,Single,Less than $40K,Blue,36,3,2791,56,0.774
715107033,Existing Customer,1988,F,1,Graduate,Single,Less than $40K,Blue,36,2,6551,77,0.22
720706008,Existing Customer,1991,M,2,Post-Graduate,Single,$40K - $60K,Blue,16,3,4533,69,0.436
710108133,Existing Customer,1967,F,2,Graduate,Married,$40K - $60K,Blue,36,3,1854,39,0.824
718983333,Existing Customer,1968,M,2,Uneducated,Married,$80K - $120K,Blue,43,1,6704,30,0.202
714030183,Existing Customer,1962,M,0,Graduate,Single,$80K - $120K,Silver,36,3,34516,65,0.043
710496708,Existing Customer,1980,M,2,College,Single,$120K +,Blue,32,3,5489,65,0.276
714935883,Existing Customer,1976,M,3,Uneducated,Married,$40K - $60K,Blue,36,1,10619,65,0.057
718972758,Existing Customer,1971,F,2,Graduate,Married,Less than $40K,Blue,40,3,2481,51,0.519
711827958,Existing Customer,1964,M,2,Uneducated,Married,$60K - $80K,Blue,47,4,5100,26,0.386
778724058,Existing Customer,1958,M,0,Doctorate,Single,$40K - $60K,Blue,49,4,5905,65,0.123
809620833,Existing Customer,1986,F,3,Unknown,Single,Unknown,Blue,30,3,9293,59,0
718920708,Existing Customer,1986,M,3,Graduate,Married,$60K - $80K,Blue,25,3,5240,38,0.277
771051783,Existing Customer,1968,M,3,High School,Married,$120K +,Blue,40,2,4182,24,0.177
715970133,Existing Customer,1988,F,4,College,Divorced,Less than $40K,Blue,24,2,9857,103,0
806889633,Existing Customer,1983,M,2,Uneducated,Married,$80K - $120K,Blue,33,1,20117,58,0.061
717338733,Existing Customer,1990,M,0,High School,Divorced,Less than $40K,Blue,22,2,6012,72,0
779223858,Existing Customer,1984,M,2,Graduate,Married,$60K - $80K,Blue,27,2,6369,47,0
769980333,Existing Customer,1985,M,1,Uneducated,Single,$80K - $120K,Blue,30,2,13005,53,0.165
716112933,Attrited Customer,1982,F,3,Graduate,Married,Unknown,Blue,36,2,1575,15,0.376
788783133,Existing Customer,1963,F,0,Post-Graduate,Married,Less than $40K,Blue,39,3,6679,29,0.181
816325533,Existing Customer,1982,F,1,Graduate,Married,Less than $40K,Blue,34,3,6458,49,0.279
720113433,Existing Customer,1960,M,0,Unknown,Single,$60K - $80K,Blue,48,2,20803,43,0.07
717233058,Existing Customer,1987,M,4,Unknown,Married,$40K - $60K,Blue,26,2,5540,31,0.224
710233683,Existing Customer,1966,M,3,Graduate,Married,$80K - $120K,Blue,36,3,2801,44,0.858
778327908,Existing Customer,1971,M,2,Uneducated,Single,Less than $40K,Blue,40,3,2419,73,0.984
716400633,Existing Customer,1988,M,3,High School,Single,$40K - $60K,Blue,24,3,5156,54,0.277
787488108,Existing Customer,1973,F,1,High School,Married,Unknown,Blue,36,4,14228,51,0.137
771649083,Existing Customer,1958,M,0,High School,Married,$80K - $120K,Blue,51,3,10257,30,0.1
789853533,Attrited Customer,1967,M,3,High School,Married,$40K - $60K,Blue,44,1,3032,14,0
806256333,Attrited Customer,1980,M,4,Graduate,Unknown,$60K - $80K,Blue,36,3,1438.3,26,0.217
796336833,Existing Customer,1970,M,3,Doctorate,Married,$80K - $120K,Blue,45,2,32096,69,0
713763633,Existing Customer,1967,F,2,Graduate,Married,Unknown,Blue,46,3,3014,30,0.263
710942358,Existing Customer,1974,M,4,Unknown,Single,$40K - $60K,Blue,36,3,5762,88,0.328
713974533,Existing Customer,1969,F,3,Post-Graduate,Single,Less than $40K,Blue,45,1,2555,45,0.666
787231233,Existing Customer,1987,M,5,Post-Graduate,Single,$80K - $120K,Silver,28,3,34516,63,0.05
719810583,Existing Customer,1957,M,0,High School,Married,Less than $40K,Blue,54,3,2140,34,0.636
717124983,Existing Customer,1959,F,1,Uneducated,Married,$40K - $60K,Blue,43,1,4760,20,0
787523283,Existing Customer,1983,M,1,Graduate,Single,$80K - $120K,Blue,27,2,26372,56,0.052
719493858,Existing Customer,1969,F,2,Graduate,Married,Less than $40K,Blue,43,2,8203,63,0.08
709897983,Existing Customer,1986,F,2,Doctorate,Married,$40K - $60K,Blue,24,2,2655,26,0.575
717225258,Existing Customer,1986,M,2,Graduate,Single,$120K +,Blue,27,2,13655,59,0.077
803148033,Existing Customer,1967,M,1,College,Married,$80K - $120K,Blue,48,1,12169,38,0.159
779474958,Existing Customer,1986,F,3,Unknown,Single,Less than $40K,Blue,17,1,2956,58,0.617
712060158,Existing Customer,1986,M,0,Doctorate,Single,$60K - $80K,Blue,18,2,2598,59,0.633
713292933,Existing Customer,1985,F,3,Graduate,Single,Unknown,Blue,36,2,10566,64,0.069
710982858,Existing Customer,1988,F,3,Graduate,Single,$40K - $60K,Blue,36,1,8232,67,0.274
714542058,Existing Customer,1968,M,1,Graduate,Unknown,$60K - $80K,Silver,44,2,26365,68,0.026
712319058,Existing Customer,1984,F,1,Uneducated,Married,Less than $40K,Blue,29,3,4671,58,0.414
744483633,Existing Customer,1986,M,3,Graduate,Married,$120K +,Blue,28,3,14869,48,0
714947883,Existing Customer,1962,M,1,Graduate,Married,$40K - $60K,Blue,36,2,2300,27,0.854
788776908,Existing Customer,1974,M,1,Unknown,Unknown,$80K - $120K,Blue,28,1,2797,63,0.644
714802458,Existing Customer,1973,F,3,High School,Single,$40K - $60K,Blue,30,2,2657,77,0.796
721485708,Existing Customer,1963,M,2,Uneducated,Married,$80K - $120K,Blue,46,1,9149,36,0.197
716378658,Existing Customer,1966,F,2,Unknown,Married,Less than $40K,Blue,36,2,2629,41,0.561
713375658,Existing Customer,1984,M,2,Graduate,Divorced,$40K - $60K,Blue,17,3,3176,67,0
717828108,Existing Customer,1964,M,2,Graduate,Married,$80K - $120K,Blue,42,1,21875,31,0.115
788784258,Existing Customer,1961,M,2,High School,Married,Unknown,Blue,41,2,3007,31,0.553
718875483,Existing Customer,1971,M,1,College,Married,$60K - $80K,Blue,40,2,17404,78,0.1
811111083,Existing Customer,1965,M,2,High School,Married,$60K - $80K,Blue,51,6,2863,39,0.879
715749108,Existing Customer,1973,M,3,Graduate,Married,$60K - $80K,Gold,37,1,34516,57,0.07
780197133,Existing Customer,1981,M,4,Graduate,Single,$60K - $80K,Blue,30,1,13919,67,0.091
719146008,Attrited Customer,1973,M,3,Graduate,Married,$80K - $120K,Blue,39,4,18672,35,0.135
717727308,Existing Customer,1971,F,1,Uneducated,Married,Less than $40K,Blue,36,2,4204,67,0.119
718445883,Existing Customer,1960,F,1,Uneducated,Married,Less than $40K,Blue,36,2,6859,26,0.363
795997908,Existing Customer,1985,M,2,High School,Married,$80K - $120K,Blue,30,3,16050,56,0.092
710159658,Existing Customer,1975,M,5,High School,Married,$120K +,Blue,32,2,34516,71,0.03
716068683,Existing Customer,1993,M,0,Uneducated,Divorced,Unknown,Blue,36,3,16766,77,0.092
778844433,Existing Customer,1972,M,5,Unknown,Single,$80K - $120K,Blue,30,2,20895,65,0.087
715161633,Existing Customer,1977,F,4,High School,Single,$40K - $60K,Blue,38,3,7881,77,0.319
773270058,Existing Customer,1964,M,5,High School,Married,$80K - $120K,Blue,50,2,13427,27,0
714120258,Existing Customer,1984,M,2,Uneducated,Divorced,$80K - $120K,Blue,36,3,2281,58,0.735
720076458,Existing Customer,1964,M,2,Uneducated,Married,$80K - $120K,Blue,52,2,10974,26,0
720693033,Attrited Customer,1988,M,1,Unknown,Married,$60K - $80K,Blue,36,3,8925,10,0.019
719978583,Existing Customer,1975,M,2,High School,Married,$60K - $80K,Blue,40,1,5265,68,0
712784058,Attrited Customer,1976,F,2,High School,Divorced,Unknown,Blue,36,4,17156,33,0.147
717261708,Existing Customer,1968,M,1,Unknown,Married,$80K - $120K,Blue,36,2,13457,41,0.093
803665983,Existing Customer,1969,M,0,Unknown,Married,$60K - $80K,Blue,46,2,2742,72,0.796
815838633,Existing Customer,1987,M,1,Unknown,Married,$60K - $80K,Blue,29,2,3890,51,0.588
826706208,Existing Customer,1966,M,3,Graduate,Single,$80K - $120K,Blue,51,2,17198,62,0
721218408,Existing Customer,1968,M,4,High School,Married,$120K +,Blue,41,3,3401,54,0.504
779484408,Existing Customer,1984,M,1,Unknown,Married,$60K - $80K,Blue,19,1,18951,58,0.066
710416533,Existing Customer,1963,F,3,Unknown,Single,$40K - $60K,Blue,52,1,1454,56,0.611
719706483,Existing Customer,1988,M,3,High School,Married,$120K +,Blue,20,3,27499,46,0.043
712206858,Existing Customer,1982,M,3,Graduate,Married,$120K +,Blue,36,3,32964,45,0.068
709886583,Existing Customer,1984,F,2,High School,Single,Less than $40K,Blue,28,2,7411,77,0.085
711040758,Existing Customer,1989,M,0,Uneducated,Single,$40K - $60K,Blue,36,3,7200,83,0
817197333,Existing Customer,1995,F,1,Uneducated,Single,Unknown,Blue,13,2,12007,50,0.08
718929708,Existing Customer,1961,F,0,Graduate,Married,Less than $40K,Blue,50,2,3147,23,0.509
721150833,Existing Customer,1984,M,1,Graduate,Single,$80K - $120K,Blue,18,2,5110,76,0.38
714514983,Existing Customer,1978,F,5,Graduate,Married,Less than $40K,Blue,35,6,5438,75,0.407
779888658,Existing Customer,1965,M,1,Uneducated,Married,$80K - $120K,Blue,40,1,17450,38,0.126
715883358,Existing Customer,1969,M,3,College,Married,$80K - $120K,Blue,39,3,18352,29,0.082
713363583,Existing Customer,1987,M,2,Uneducated,Single,$120K +,Blue,17,1,5030,69,0.462
772935108,Existing Customer,1974,M,1,Unknown,Divorced,$80K - $120K,Silver,38,2,34516,27,0.023
820075983,Existing Customer,1995,M,0,Graduate,Single,Less than $40K,Blue,21,3,1585,49,0.968
721502958,Existing Customer,1967,M,1,High School,Married,$120K +,Blue,42,3,3251,31,0.59
708596283,Existing Customer,1986,F,3,Uneducated,Single,Less than $40K,Blue,23,2,2858,73,0.438
710325258,Existing Customer,1969,M,1,Unknown,Married,$80K - $120K,Silver,36,1,34516,65,0.054
708823908,Existing Customer,1980,M,3,Graduate,Single,$60K - $80K,Blue,28,1,16443,64,0.083
826401858,Existing Customer,1985,F,0,Uneducated,Divorced,Less than $40K,Blue,32,2,3687,63,0.449
709554483,Existing Customer,1968,F,1,Graduate,Married,Less than $40K,Blue,36,1,4840,22,0.52
710545158,Existing Customer,1979,M,3,Unknown,Single,$120K +,Blue,36,3,15108,68,0
788621658,Existing Customer,1967,M,1,College,Married,$60K - $80K,Blue,37,3,1909,24,0.918
716713533,Existing Customer,1968,M,3,Post-Graduate,Single,$80K - $120K,Blue,44,2,19063,58,0.065
712338033,Existing Customer,1985,M,2,High School,Married,$80K - $120K,Blue,26,2,15982,40,0.106
711639708,Existing Customer,1979,M,3,Graduate,Single,$60K - $80K,Blue,32,2,1438.3,45,0
720216108,Existing Customer,1994,F,2,College,Divorced,Less than $40K,Blue,14,3,2549,61,0.836
718708908,Existing Customer,1963,M,4,Graduate,Married,$60K - $80K,Blue,36,2,5967,29,0.394
802890333,Existing Customer,1962,M,1,Uneducated,Married,$40K - $60K,Blue,53,1,2182,34,0.714
712965183,Existing Customer,1958,F,2,Graduate,Married,Less than $40K,Blue,52,2,2689,35,0.781
796170933,Existing Customer,1964,M,2,Uneducated,Single,$80K - $120K,Blue,51,2,30622,66,0
712816833,Existing Customer,1965,F,0,High School,Married,Unknown,Blue,48,1,4203,32,0.468
814829583,Existing Customer,1979,F,3,Unknown,Single,Less than $40K,Blue,37,1,6453,74,0
798769458,Existing Customer,1992,F,1,High School,Single,Less than $40K,Blue,23,1,3318,83,0.279
818034558,Existing Customer,1977,M,2,Unknown,Unknown,$60K - $80K,Blue,39,3,22075,40,0.068
719483358,Existing Customer,1988,M,1,College,Married,$40K - $60K,Blue,14,2,6746,54,0.259
719647383,Existing Customer,1986,M,2,Graduate,Married,$80K - $120K,Blue,36,2,4408,49,0.332
714909108,Existing Customer,1988,F,3,Graduate,Single,Less than $40K,Blue,36,3,4838,67,0.277
793678608,Existing Customer,1975,M,4,Graduate,Single,$80K - $120K,Silver,40,1,34516,57,0
720854358,Existing Customer,1994,M,0,Unknown,Married,$40K - $60K,Blue,14,1,3823,49,0.557
709126833,Existing Customer,1979,M,3,College,Unknown,$120K +,Blue,36,2,21670,81,0.101
788896983,Existing Customer,1968,M,2,Graduate,Married,$60K - $80K,Blue,38,3,7928,37,0.155
715731033,Existing Customer,1971,M,3,Graduate,Single,$120K +,Blue,42,1,33996,77,0.028
717636933,Existing Customer,1973,F,5,College,Divorced,$40K - $60K,Blue,40,1,4365,57,0
772658658,Existing Customer,1964,M,2,High School,Single,$60K - $80K,Blue,47,3,2248,77,0
755943033,Existing Customer,1987,F,2,Graduate,Single,Less than $40K,Blue,27,1,1901,52,0.619
772399983,Existing Customer,1966,M,2,College,Single,$80K - $120K,Silver,45,1,34516,31,0.042
826130133,Existing Customer,1963,M,2,Graduate,Married,$120K +,Blue,54,2,31680,25,0.057
719238183,Existing Customer,1966,F,3,Graduate,Married,Less than $40K,Blue,35,2,1872,45,0.623
802666083,Existing Customer,1973,F,2,Uneducated,Unknown,Less than $40K,Blue,42,2,2055,63,0
713682708,Existing Customer,1976,M,2,College,Divorced,$40K - $60K,Blue,37,1,10991,60,0.121
712774008,Existing Customer,1962,M,0,Uneducated,Married,Less than $40K,Blue,46,1,3939,34,0.639
717627333,Existing Customer,1968,F,2,Post-Graduate,Married,$40K - $60K,Blue,40,1,2127,37,0.938
779542608,Existing Customer,1974,M,4,Uneducated,Single,$80K - $120K,Blue,32,3,34010,39,0.039
715322958,Existing Customer,1978,F,3,Unknown,Married,Unknown,Blue,36,2,6971,67,0.216
779100408,Existing Customer,1988,F,1,Post-Graduate,Married,Less than $40K,Blue,15,2,1741,61,0.763
715352883,Existing Customer,1972,F,2,Post-Graduate,Single,Unknown,Blue,36,3,24904,71,0
789963033,Attrited Customer,1967,F,1,Graduate,Single,Less than $40K,Blue,45,5,1438.3,39,0
710687508,Existing Customer,1956,M,0,High School,Married,Less than $40K,Blue,56,3,2621,47,0.709
789656358,Existing Customer,1972,F,5,Graduate,Married,$40K - $60K,Blue,35,2,11115,74,0.116
715720083,Existing Customer,1974,M,5,Unknown,Single,$80K - $120K,Blue,39,2,13241,76,0
716584158,Existing Customer,1970,M,4,High School,Married,$80K - $120K,Blue,42,1,14438,47,0.174
815727183,Existing Customer,1985,M,3,High School,Single,$80K - $120K,Blue,31,1,5228,62,0.276
717066408,Existing Customer,1985,M,2,Graduate,Married,$60K - $80K,Blue,36,1,5550,62,0.274
708104658,Existing Customer,1975,M,1,Graduate,Unknown,$40K - $60K,Blue,36,3,1438.3,48,0.619
718016808,Existing Customer,1959,F,0,Unknown,Married,Less than $40K,Blue,55,1,2064,27,0.621
814571058,Existing Customer,1991,F,1,College,Single,Less than $40K,Blue,24,3,3450,64,0.73
714757908,Existing Customer,1975,M,4,Graduate,Married,$120K +,Silver,36,1,34516,56,0.04
710345808,Existing Customer,1980,M,4,Uneducated,Divorced,$80K - $120K,Blue,36,2,30030,38,0.068
814752558,Existing Customer,1971,M,1,Uneducated,Married,$40K - $60K,Blue,45,3,2151,62,0.541
721284258,Existing Customer,1968,M,2,Unknown,Married,$80K - $120K,Blue,44,1,7181,39,0.351
719336583,Existing Customer,1966,M,2,Uneducated,Married,$120K +,Blue,44,3,27745,21,0.047
797638383,Existing Customer,1972,F,4,High School,Married,Less than $40K,Blue,43,3,4852,73,0.415
708434733,Existing Customer,1965,M,1,Graduate,Married,$60K - $80K,Blue,50,3,6735,28,0.34
711802758,Existing Customer,1958,M,1,Graduate,Married,$40K - $60K,Blue,53,1,6128,42,0.309
720620058,Existing Customer,1980,M,4,High School,Unknown,$80K - $120K,Blue,36,3,23124,50,0.076
819169683,Existing Customer,1987,M,2,Unknown,Married,$40K - $60K,Blue,29,2,3436,37,0.48
709757583,Existing Customer,1986,M,0,Unknown,Married,$120K +,Blue,36,2,3176,48,0.475
789307833,Existing Customer,1977,M,4,College,Unknown,$120K +,Blue,34,3,8874,56,0.179
823912308,Existing Customer,1983,F,3,Graduate,Married,Less than $40K,Blue,34,1,3402,28,0.533
720746208,Existing Customer,1969,M,1,Graduate,Married,$80K - $120K,Blue,43,1,2689,33,0.772
709121283,Existing Customer,1967,M,3,Uneducated,Married,Less than $40K,Blue,36,3,1556,35,0.821
714093108,Existing Customer,1963,F,2,High School,Single,$40K - $60K,Blue,36,3,7372,56,0.164
718368333,Existing Customer,1995,M,0,College,Unknown,Less than $40K,Blue,13,1,5713,61,0.138
806752533,Existing Customer,1994,F,1,Post-Graduate,Single,Less than $40K,Blue,22,1,2965,59,0.551
758521983,Existing Customer,1988,M,1,Unknown,Married,$80K - $120K,Blue,26,2,9819,40,0.122
779473308,Existing Customer,1989,M,0,Uneducated,Single,$60K - $80K,Blue,14,3,8186,67,0
709376508,Existing Customer,1963,F,1,College,Married,Less than $40K,Blue,49,3,3846,47,0.334
712589658,Existing Customer,1976,F,4,Uneducated,Unknown,Less than $40K,Silver,30,2,13131,37,0.15
712141683,Existing Customer,1973,F,3,High School,Single,Less than $40K,Blue,28,2,2944,61,0.256
712494108,Existing Customer,1983,M,2,Post-Graduate,Single,$60K - $80K,Silver,36,3,34516,52,0.057
721350783,Existing Customer,1967,M,2,High School,Married,$80K - $120K,Blue,38,3,5660,39,0.354
710133858,Existing Customer,1981,F,1,Graduate,Unknown,Less than $40K,Blue,30,1,7554,64,0.245
719152383,Existing Customer,1986,F,4,Uneducated,Married,Less than $40K,Blue,26,1,2494,57,0.528
715174158,Existing Customer,1990,M,1,College,Married,$80K - $120K,Blue,36,1,25215,48,0.057
780040758,Existing Customer,1981,F,4,College,Married,$40K - $60K,Blue,24,3,2606,50,0.698
719525358,Existing Customer,1969,M,0,Graduate,Single,$80K - $120K,Blue,43,3,8133,76,0.239
710892408,Existing Customer,1964,F,1,High School,Married,Less than $40K,Blue,36,2,3101,32,0.405
713295183,Existing Customer,1973,M,2,Graduate,Divorced,$80K - $120K,Blue,29,2,24446,75,0.076
789871233,Existing Customer,1972,M,3,High School,Married,$80K - $120K,Blue,39,3,2361,78,0.568
712663533,Existing Customer,1981,M,4,High School,Single,$40K - $60K,Blue,32,4,2441,62,0.678
820906233,Existing Customer,1976,M,2,Graduate,Married,$40K - $60K,Blue,41,2,8532,63,0.254
821163408,Existing Customer,1980,M,3,Unknown,Married,$80K - $120K,Blue,37,3,16954,60,0.094
708947208,Existing Customer,1985,M,2,Graduate,Single,$80K - $120K,Blue,17,3,2900,72,0.7
715261458,Existing Customer,1984,F,1,Graduate,Single,Less than $40K,Blue,36,2,6827,49,0
789310833,Existing Customer,1977,F,3,College,Divorced,$40K - $60K,Blue,34,2,4513,62,0.432
818294958,Existing Customer,1969,M,2,College,Married,$120K +,Blue,47,3,27347,77,0.026
713902983,Existing Customer,1979,F,3,High School,Married,Less than $40K,Blue,36,3,1676,77,0.819
771693933,Existing Customer,1959,F,1,Graduate,Married,Less than $40K,Blue,50,6,2802,33,0.706
827984658,Attrited Customer,1972,M,3,Post-Graduate,Married,$80K - $120K,Blue,45,0,23870,39,0
789012633,Existing Customer,1991,F,0,Graduate,Single,Less than $40K,Blue,17,2,4868,69,0.224
807237783,Existing Customer,1971,M,3,Uneducated,Single,$60K - $80K,Blue,45,3,20437,66,0.05
803408733,Existing Customer,1989,M,2,High School,Divorced,$60K - $80K,Blue,26,1,2239,60,0.598
824667708,Existing Customer,1989,F,1,Graduate,Single,Less than $40K,Blue,28,3,2428,84,0.423
807165033,Existing Customer,1972,M,3,Post-Graduate,Single,$60K - $80K,Blue,44,1,15027,59,0
809984133,Existing Customer,1984,M,2,Doctorate,Single,$120K +,Blue,32,3,32056,68,0.059
718949433,Existing Customer,1979,F,3,College,Single,Unknown,Silver,31,2,34516,79,0.027
751227183,Existing Customer,1985,M,2,Unknown,Single,$80K - $120K,Blue,29,3,5346,51,0.288
716331408,Attrited Customer,1969,F,4,Unknown,Married,Less than $40K,Blue,36,4,2143,36,0
714199983,Existing Customer,1973,M,3,Uneducated,Single,$60K - $80K,Gold,40,2,34516,68,0.067
774172158,Existing Customer,1992,M,1,Unknown,Single,$60K - $80K,Blue,19,1,23507,65,0.085
708171858,Existing Customer,1988,F,3,Post-Graduate,Married,$40K - $60K,Blue,28,2,1864,44,0.58
709074108,Existing Customer,1985,M,2,College,Single,$60K - $80K,Blue,24,2,23032,73,0.036
721304133,Existing Customer,1985,F,4,High School,Married,Less than $40K,Blue,36,1,4277,49,0.369
787430733,Existing Customer,1965,F,2,High School,Married,$40K - $60K,Blue,41,3,2771,27,0.522
711225933,Existing Customer,1993,M,1,High School,Divorced,Less than $40K,Blue,36,3,2265,61,0.854
717478983,Existing Customer,1990,F,2,Uneducated,Divorced,Less than $40K,Blue,19,2,2853,68,0.687
720949083,Existing Customer,1977,F,3,Uneducated,Single,Less than $40K,Blue,33,3,3075,53,0.819
712851108,Existing Customer,1970,F,3,High School,Married,Unknown,Blue,31,1,15340,51,0.152
713151258,Existing Customer,1966,M,3,Graduate,Single,$40K - $60K,Blue,35,1,3065,69,0
799731033,Existing Customer,1987,F,2,Doctorate,Single,Less than $40K,Blue,28,3,1438.3,91,0
822138333,Existing Customer,1960,F,0,Graduate,Single,$40K - $60K,Blue,56,3,7118,66,0.114
708532308,Existing Customer,1984,M,2,Uneducated,Single,$60K - $80K,Blue,36,2,11419,70,0.22
713718558,Existing Customer,1975,M,3,Graduate,Married,$40K - $60K,Blue,37,2,2403,64,0
778939683,Existing Customer,1974,F,3,Uneducated,Married,Less than $40K,Blue,32,3,2821,38,0.337
713322633,Existing Customer,1967,M,1,Graduate,Married,$40K - $60K,Blue,43,3,2706,39,0.93
754671558,Existing Customer,1971,F,3,Unknown,Single,Less than $40K,Blue,43,1,2999,48,0.653
719291283,Existing Customer,1985,F,4,High School,Single,Less than $40K,Blue,28,1,2226,62,0.722
720659283,Existing Customer,1984,M,5,Graduate,Married,$60K - $80K,Blue,31,3,3351,43,0.551
719535558,Existing Customer,1974,M,4,College,Divorced,$40K - $60K,Blue,36,1,5570,72,0.334
771032658,Existing Customer,1967,M,3,Unknown,Married,$80K - $120K,Blue,41,3,10448,39,0.15
709468683,Existing Customer,1957,F,0,High School,Married,Less than $40K,Blue,56,2,2174,39,0.643
719455908,Existing Customer,1973,M,3,Graduate,Married,$80K - $120K,Blue,38,3,31501,75,0
816890883,Existing Customer,1986,M,2,Uneducated,Single,$60K - $80K,Blue,30,3,21695,74,0.058
709826058,Existing Customer,1972,M,2,Unknown,Married,$80K - $120K,Blue,36,1,34516,34,0.071
735008958,Existing Customer,1979,M,5,Unknown,Married,$60K - $80K,Blue,35,3,13650,53,0.092
713766183,Existing Customer,1972,M,0,Uneducated,Single,$80K - $120K,Blue,36,3,16156,81,0.156
719148633,Existing Customer,1968,F,2,Graduate,Married,Less than $40K,Blue,46,2,2413,24,0.835
789266208,Existing Customer,1965,M,2,High School,Married,$80K - $120K,Blue,45,2,5920,28,0.268
718373658,Existing Customer,1980,M,3,College,Single,$60K - $80K,Blue,28,3,5841,81,0.422
712255458,Existing Customer,1984,M,3,High School,Single,$60K - $80K,Blue,36,1,8418,63,0.244
789494133,Existing Customer,1991,M,0,High School,Married,Less than $40K,Blue,21,4,2490,53,0.506
714178458,Existing Customer,1976,M,3,Post-Graduate,Married,$80K - $120K,Blue,35,3,20640,53,0.078
717595908,Existing Customer,1967,M,1,High School,Married,$60K - $80K,Blue,37,1,9453,45,0.231
798114033,Existing Customer,1975,M,2,Graduate,Married,$60K - $80K,Blue,40,2,7949,58,0.19
709479558,Existing Customer,1985,F,4,College,Single,Less than $40K,Blue,36,2,2758,86,0.786
778148283,Existing Customer,1973,M,2,Doctorate,Single,$120K +,Blue,41,2,20148,74,0.054
719363283,Existing Customer,1962,F,0,Doctorate,Single,Less than $40K,Blue,36,1,1438.3,47,0
716225433,Existing Customer,1961,M,1,Uneducated,Single,$80K - $120K,Blue,51,3,26566,65,0.095
719882583,Existing Customer,1977,M,5,Graduate,Single,$60K - $80K,Blue,34,3,13477,67,0.153
711076533,Existing Customer,1956,M,0,College,Divorced,Less than $40K,Blue,42,3,9706,58,0.203
820651908,Existing Customer,1975,F,3,Graduate,Single,$40K - $60K,Blue,41,2,7457,64,0
710884683,Existing Customer,1973,M,4,Graduate,Married,$80K - $120K,Silver,40,2,34516,80,0.023
797468658,Existing Customer,1968,M,3,High School,Married,$120K +,Blue,47,1,19081,31,0.127
716375883,Existing Customer,1968,F,3,Uneducated,Married,Unknown,Blue,36,2,2447,38,0.637
711534183,Existing Customer,1980,M,2,High School,Single,$80K - $120K,Blue,36,2,28830,57,0
721083258,Existing Customer,1984,F,4,High School,Divorced,$40K - $60K,Blue,22,1,2563,46,0.639
717986058,Existing Customer,1992,F,0,High School,Single,Less than $40K,Blue,13,3,5240,64,0.307
804610908,Existing Customer,1972,F,2,Doctorate,Married,Less than $40K,Blue,44,3,3397,66,0.578
717602733,Existing Customer,1974,M,3,Doctorate,Single,Less than $40K,Blue,35,3,1842,67,0
770952933,Existing Customer,1968,F,1,Unknown,Married,Less than $40K,Blue,40,2,2383,37,0.813
713233908,Existing Customer,1988,M,2,Graduate,Divorced,$60K - $80K,Blue,21,3,20791,93,0
755365233,Existing Customer,1987,M,1,Graduate,Unknown,$60K - $80K,Blue,27,2,19900,96,0.079
715105908,Existing Customer,1993,F,0,Graduate,Single,Unknown,Silver,15,3,32024,64,0.038
712658283,Existing Customer,1985,F,3,Graduate,Single,$40K - $60K,Blue,28,2,3701,86,0.262
708796458,Existing Customer,1991,F,2,Graduate,Single,Less than $40K,Blue,18,1,4199,67,0.453
713557533,Existing Customer,1987,M,3,High School,Single,$40K - $60K,Blue,21,1,4353,81,0.38
710524533,Attrited Customer,1983,F,4,College,Married,$40K - $60K,Blue,36,4,4913,28,0.512
713412558,Existing Customer,1982,F,4,Post-Graduate,Married,Less than $40K,Blue,22,3,5454,67,0.203
720000708,Existing Customer,1989,F,0,Graduate,Married,Unknown,Blue,26,3,2172,69,0.636
718934058,Existing Customer,1985,M,2,Doctorate,Single,$40K - $60K,Blue,26,3,2845,51,0.885
710607408,Existing Customer,1984,F,3,High School,Single,Unknown,Blue,28,1,18570,96,0.082
717613233,Existing Customer,1976,M,4,Uneducated,Married,$60K - $80K,Silver,33,2,25907,56,0.029
821710308,Existing Customer,1983,F,3,Uneducated,Single,Less than $40K,Blue,33,3,2206,35,0.915
716089983,Existing Customer,1990,M,0,Graduate,Single,$40K - $60K,Blue,24,1,12050,46,0.144
720430083,Existing Customer,1956,M,0,High School,Unknown,Less than $40K,Blue,36,3,2107,67,0.478
712071708,Existing Customer,1958,F,0,Graduate,Married,Less than $40K,Blue,36,3,2107,35,0.641
770721858,Existing Customer,1956,M,1,Graduate,Married,Less than $40K,Blue,56,2,3539,31,0.711
751381458,Existing Customer,1978,F,3,College,Married,Unknown,Blue,36,3,27175,72,0.029
715629783,Existing Customer,1970,M,1,Graduate,Married,$40K - $60K,Silver,36,2,17905,64,0.055
768886533,Existing Customer,1984,M,3,Graduate,Married,$60K - $80K,Blue,31,1,4940,57,0.243
711023508,Existing Customer,1966,F,1,Graduate,Married,Unknown,Blue,43,4,3161,30,0.439
711291558,Existing Customer,1994,M,0,Uneducated,Single,$60K - $80K,Blue,36,3,2464,50,0
714929283,Existing Customer,1987,F,0,High School,Married,$40K - $60K,Blue,36,1,3203,52,0.696
716285358,Existing Customer,1989,F,1,College,Divorced,Less than $40K,Blue,36,5,1835,79,0.554
710958033,Existing Customer,1972,F,5,Uneducated,Single,Less than $40K,Blue,39,2,1993,76,0
711368283,Existing Customer,1982,M,2,Unknown,Married,$80K - $120K,Blue,27,3,34516,53,0.047
807275733,Existing Customer,1994,M,0,Post-Graduate,Single,Unknown,Blue,22,2,7130,37,0.122
708231183,Existing Customer,1991,M,1,Uneducated,Divorced,Unknown,Blue,22,3,12539,72,0.073
789690483,Existing Customer,1982,M,4,High School,Married,$80K - $120K,Blue,25,2,8208,39,0
789338583,Existing Customer,1979,M,2,Doctorate,Married,$80K - $120K,Blue,32,2,26222,30,0.041
717411483,Existing Customer,1966,M,4,College,Divorced,$80K - $120K,Blue,36,2,34173,69,0.035
720799608,Existing Customer,1964,F,2,Graduate,Married,$40K - $60K,Blue,49,1,3377,32,0.509
714112383,Existing Customer,1968,M,2,Graduate,Married,$120K +,Blue,43,3,5882,30,0.397
717994608,Existing Customer,1970,M,0,Graduate,Married,$80K - $120K,Blue,40,3,7158,60,0
798558783,Existing Customer,1974,M,3,Graduate,Married,Less than $40K,Blue,41,1,5833,75,0.3
716875083,Existing Customer,1995,F,0,High School,Single,$40K - $60K,Blue,36,3,4152,42,0
714603558,Existing Customer,1984,M,2,High School,Single,$40K - $60K,Blue,24,2,11699,46,0.15
789903708,Existing Customer,1976,F,2,Uneducated,Single,$40K - $60K,Blue,35,3,4505,68,0.347
801989733,Existing Customer,1966,M,2,Uneducated,Single,$60K - $80K,Blue,48,3,7667,76,0.156
789504183,Existing Customer,1984,M,4,Graduate,Single,$120K +,Blue,28,3,34516,62,0
714574083,Existing Customer,1985,F,3,Graduate,Single,Less than $40K,Blue,31,2,2937,51,0.735
717978033,Existing Customer,1985,F,1,High School,Single,Less than $40K,Blue,36,3,5257,73,0.299
711256908,Existing Customer,1982,M,2,High School,Single,$60K - $80K,Blue,28,3,10331,81,0.093
721023708,Existing Customer,1974,M,4,Uneducated,Married,$60K - $80K,Blue,36,3,17557,62,0
714522258,Existing Customer,1965,F,2,Graduate,Married,Less than $40K,Blue,48,3,4366,37,0.364
714247458,Existing Customer,1965,F,4,Uneducated,Single,Unknown,Blue,46,2,8037,71,0.283
780416433,Existing Customer,1983,M,2,Unknown,Married,Less than $40K,Blue,25,1,8740,38,0.084
713644758,Existing Customer,1972,M,3,Graduate,Single,$120K +,Blue,36,2,8514,74,0.236
712700358,Existing Customer,1985,F,4,Uneducated,Single,Less than $40K,Blue,26,3,2002,60,0.688
779873508,Existing Customer,1970,F,0,High School,Married,Less than $40K,Blue,35,3,3132,60,0.58
779342958,Existing Customer,1995,F,0,College,Married,$40K - $60K,Blue,13,3,2010,85,0.532
711738333,Existing Customer,1987,M,2,Graduate,Married,$80K - $120K,Blue,23,2,7567,45,0.235
709413933,Attrited Customer,1965,M,2,High School,Single,$40K - $60K,Blue,40,6,2381,46,0.273
720323208,Existing Customer,1978,M,2,Graduate,Married,$120K +,Silver,31,2,34516,88,0.069
708132783,Existing Customer,1974,F,3,Uneducated,Single,Unknown,Blue,42,2,16411,71,0.072
713372583,Existing Customer,1979,F,4,High School,Single,Less than $40K,Blue,19,2,1438.3,67,0
710092683,Existing Customer,1983,M,2,College,Married,$80K - $120K,Blue,30,3,3735,47,0.38
779284833,Existing Customer,1966,M,2,Post-Graduate,Single,$60K - $80K,Blue,37,3,22127,63,0.081
713426358,Existing Customer,1993,F,0,College,Married,Unknown,Blue,36,2,5685,62,0
717132633,Existing Customer,1959,M,0,Uneducated,Single,$40K - $60K,Blue,50,2,7348,61,0.2
714967233,Attrited Customer,1969,M,2,Doctorate,Married,$120K +,Blue,34,2,11188,47,0
767587833,Existing Customer,1977,M,3,Unknown,Single,$120K +,Blue,37,1,3650,75,0.688
714954033,Existing Customer,1992,F,0,Post-Graduate,Single,Less than $40K,Blue,36,2,5076,57,0.241
716154258,Existing Customer,1973,M,4,Doctorate,Unknown,$60K - $80K,Silver,38,2,32658,37,0.045
755399433,Existing Customer,1978,M,3,Uneducated,Married,$80K - $120K,Blue,36,1,28634,68,0.032
709876008,Existing Customer,1972,F,2,Post-Graduate,Single,Less than $40K,Blue,36,1,3414,49,0.431
709918158,Existing Customer,1978,M,3,High School,Married,$80K - $120K,Blue,23,6,12315,51,0
713350908,Existing Customer,1980,F,2,Uneducated,Married,$40K - $60K,Blue,36,3,2690,68,0.711
715759458,Existing Customer,1978,M,3,Graduate,Single,$80K - $120K,Blue,31,2,12165,74,0
713976258,Existing Customer,1970,F,3,Graduate,Single,Less than $40K,Blue,46,1,1792,63,0.552
790174608,Existing Customer,1984,M,1,Doctorate,Single,$80K - $120K,Blue,30,3,19300,70,0.061
771335358,Existing Customer,1984,M,2,College,Divorced,$40K - $60K,Blue,24,3,8120,54,0.258
708382083,Existing Customer,1972,M,5,High School,Married,$80K - $120K,Blue,36,2,2292,60,0
771829758,Existing Customer,1985,M,3,Uneducated,Married,$80K - $120K,Blue,25,3,21434,46,0.063
767333808,Existing Customer,1971,F,2,Graduate,Unknown,Less than $40K,Blue,43,3,3424,74,0
721385433,Existing Customer,1957,M,0,Unknown,Married,Less than $40K,Blue,51,3,2787,39,0.431
794293908,Existing Customer,1985,F,3,College,Single,Unknown,Blue,30,2,8696,67,0.17
720409608,Existing Customer,1976,M,3,High School,Married,$120K +,Blue,35,2,32446,39,0.061
717830583,Existing Customer,1980,M,2,Graduate,Married,$80K - $120K,Blue,36,3,9133,88,0.234
715455708,Existing Customer,1974,M,3,Graduate,Single,$80K - $120K,Blue,37,3,5116,49,0.287
719108358,Existing Customer,1982,M,2,Post-Graduate,Married,$80K - $120K,Blue,31,2,18974,56,0.133
769323183,Existing Customer,1970,M,4,Uneducated,Single,$120K +,Blue,45,2,12101,44,0.208
820020258,Existing Customer,1966,F,1,High School,Single,$40K - $60K,Blue,46,3,5379,40,0.179
719234883,Existing Customer,1964,M,3,Graduate,Single,$120K +,Blue,49,3,32676,88,0.065
807349158,Existing Customer,1985,M,4,Doctorate,Divorced,$120K +,Blue,31,3,34516,60,0.043
710799783,Existing Customer,1986,M,2,Unknown,Married,$120K +,Blue,36,3,15202,60,0.117
778456983,Existing Customer,1983,F,2,Unknown,Single,Less than $40K,Blue,23,3,2222,49,0.542
708644208,Existing Customer,1982,F,2,Graduate,Single,$40K - $60K,Blue,34,2,5858,77,0
711659958,Existing Customer,1956,F,0,Graduate,Married,$40K - $60K,Blue,56,2,2692,36,0.694
798988983,Existing Customer,1970,F,2,Uneducated,Married,Less than $40K,Blue,45,3,7165,78,0.284
710760258,Existing Customer,1971,F,3,High School,Married,Less than $40K,Blue,38,3,1438.3,81,0
799700208,Existing Customer,1983,M,2,Graduate,Single,$60K - $80K,Silver,32,1,26988,70,0.059
772401933,Existing Customer,1985,F,1,Unknown,Single,Less than $40K,Blue,26,3,2517,62,0
787460883,Attrited Customer,1980,M,3,Uneducated,Married,$40K - $60K,Blue,28,3,11091,34,0
770937183,Existing Customer,1981,F,4,Graduate,Single,Less than $40K,Silver,27,1,10745,87,0.194
715468083,Existing Customer,1981,F,2,Doctorate,Married,Unknown,Silver,36,2,34516,66,0.049
807161508,Existing Customer,1995,M,1,Unknown,Single,Less than $40K,Blue,20,3,2590,52,0.675
772268058,Existing Customer,1975,F,4,Uneducated,Single,Less than $40K,Blue,35,2,2722,69,0.541
710166783,Existing Customer,1972,F,1,Graduate,Married,Less than $40K,Blue,36,3,8228,80,0
804820233,Existing Customer,1983,M,2,Unknown,Divorced,$80K - $120K,Blue,33,3,11777,62,0.151
708758658,Existing Customer,1972,M,4,Graduate,Married,$80K - $120K,Blue,39,1,34516,76,0.016
714011358,Existing Customer,1983,M,3,Graduate,Divorced,$80K - $120K,Blue,24,1,14821,60,0
712401033,Existing Customer,1985,M,1,Unknown,Single,Less than $40K,Blue,23,3,1438.3,59,0.645
771212508,Existing Customer,1987,F,2,Unknown,Single,Less than $40K,Blue,21,3,6131,93,0.207
821150958,Existing Customer,1969,M,5,Graduate,Single,$80K - $120K,Blue,47,1,2047,66,0.325
792272658,Existing Customer,1981,M,3,Graduate,Single,$80K - $120K,Blue,34,3,22380,73,0.055
809818008,Existing Customer,1985,M,3,Uneducated,Married,$80K - $120K,Blue,31,3,12893,60,0.126
803231058,Existing Customer,1968,M,3,High School,Single,Less than $40K,Blue,47,1,3351,66,0.44
715698633,Existing Customer,1981,F,2,Unknown,Married,Less than $40K,Blue,36,1,5093,57,0.467
720450108,Existing Customer,1967,M,1,Graduate,Married,$40K - $60K,Blue,44,1,1438.3,37,0
719076858,Existing Customer,1987,M,4,College,Single,$60K - $80K,Blue,20,1,2165,81,0.902
720016308,Existing Customer,1959,F,1,Unknown,Single,Less than $40K,Blue,54,2,1927,77,0.684
712443558,Existing Customer,1982,F,1,College,Single,Unknown,Blue,36,1,22125,57,0
711835758,Existing Customer,1971,M,3,Graduate,Married,$120K +,Blue,42,5,34516,35,0.061
709284333,Existing Customer,1985,M,1,Uneducated,Divorced,$120K +,Blue,28,3,5260,62,0.212
788122533,Existing Customer,1965,F,1,Graduate,Married,Less than $40K,Blue,48,2,1438.3,32,0
709206333,Attrited Customer,1977,F,4,Graduate,Single,$40K - $60K,Blue,30,4,4333,40,0
713039808,Existing Customer,1976,M,4,College,Married,Less than $40K,Blue,32,2,6637,48,0
801700233,Existing Customer,1985,M,2,Graduate,Single,$120K +,Blue,28,3,3174,74,0.776
716815308,Existing Customer,1977,F,2,Uneducated,Married,Less than $40K,Blue,36,2,4396,69,0.339
821149008,Attrited Customer,1969,M,2,Graduate,Single,$80K - $120K,Blue,48,2,34516,40,0
720580383,Existing Customer,1971,F,3,Graduate,Married,Less than $40K,Blue,37,2,1438.3,80,0
780202908,Existing Customer,1968,F,2,Graduate,Single,Less than $40K,Blue,43,3,6853,70,0.216
787504158,Existing Customer,1985,F,0,Unknown,Married,Less than $40K,Blue,24,3,2570,42,0.868
716183283,Existing Customer,1994,F,1,College,Divorced,Less than $40K,Blue,15,3,2166,70,0.411
824168808,Existing Customer,1990,F,1,College,Divorced,Unknown,Blue,27,6,3647,60,0.406
712936908,Existing Customer,1985,M,3,Unknown,Single,$60K - $80K,Blue,36,1,11684,88,0.153
719855958,Existing Customer,1980,M,4,High School,Single,$60K - $80K,Blue,28,1,4475,66,0
710112933,Existing Customer,1993,M,1,Uneducated,Single,$60K - $80K,Blue,18,3,16604,61,0.103
768364233,Existing Customer,1962,M,1,High School,Married,$40K - $60K,Blue,53,2,5446,33,0.346
771725808,Existing Customer,1978,M,3,Uneducated,Unknown,$80K - $120K,Blue,31,1,28700,71,0.027
780686358,Existing Customer,1980,M,3,Unknown,Married,$60K - $80K,Blue,30,1,2888,58,0.58
712762758,Existing Customer,1975,M,2,Graduate,Married,$60K - $80K,Blue,34,2,9451,79,0.135
714392808,Existing Customer,1970,M,3,Unknown,Married,$80K - $120K,Blue,43,4,13933,62,0.073
713089458,Existing Customer,1977,M,1,High School,Married,Less than $40K,Blue,33,2,6130,78,0.132
826780683,Existing Customer,1981,M,3,Graduate,Married,$60K - $80K,Blue,36,2,15008,85,0
780251658,Existing Customer,1989,M,1,High School,Married,$40K - $60K,Blue,18,1,4583,57,0.346
772273983,Attrited Customer,1973,M,4,Uneducated,Single,$40K - $60K,Blue,37,3,5268,40,0.416
737944908,Existing Customer,1963,M,2,Unknown,Married,$60K - $80K,Blue,51,2,14976,36,0.098
720688158,Existing Customer,1984,F,3,High School,Single,Less than $40K,Blue,25,2,2282,68,0
719902908,Attrited Customer,1970,M,3,Unknown,Married,$80K - $120K,Blue,36,3,5130,31,0
771682533,Existing Customer,1978,F,3,Unknown,Married,Less than $40K,Blue,31,3,5702,75,0
708193008,Existing Customer,1980,M,4,Uneducated,Single,$80K - $120K,Blue,30,3,14480,43,0
772449858,Existing Customer,1970,M,3,Graduate,Divorced,$40K - $60K,Blue,41,3,7570,70,0.183
715992558,Existing Customer,1969,M,2,Doctorate,Married,$80K - $120K,Blue,38,2,12878,59,0.126
708502908,Existing Customer,1960,M,2,High School,Single,$60K - $80K,Silver,48,2,26218,88,0
720132258,Existing Customer,1972,M,3,Post-Graduate,Single,$120K +,Silver,36,1,34516,78,0.038
708704433,Existing Customer,1985,F,3,High School,Single,Unknown,Blue,23,3,2804,77,0.745
720906033,Existing Customer,1986,M,1,Graduate,Married,$40K - $60K,Blue,25,4,5801,52,0.203
719961183,Existing Customer,1958,F,0,High School,Married,Less than $40K,Blue,53,3,2271,33,0.563
718838808,Existing Customer,1985,F,1,Post-Graduate,Married,Less than $40K,Blue,23,3,3107,48,0.758
710268858,Existing Customer,1988,F,4,Graduate,Single,Less than $40K,Blue,22,1,2001,99,0.608
788360283,Existing Customer,1988,M,1,Graduate,Single,$80K - $120K,Blue,26,1,1438.3,55,0
717914808,Existing Customer,1956,M,1,High School,Single,Unknown,Blue,36,3,4465,66,0.157
802884933,Existing Customer,1960,M,1,Graduate,Married,$60K - $80K,Blue,55,2,3264,32,0.413
714436383,Existing Customer,1977,M,4,Graduate,Unknown,$80K - $120K,Blue,34,3,26856,75,0
718785483,Existing Customer,1983,M,1,Doctorate,Single,$80K - $120K,Silver,29,3,34516,85,0.042
708816408,Existing Customer,1980,M,4,Uneducated,Single,$80K - $120K,Blue,32,6,21756,71,0
715363908,Existing Customer,1977,F,4,Uneducated,Married,Less than $40K,Blue,26,1,4726,70,0.328
709163358,Attrited Customer,1980,M,5,Unknown,Single,$60K - $80K,Gold,32,3,34516,35,0.073
827643858,Existing Customer,1976,F,2,Unknown,Single,Less than $40K,Blue,41,2,5596,64,0
711251133,Existing Customer,1984,M,0,Post-Graduate,Single,$80K - $120K,Blue,27,2,15326,55,0
716896833,Existing Customer,1970,M,1,Unknown,Single,$80K - $120K,Blue,38,1,11373,35,0.116
789193383,Existing Customer,1956,M,0,Uneducated,Single,Less than $40K,Blue,54,1,2644,70,0.64
712801758,Existing Customer,1984,F,1,Graduate,Single,$40K - $60K,Blue,27,1,2673,63,0.942
719836083,Existing Customer,1967,M,4,Unknown,Married,$60K - $80K,Blue,36,4,7477,34,0.234
718291233,Existing Customer,1975,M,4,Graduate,Married,$80K - $120K,Blue,33,1,16227,67,0.057
718682883,Existing Customer,1980,M,2,Unknown,Single,$80K - $120K,Blue,34,3,19110,76,0.128
771503958,Existing Customer,1972,M,2,Unknown,Single,$40K - $60K,Blue,37,1,2993,72,0.423
771960708,Existing Customer,1970,M,2,Graduate,Married,$80K - $120K,Blue,40,2,3290,80,0.748
717427983,Existing Customer,1971,F,3,High School,Single,Less than $40K,Silver,39,3,11176,64,0.217
712737108,Existing Customer,1973,F,4,High School,Married,Unknown,Blue,36,1,21416,75,0
771599283,Existing Customer,1968,M,2,Graduate,Married,$80K - $120K,Blue,41,2,2492,32,0.669
717237708,Existing Customer,1967,M,2,Post-Graduate,Single,$60K - $80K,Blue,38,3,14265,58,0.132
710703708,Existing Customer,1975,F,4,Unknown,Single,$40K - $60K,Silver,35,3,16985,56,0.057
712513458,Existing Customer,1974,F,4,High School,Single,Less than $40K,Blue,38,1,7469,70,0.254
709690158,Existing Customer,1969,F,4,Graduate,Married,Less than $40K,Blue,36,1,4592,33,0.548
709959858,Existing Customer,1978,F,4,Graduate,Single,Less than $40K,Blue,32,3,4341,63,0
720683958,Existing Customer,1980,M,4,Uneducated,Divorced,$80K - $120K,Gold,36,2,34516,67,0
780704358,Existing Customer,1987,M,3,Post-Graduate,Unknown,$60K - $80K,Silver,23,3,27710,73,0
717843783,Existing Customer,1988,F,1,College,Single,Less than $40K,Silver,17,3,13431,71,0.118
718318383,Existing Customer,1972,M,1,High School,Unknown,$60K - $80K,Blue,36,3,2645,69,0.567
708849858,Existing Customer,1977,M,3,Doctorate,Single,$120K +,Blue,35,1,14028,73,0.102
712652283,Existing Customer,1985,M,1,Uneducated,Divorced,$80K - $120K,Blue,28,1,34516,74,0.022
793461933,Existing Customer,1984,M,3,High School,Single,$80K - $120K,Blue,31,2,5699,57,0.177
720084183,Existing Customer,1975,M,3,Unknown,Divorced,$120K +,Blue,34,2,16284,75,0
767114958,Existing Customer,1956,M,0,Uneducated,Single,Less than $40K,Blue,56,2,3226,70,0.643
709216533,Existing Customer,1969,M,2,College,Married,$80K - $120K,Blue,36,3,2803,64,0.278
720897783,Existing Customer,1971,M,1,Uneducated,Married,$120K +,Blue,30,2,34516,59,0.058
773503308,Existing Customer,1962,M,1,Uneducated,Single,Less than $40K,Blue,53,5,2192,79,0.716
719963433,Existing Customer,1984,F,3,Unknown,Single,Unknown,Blue,29,2,8318,77,0.234
708139833,Attrited Customer,1981,M,3,Graduate,Unknown,$60K - $80K,Blue,30,2,6391,44,0
710664558,Existing Customer,1981,F,3,High School,Married,Less than $40K,Blue,31,2,4736,73,0.2
713687508,Existing Customer,1962,M,1,Doctorate,Single,$60K - $80K,Blue,49,2,9944,69,0.162
816312633,Existing Customer,1969,F,3,College,Married,$40K - $60K,Blue,47,3,4717,66,0
712019883,Existing Customer,1978,F,4,Unknown,Unknown,Unknown,Blue,34,3,12778,69,0.12
718216008,Existing Customer,1973,M,3,Graduate,Married,$60K - $80K,Blue,38,2,16920,60,0.127
718345233,Existing Customer,1976,F,2,Graduate,Unknown,Less than $40K,Blue,35,3,3240,41,0.777
771228183,Existing Customer,1991,F,0,Graduate,Divorced,Less than $40K,Blue,17,1,4704,87,0
789430083,Existing Customer,1980,F,5,High School,Single,$40K - $60K,Blue,32,1,14987,83,0.095
779524833,Existing Customer,1970,M,1,Unknown,Single,$80K - $120K,Blue,34,3,3554,59,0.44
823621083,Existing Customer,1975,M,3,Graduate,Married,$120K +,Blue,42,3,9227,74,0.102
715563558,Existing Customer,1971,M,1,Unknown,Married,$120K +,Blue,40,3,7522,62,0.141
715424283,Existing Customer,1990,F,0,College,Married,Less than $40K,Blue,21,2,1677,50,0
807209808,Existing Customer,1973,M,1,High School,Single,$60K - $80K,Blue,40,2,2319,68,0.703
716578158,Existing Customer,1982,F,1,Unknown,Married,Less than $40K,Blue,29,2,2722,49,0.585
708911508,Existing Customer,1971,F,2,Unknown,Married,Less than $40K,Blue,39,3,2046,71,0
717332733,Existing Customer,1974,M,4,Unknown,Single,$80K - $120K,Silver,37,2,34516,80,0
710681808,Existing Customer,1968,M,3,High School,Single,$80K - $120K,Blue,42,3,18531,52,0.084
708740808,Existing Customer,1976,M,4,Graduate,Married,$40K - $60K,Blue,36,3,4112,54,0
711728208,Existing Customer,1975,M,4,Graduate,Single,$120K +,Blue,34,1,34516,68,0
720562008,Existing Customer,1987,M,2,Graduate,Single,$80K - $120K,Silver,22,3,34516,65,0.037
709012083,Existing Customer,1982,M,1,Uneducated,Married,Less than $40K,Blue,28,3,4683,45,0.537
771073908,Existing Customer,1959,M,0,Unknown,Married,$40K - $60K,Blue,48,1,1438.3,27,0
718174908,Existing Customer,1968,F,3,Uneducated,Married,Less than $40K,Blue,36,3,4224,29,0.572
709550958,Existing Customer,1970,M,3,Graduate,Married,$60K - $80K,Blue,32,1,7133,62,0
720411183,Existing Customer,1987,F,1,High School,Single,Unknown,Blue,22,1,10253,66,0.181
720776508,Existing Customer,1977,F,2,Doctorate,Single,$40K - $60K,Blue,25,3,4210,65,0
755615208,Existing Customer,1972,M,3,High School,Single,$120K +,Blue,42,3,12630,66,0.144
708147108,Existing Customer,1995,M,0,Graduate,Divorced,Unknown,Blue,36,1,21084,71,0.119
827476983,Attrited Customer,1965,F,2,College,Single,Less than $40K,Blue,52,5,3639,42,0.599
716682258,Existing Customer,1969,M,1,High School,Divorced,$120K +,Blue,36,3,31945,62,0.05
708563433,Attrited Customer,1956,F,0,High School,Single,Unknown,Blue,56,6,5894,32,0.081
772277508,Existing Customer,1956,F,1,Unknown,Single,Less than $40K,Blue,54,2,2209,52,0
712515558,Existing Customer,1986,M,1,College,Single,$60K - $80K,Blue,26,2,23447,77,0.065
719342808,Existing Customer,1973,M,3,Graduate,Single,$80K - $120K,Blue,30,2,4180,76,0.165
788957358,Existing Customer,1968,F,1,Graduate,Single,$40K - $60K,Blue,39,3,4930,77,0.452
778386033,Existing Customer,1983,M,3,Uneducated,Married,$60K - $80K,Blue,18,3,3417,34,0.512
820060758,Existing Customer,1971,F,1,College,Single,Less than $40K,Blue,45,2,4785,59,0.411
713271708,Existing Customer,1975,M,3,Uneducated,Married,Less than $40K,Silver,33,2,12685,74,0
720555483,Existing Customer,1973,M,3,Graduate,Single,$80K - $120K,Blue,35,3,21374,79,0
709405758,Existing Customer,1985,M,2,Graduate,Married,$60K - $80K,Blue,28,3,1911,49,0.637
769463433,Existing Customer,1980,F,2,Post-Graduate,Single,Less than $40K,Blue,35,3,8666,71,0
786087633,Existing Customer,1961,M,0,Unknown,Married,$60K - $80K,Blue,54,1,2759,34,0.906
738627708,Attrited Customer,1972,F,2,Unknown,Single,Unknown,Blue,41,3,5984,42,0
719527833,Existing Customer,1976,F,4,High School,Unknown,Unknown,Blue,36,3,23000,70,0.048
715921758,Existing Customer,1985,M,2,College,Single,$60K - $80K,Blue,25,3,1438.3,68,0
717280158,Existing Customer,1972,M,3,Graduate,Married,Less than $40K,Blue,36,3,2976,60,0.611
714179658,Existing Customer,1978,M,3,High School,Single,$120K +,Blue,36,1,34516,48,0
806637558,Existing Customer,1963,M,1,High School,Married,$60K - $80K,Blue,53,2,1438.3,40,0
714828708,Existing Customer,1975,M,0,High School,Divorced,$80K - $120K,Blue,36,1,16099,88,0
711989358,Existing Customer,1971,M,2,Graduate,Single,$80K - $120K,Blue,36,2,19595,62,0.061
720188508,Existing Customer,1978,M,4,Graduate,Single,$60K - $80K,Blue,25,2,13193,64,0.133
719528958,Existing Customer,1964,F,3,College,Single,$40K - $60K,Blue,36,1,8184,71,0.184
713110908,Existing Customer,1991,M,1,Unknown,Married,Less than $40K,Blue,13,6,2607,45,0.754
721179708,Existing Customer,1973,F,2,Unknown,Married,Less than $40K,Blue,37,2,5758,76,0
716363658,Existing Customer,1970,M,2,Doctorate,Single,$120K +,Blue,36,2,25873,84,0.022
711443808,Existing Customer,1975,M,2,Unknown,Divorced,$60K - $80K,Blue,37,1,2695,53,0.615
778952058,Existing Customer,1975,M,3,College,Married,$80K - $120K,Blue,32,2,20860,56,0.072
713642133,Existing Customer,1976,M,4,Unknown,Married,$40K - $60K,Blue,30,3,1892,60,0.554
778908783,Existing Customer,1969,M,3,College,Married,$80K - $120K,Blue,33,3,27751,25,0.037
778170633,Existing Customer,1973,M,5,Graduate,Married,$80K - $120K,Blue,38,2,34516,71,0.019
714670533,Existing Customer,1974,M,3,Unknown,Single,$80K - $120K,Blue,37,1,24580,62,0.102
771833433,Attrited Customer,1972,M,2,High School,Married,$80K - $120K,Blue,38,2,29893,48,0
772758783,Existing Customer,1978,M,1,Unknown,Married,$80K - $120K,Blue,33,1,21165,60,0.035
788959758,Existing Customer,1974,F,4,Uneducated,Single,$40K - $60K,Blue,33,2,9148,59,0.061
716878533,Existing Customer,1966,M,2,Unknown,Married,$80K - $120K,Blue,46,1,10979,33,0.172
713267133,Existing Customer,1980,F,5,Post-Graduate,Married,Less than $40K,Blue,33,1,6519,65,0.131
716263533,Existing Customer,1977,M,5,High School,Married,$80K - $120K,Blue,36,2,2509,72,0.583
719026383,Existing Customer,1986,F,2,Uneducated,Married,Less than $40K,Blue,36,1,2664,59,0
821755233,Existing Customer,1981,F,2,Unknown,Married,Unknown,Blue,28,5,14999,69,0.075
709683633,Existing Customer,1989,F,1,High School,Single,Less than $40K,Silver,13,1,10332,67,0.092
714318033,Existing Customer,1971,M,4,Unknown,Married,$60K - $80K,Blue,36,1,10226,57,0.16
828291858,Attrited Customer,1983,M,3,College,Single,$60K - $80K,Blue,34,3,12050,40,0.151
779647608,Existing Customer,1982,M,2,High School,Single,$120K +,Blue,22,2,26124,92,0
787605558,Existing Customer,1973,F,3,Graduate,Divorced,Less than $40K,Blue,31,2,9816,81,0
771534408,Existing Customer,1969,F,2,College,Single,Less than $40K,Blue,40,3,2783,74,0.855
716219808,Existing Customer,1972,M,3,Graduate,Unknown,$60K - $80K,Blue,36,2,15942,41,0
715690908,Existing Customer,1975,F,3,Graduate,Single,Less than $40K,Silver,39,3,12222,78,0.103
789125733,Existing Customer,1983,F,4,Doctorate,Married,Less than $40K,Blue,26,2,4002,53,0.35
717271983,Existing Customer,1961,M,0,College,Single,$80K - $120K,Silver,53,3,34516,64,0.04
709695333,Existing Customer,1973,M,2,High School,Single,$80K - $120K,Blue,36,2,10227,82,0.166
712233183,Existing Customer,1976,F,2,Graduate,Single,Less than $40K,Blue,34,3,4265,62,0.38
716645883,Existing Customer,1974,M,2,Unknown,Unknown,$60K - $80K,Blue,36,2,13867,68,0
711762408,Existing Customer,1978,M,2,Doctorate,Divorced,$40K - $60K,Blue,34,1,2243,63,0
818305008,Existing Customer,1980,F,2,Graduate,Married,$40K - $60K,Blue,36,1,11239,89,0.122
788159433,Existing Customer,1968,M,2,Unknown,Single,$60K - $80K,Blue,45,1,22558,70,0.036
709104333,Existing Customer,1971,M,5,Post-Graduate,Married,$120K +,Silver,36,2,34516,64,0.026
708112008,Existing Customer,1965,M,2,Graduate,Married,$80K - $120K,Blue,36,2,23510,35,0.045
714731208,Existing Customer,1958,F,0,Uneducated,Unknown,$40K - $60K,Blue,55,2,1651,58,0.868
710006958,Existing Customer,1968,F,1,High School,Single,Less than $40K,Blue,41,2,8693,69,0.092
815062383,Existing Customer,1986,F,2,High School,Married,Less than $40K,Blue,30,3,4549,33,0.262
778447908,Existing Customer,1970,M,2,College,Married,$80K - $120K,Blue,33,1,3558,65,0
720725058,Attrited Customer,1970,F,1,Graduate,Single,Less than $40K,Blue,37,3,7176,33,0
803415183,Existing Customer,1977,M,3,Unknown,Single,$80K - $120K,Silver,38,3,34516,76,0.019
708582858,Existing Customer,1983,M,3,Graduate,Single,$60K - $80K,Blue,25,3,18293,63,0
779833908,Existing Customer,1981,F,2,Graduate,Divorced,Unknown,Blue,23,2,18332,67,0.075
818687958,Existing Customer,1973,M,2,Graduate,Divorced,$80K - $120K,Blue,43,3,6383,88,0.225
708714108,Existing Customer,1979,F,3,High School,Single,Less than $40K,Silver,31,2,13441,49,0.187
754872333,Existing Customer,1971,M,2,Graduate,Married,$120K +,Blue,43,1,20114,88,0
718637208,Existing Customer,1967,F,2,Graduate,Single,Less than $40K,Blue,43,2,2019,36,0.687
816772908,Existing Customer,1983,M,3,High School,Single,$60K - $80K,Silver,33,1,34516,78,0.052
711935283,Attrited Customer,1966,M,5,Post-Graduate,Single,$80K - $120K,Blue,47,1,1438.3,36,0
716950758,Attrited Customer,1975,M,4,High School,Married,$60K - $80K,Blue,36,3,8017,43,0
716497908,Existing Customer,1972,F,1,Doctorate,Married,Unknown,Blue,36,1,8519,65,0
809358708,Existing Customer,1983,M,3,Unknown,Single,$80K - $120K,Blue,33,2,34516,63,0.062
716037708,Existing Customer,1971,M,0,Uneducated,Divorced,$60K - $80K,Blue,39,3,9474,54,0.108
717804783,Existing Customer,1981,F,3,Graduate,Single,Less than $40K,Blue,27,3,6587,70,0.125
715338783,Existing Customer,1989,M,1,High School,Single,$60K - $80K,Blue,36,2,2999,80,0
779645658,Existing Customer,1972,M,3,Graduate,Single,$60K - $80K,Blue,32,1,7154,59,0.206
787565433,Existing Customer,1968,M,2,Post-Graduate,Married,$80K - $120K,Blue,43,2,4039,36,0.346
717287883,Existing Customer,1964,M,3,Graduate,Married,$80K - $120K,Blue,46,2,5516,24,0.456
715746633,Existing Customer,1957,F,0,Graduate,Single,Less than $40K,Blue,54,1,5577,70,0.124
720635883,Existing Customer,1987,M,3,Unknown,Unknown,$80K - $120K,Blue,24,3,8628,60,0.174
710077008,Existing Customer,1978,M,2,Uneducated,Single,$120K +,Blue,33,3,30137,74,0.045
804437658,Existing Customer,1979,F,3,Doctorate,Married,Less than $40K,Blue,36,2,9778,66,0.22
780000258,Existing Customer,1973,M,3,Uneducated,Single,$120K +,Blue,38,2,20912,84,0
825785508,Existing Customer,1972,M,3,High School,Single,$120K +,Blue,45,2,14699,64,0.071
720252858,Existing Customer,1964,M,3,College,Single,$60K - $80K,Blue,36,3,10350,63,0
710017758,Existing Customer,1977,M,4,Graduate,Single,$40K - $60K,Blue,36,2,11346,67,0
711750183,Existing Customer,1958,F,2,Graduate,Single,Less than $40K,Gold,55,1,15987,56,0.084
718364283,Existing Customer,1978,M,3,Graduate,Single,$60K - $80K,Blue,30,2,19711,72,0
711638658,Existing Customer,1988,M,4,High School,Single,$40K - $60K,Blue,25,1,8650,63,0.223
711046383,Existing Customer,1966,M,2,Graduate,Single,$80K - $120K,Silver,36,1,34516,60,0.038
720877083,Existing Customer,1971,M,2,Graduate,Married,$80K - $120K,Blue,36,1,9748,66,0.139
715662258,Existing Customer,1972,F,3,Unknown,Unknown,Less than $40K,Blue,36,1,2454,75,0.839
715570533,Attrited Customer,1973,M,3,Post-Graduate,Unknown,$120K +,Blue,35,2,34516,44,0
758202858,Existing Customer,1974,F,3,High School,Unknown,Less than $40K,Blue,40,2,4255,72,0.395
712872183,Existing Customer,1986,F,4,Uneducated,Single,Less than $40K,Blue,24,2,3271,92,0.418
710014683,Existing Customer,1990,F,0,Graduate,Single,Less than $40K,Blue,20,3,3480,65,0.208
716934333,Existing Customer,1971,M,3,Uneducated,Single,$80K - $120K,Blue,40,1,13306,68,0.185
778523733,Existing Customer,1983,M,3,Graduate,Single,$80K - $120K,Blue,31,1,13637,73,0
716353083,Existing Customer,1982,M,3,Graduate,Single,$60K - $80K,Blue,29,2,6733,72,0.153
753642933,Existing Customer,1969,F,3,High School,Single,Less than $40K,Blue,45,3,2728,83,0.5
708151008,Existing Customer,1972,F,4,Graduate,Married,$40K - $60K,Blue,41,1,6250,41,0.103
789646158,Existing Customer,1972,M,4,Uneducated,Married,$40K - $60K,Blue,33,1,3653,66,0.241
712423233,Existing Customer,1977,M,3,High School,Divorced,$60K - $80K,Blue,36,3,22919,71,0.06
719806233,Existing Customer,1985,M,1,Graduate,Single,$120K +,Blue,20,2,34516,59,0
786509358,Existing Customer,1977,M,3,Unknown,Married,$80K - $120K,Blue,38,1,4198,36,0.424
711502908,Existing Customer,1977,M,3,Graduate,Single,$60K - $80K,Blue,39,2,7532,68,0
748617858,Existing Customer,1986,M,5,Uneducated,Single,$60K - $80K,Blue,28,2,4587,65,0.371
721532583,Attrited Customer,1976,M,4,Graduate,Married,$80K - $120K,Blue,36,3,12250,39,0.177
789244308,Existing Customer,1965,M,4,College,Single,$80K - $120K,Blue,41,1,17753,64,0.107
709330383,Existing Customer,1984,F,1,Graduate,Single,Less than $40K,Silver,19,3,12535,74,0.163
719136183,Existing Customer,1973,F,3,Uneducated,Married,Less than $40K,Blue,38,1,3541,69,0.408
716939358,Existing Customer,1978,F,3,Graduate,Divorced,Unknown,Blue,33,3,14622,67,0
778155558,Existing Customer,1976,M,3,Unknown,Married,$80K - $120K,Blue,38,1,23973,71,0
713461533,Existing Customer,1967,M,3,Graduate,Single,$80K - $120K,Blue,38,2,29200,73,0.045
803776533,Existing Customer,1975,M,2,Post-Graduate,Single,$60K - $80K,Blue,41,3,10077,52,0
714857508,Existing Customer,1977,F,4,Doctorate,Married,Unknown,Blue,36,2,8667,69,0.205
720348933,Existing Customer,1977,M,3,Graduate,Single,$60K - $80K,Blue,31,3,12871,60,0.059
721158108,Existing Customer,1983,M,2,Graduate,Single,$60K - $80K,Blue,30,2,2346,72,0
789043008,Existing Customer,1966,F,2,Post-Graduate,Divorced,Less than $40K,Blue,43,2,9919,70,0
713362158,Existing Customer,1971,M,3,Unknown,Single,$120K +,Blue,33,1,17087,70,0
712623258,Attrited Customer,1979,F,3,Graduate,Married,Less than $40K,Blue,36,3,5505,42,0.457
708494583,Existing Customer,1972,F,3,Uneducated,Divorced,Less than $40K,Blue,36,1,1902,53,0
718394658,Existing Customer,1990,F,0,Graduate,Single,Less than $40K,Blue,22,1,4254,62,0.579
719398158,Existing Customer,1970,M,2,Unknown,Unknown,$80K - $120K,Blue,39,1,9854,76,0.191
711885258,Existing Customer,1974,F,4,High School,Married,Less than $40K,Blue,31,3,7711,42,0.128
789161358,Existing Customer,1991,F,0,Graduate,Married,Less than $40K,Blue,19,1,3213,46,0.783
787581858,Existing Customer,1975,M,2,Unknown,Unknown,$120K +,Blue,37,2,3132,59,0.468
779198133,Existing Customer,1976,F,3,High School,Divorced,Less than $40K,Blue,33,3,9977,61,0.209
708314808,Existing Customer,1968,F,2,College,Married,Unknown,Blue,41,1,5659,40,0.246
720508233,Attrited Customer,1959,M,0,Unknown,Single,$40K - $60K,Silver,42,4,17161,42,0
717134058,Existing Customer,1956,F,1,Unknown,Single,Unknown,Blue,36,1,5018,81,0.225
783366483,Existing Customer,1977,F,3,Unknown,Married,Unknown,Blue,38,3,11474,74,0.093
715412583,Existing Customer,1970,M,3,Post-Graduate,Married,$40K - $60K,Blue,36,1,7925,65,0.182
719562108,Existing Customer,1993,F,0,Uneducated,Single,Less than $40K,Silver,20,3,12793,67,0.129
754457883,Existing Customer,1972,M,2,Unknown,Single,Less than $40K,Blue,42,2,4834,35,0
742552683,Existing Customer,1977,F,3,High School,Married,Less than $40K,Blue,31,2,1438.3,86,0.478
711455133,Existing Customer,1966,M,3,College,Single,$120K +,Blue,36,3,12948,42,0.142
716387733,Attrited Customer,1972,M,4,Graduate,Single,$60K - $80K,Blue,36,4,5662,25,0.262
772571508,Existing Customer,1987,F,2,High School,Single,Less than $40K,Blue,24,1,2799,43,0
718815108,Existing Customer,1971,M,2,Unknown,Married,$80K - $120K,Blue,38,3,6030,81,0.218
719266158,Existing Customer,1979,M,2,Graduate,Divorced,$80K - $120K,Blue,35,3,6779,65,0.2
720708183,Existing Customer,1968,F,1,Uneducated,Divorced,$40K - $60K,Silver,36,1,15248,83,0.081
767523933,Existing Customer,1968,M,3,High School,Single,$60K - $80K,Blue,45,1,15583,69,0
797466033,Existing Customer,1989,M,1,High School,Married,$40K - $60K,Blue,26,2,2576,69,0.681
771886233,Existing Customer,1973,M,1,Unknown,Married,$60K - $80K,Silver,37,3,25270,51,0.043
712612233,Existing Customer,1986,M,4,Graduate,Single,$60K - $80K,Blue,22,3,8717,59,0.082
716516208,Existing Customer,1976,M,4,Graduate,Married,$80K - $120K,Blue,36,2,1438.3,64,0
709950858,Existing Customer,1976,M,5,College,Single,$80K - $120K,Blue,35,2,33755,71,0.068
779882508,Existing Customer,1968,F,2,Unknown,Single,$40K - $60K,Blue,37,3,7282,69,0
717472833,Existing Customer,1979,M,4,Unknown,Single,$80K - $120K,Blue,32,3,7260,73,0.098
712665633,Existing Customer,1978,F,3,Graduate,Married,Less than $40K,Silver,30,1,12952,51,0.144
709562358,Existing Customer,1966,F,2,Unknown,Single,Less than $40K,Blue,43,1,5353,79,0.298
715391433,Existing Customer,1983,M,0,Graduate,Married,$60K - $80K,Blue,33,4,11741,41,0.133
708722583,Existing Customer,1982,F,4,Uneducated,Single,Less than $40K,Blue,36,3,2609,64,0.635
720452508,Existing Customer,1970,F,1,College,Married,Unknown,Blue,37,3,11167,74,0
714566958,Existing Customer,1977,M,3,High School,Married,$80K - $120K,Blue,36,2,20882,40,0.068
816084333,Existing Customer,1979,M,2,Unknown,Single,$120K +,Gold,37,2,34516,63,0.036
806179683,Existing Customer,1958,F,1,College,Single,$40K - $60K,Blue,56,3,3071,68,0.666
806244183,Existing Customer,1982,M,2,Graduate,Divorced,$60K - $80K,Blue,34,1,2267,84,0
787999533,Existing Customer,1969,M,2,High School,Single,$120K +,Blue,44,2,6617,68,0.38
718358808,Existing Customer,1964,F,2,High School,Divorced,Less than $40K,Blue,50,3,3276,61,0
718474683,Existing Customer,1985,M,0,High School,Married,$120K +,Blue,24,3,10097,67,0.212
716908158,Existing Customer,1979,F,3,College,Married,Less than $40K,Blue,36,2,8260,64,0.305
713984208,Existing Customer,1969,M,4,Graduate,Married,$40K - $60K,Blue,33,2,5776,72,0.151
713013483,Existing Customer,1981,F,4,Graduate,Divorced,Less than $40K,Blue,36,3,1438.3,58,0.636
754599558,Existing Customer,1981,F,3,College,Single,Less than $40K,Blue,33,3,7207,70,0.278
788739633,Attrited Customer,1983,M,1,Unknown,Married,$120K +,Blue,16,1,2106,40,0.113
712411908,Existing Customer,1977,M,3,High School,Married,$60K - $80K,Blue,34,2,21158,67,0
717538683,Existing Customer,1978,M,3,Graduate,Married,$120K +,Blue,36,2,22906,64,0.049
709447908,Existing Customer,1976,M,2,Graduate,Married,$60K - $80K,Blue,33,3,2648,63,0.872
816834933,Existing Customer,1987,F,4,Graduate,Single,Unknown,Silver,29,2,30702,64,0.022
718963158,Existing Customer,1972,M,1,Unknown,Single,$120K +,Blue,40,3,34516,64,0
714358008,Existing Customer,1968,F,1,College,Divorced,Unknown,Blue,36,1,17054,72,0
720758808,Attrited Customer,1983,M,3,College,Single,$60K - $80K,Blue,18,1,16317,54,0
708255633,Existing Customer,1985,M,1,Graduate,Single,$80K - $120K,Blue,27,2,3761,65,0.455
716101308,Existing Customer,1973,M,3,Unknown,Married,$40K - $60K,Blue,35,3,2173,60,0
715986258,Existing Customer,1968,F,1,Uneducated,Single,$40K - $60K,Silver,41,3,15845,68,0.106
715858008,Attrited Customer,1972,F,1,Uneducated,Married,$40K - $60K,Blue,39,3,8061,31,0.312
806226933,Existing Customer,1984,M,2,High School,Unknown,$120K +,Blue,32,1,34516,59,0
708361833,Existing Customer,1977,M,4,Graduate,Married,$80K - $120K,Blue,36,2,19430,80,0
778422933,Existing Customer,1979,F,1,Unknown,Single,Unknown,Blue,22,2,19127,56,0.051
708957183,Existing Customer,1973,M,0,Unknown,Divorced,$40K - $60K,Blue,36,1,2708,41,0.929
718000383,Existing Customer,1961,F,1,Graduate,Single,Unknown,Blue,51,3,23566,64,0.049
714466458,Existing Customer,1972,F,2,High School,Married,Unknown,Blue,35,3,2532,76,0.839
719608308,Existing Customer,1984,M,2,High School,Single,$60K - $80K,Blue,29,2,9829,73,0.256
792995808,Existing Customer,1964,F,3,Post-Graduate,Single,$40K - $60K,Blue,51,4,7226,67,0.234
716211258,Existing Customer,1962,F,1,College,Unknown,Less than $40K,Blue,49,5,4072,43,0
779289033,Existing Customer,1975,F,3,Uneducated,Single,Unknown,Blue,28,1,21646,61,0.082
719356008,Existing Customer,1982,F,3,Graduate,Single,Less than $40K,Blue,36,3,1438.3,69,0
718503108,Existing Customer,1981,M,3,Unknown,Married,$120K +,Blue,26,3,14046,77,0.142
779661033,Existing Customer,1972,M,4,Unknown,Married,$60K - $80K,Silver,32,2,25620,66,0.043
813053733,Attrited Customer,1968,M,4,Unknown,Single,$120K +,Blue,48,3,34516,49,0.008
718354683,Existing Customer,1962,F,0,Graduate,Single,$40K - $60K,Silver,45,3,21358,77,0.057
720529308,Attrited Customer,1958,M,0,High School,Single,$60K - $80K,Blue,48,3,1856,46,0
787578183,Existing Customer,1985,M,3,High School,Single,$80K - $120K,Blue,28,3,1438.3,68,0
737952333,Existing Customer,1957,M,1,Graduate,Single,Less than $40K,Blue,56,1,2586,65,0
779498058,Existing Customer,1982,M,2,Graduate,Married,$80K - $120K,Blue,21,3,3281,34,0.388
799707858,Existing Customer,1971,F,1,High School,Married,Less than $40K,Blue,42,1,7115,57,0.281
719543208,Existing Customer,1983,F,3,Uneducated,Single,Unknown,Blue,36,3,13220,72,0.064
797743233,Existing Customer,1976,M,3,Uneducated,Unknown,$60K - $80K,Blue,39,2,5996,77,0.144
710658483,Attrited Customer,1974,M,4,Graduate,Unknown,$40K - $60K,Blue,34,3,9080,46,0.239
715399908,Existing Customer,1967,F,2,High School,Single,Unknown,Blue,45,3,7563,67,0.194
710288883,Existing Customer,1981,F,1,Graduate,Married,Less than $40K,Blue,32,1,8749,73,0.189
719912808,Existing Customer,1969,M,2,High School,Single,$60K - $80K,Blue,39,3,14973,72,0
720247158,Existing Customer,1958,M,0,Graduate,Single,Unknown,Blue,36,3,7108,68,0.084
718672233,Existing Customer,1973,F,1,Graduate,Single,Unknown,Blue,38,2,23007,63,0.054
789593058,Existing Customer,1975,M,5,College,Married,$60K - $80K,Blue,39,2,24248,84,0.042
710278458,Attrited Customer,1969,M,2,High School,Single,$80K - $120K,Blue,43,3,11617,43,0.217
714467733,Existing Customer,1976,M,2,Graduate,Married,$60K - $80K,Silver,36,2,30428,69,0.057
803026008,Existing Customer,1973,M,3,Unknown,Married,$80K - $120K,Blue,42,6,6805,65,0.213
772000533,Existing Customer,1962,M,1,Graduate,Married,$60K - $80K,Blue,48,3,14257,23,0.078
811035483,Attrited Customer,1974,M,3,Uneducated,Divorced,$120K +,Silver,42,4,34516,35,0
715480983,Existing Customer,1966,F,2,College,Single,Less than $40K,Blue,36,2,5719,68,0.156
819997983,Existing Customer,1968,M,5,Unknown,Married,$80K - $120K,Blue,48,1,9517,26,0.196
807593058,Attrited Customer,1980,F,3,Unknown,Single,$40K - $60K,Blue,36,2,5317,29,0
720437358,Existing Customer,1981,M,3,Graduate,Single,$40K - $60K,Blue,32,1,2526,69,0.912
719465733,Existing Customer,1969,F,2,High School,Single,Less than $40K,Blue,44,3,2971,63,0
711978858,Existing Customer,1962,M,2,Graduate,Single,Less than $40K,Blue,49,3,6834,70,0.132
814364808,Existing Customer,1985,F,2,Uneducated,Married,Unknown,Blue,31,3,3002,46,0.334
788820933,Existing Customer,1962,M,2,Graduate,Single,$60K - $80K,Blue,42,2,16727,73,0.083
713316558,Existing Customer,1980,M,4,High School,Married,$60K - $80K,Blue,29,2,4573,70,0
779856483,Existing Customer,1983,M,2,Post-Graduate,Single,$80K - $120K,Blue,22,1,15410,69,0
717085983,Existing Customer,1977,F,2,High School,Single,$40K - $60K,Blue,25,2,3299,84,0.763
788030208,Attrited Customer,1979,F,2,Uneducated,Single,Less than $40K,Silver,33,2,13453,42,0.187
709914858,Existing Customer,1973,F,2,Graduate,Married,Less than $40K,Blue,36,1,6362,84,0.268
716111808,Existing Customer,1964,F,2,Unknown,Married,Less than $40K,Blue,49,3,2679,28,0.751
708618933,Existing Customer,1987,M,2,Uneducated,Single,$120K +,Blue,13,3,4369,80,0.469
720446508,Existing Customer,1971,F,2,Uneducated,Single,Less than $40K,Blue,36,3,1721,57,0.603
756488883,Existing Customer,1980,M,2,Uneducated,Single,$80K - $120K,Blue,34,2,2196,65,0.737
708414033,Existing Customer,1971,M,4,Graduate,Married,$40K - $60K,Blue,38,3,2845,66,0.405
756727233,Existing Customer,1972,M,2,High School,Single,$120K +,Blue,42,2,21144,66,0.056
720379533,Attrited Customer,1974,M,3,Unknown,Unknown,$120K +,Blue,36,3,3952,37,0
720340383,Existing Customer,1976,F,2,Graduate,Married,Less than $40K,Blue,25,2,3518,82,0.578
771453033,Existing Customer,1974,M,3,High School,Married,$60K - $80K,Blue,35,1,17343,57,0.074
708747708,Existing Customer,1978,M,3,Graduate,Married,$80K - $120K,Blue,33,1,3498,56,0
712460433,Existing Customer,1982,M,2,Uneducated,Single,$40K - $60K,Blue,25,1,9121,80,0.156
719801508,Existing Customer,1985,M,1,Uneducated,Unknown,$120K +,Blue,23,3,20230,82,0.039
720983733,Attrited Customer,1977,M,3,Unknown,Single,$60K - $80K,Blue,36,3,15422,54,0.056
713657733,Existing Customer,1974,M,4,Unknown,Single,$60K - $80K,Blue,36,3,9132,71,0.088
709955958,Existing Customer,1980,F,1,High School,Single,Less than $40K,Blue,33,2,8054,45,0.127
719099583,Attrited Customer,1979,M,3,Graduate,Married,$40K - $60K,Blue,34,2,1640,33,0.88
719513733,Existing Customer,1973,M,3,Doctorate,Married,$80K - $120K,Blue,41,3,8739,69,0
710654808,Attrited Customer,1975,M,4,Graduate,Single,$80K - $120K,Blue,36,1,1818,44,0
719651358,Existing Customer,1975,F,4,Uneducated,Single,Unknown,Blue,33,3,24949,77,0.07
718917408,Existing Customer,1975,F,3,Graduate,Married,$40K - $60K,Blue,38,3,3115,70,0.365
808753758,Existing Customer,1969,M,2,Uneducated,Divorced,$120K +,Blue,47,2,29695,71,0.051
711699183,Existing Customer,1965,M,2,Uneducated,Divorced,$60K - $80K,Blue,50,1,7261,58,0.149
711196458,Attrited Customer,1983,F,1,Unknown,Married,Less than $40K,Blue,20,2,1621,41,0.358
772565883,Existing Customer,1980,M,0,High School,Single,$80K - $120K,Blue,31,5,33472,70,0.075
717203958,Existing Customer,1970,M,3,Graduate,Married,$40K - $60K,Blue,36,3,11512,32,0.086
769701258,Existing Customer,1995,F,0,Unknown,Unknown,Unknown,Blue,18,3,12463,71,0.106
714933783,Existing Customer,1970,M,2,Graduate,Married,$60K - $80K,Blue,37,1,8511,62,0
717650133,Existing Customer,1980,M,5,Graduate,Single,$60K - $80K,Blue,28,1,4821,58,0.296
708707808,Existing Customer,1964,M,2,Graduate,Unknown,$60K - $80K,Blue,45,1,2480,66,0.639
717331758,Existing Customer,1977,M,4,Graduate,Married,$120K +,Blue,32,3,34516,83,0.073
801385458,Existing Customer,1969,M,1,Uneducated,Married,$120K +,Blue,46,2,8596,80,0.235
710605458,Existing Customer,1972,M,2,High School,Married,$60K - $80K,Blue,39,3,7223,70,0.272
719570733,Existing Customer,1969,M,2,Unknown,Single,$60K - $80K,Blue,39,2,1629,83,0.6
708646233,Existing Customer,1977,F,1,Unknown,Divorced,Unknown,Blue,36,2,17116,50,0.075
766006758,Existing Customer,1958,M,1,High School,Married,$60K - $80K,Blue,56,2,7216,38,0.322
710695083,Existing Customer,1977,M,3,College,Single,$60K - $80K,Silver,32,1,28397,31,0.05
709224033,Attrited Customer,1968,M,4,Uneducated,Single,$60K - $80K,Blue,43,3,13720,36,0
795991758,Existing Customer,1974,F,3,Unknown,Married,$40K - $60K,Blue,41,3,7553,67,0.087
709381383,Existing Customer,1972,M,4,Graduate,Married,$60K - $80K,Blue,36,6,2952,77,0.853
810321933,Existing Customer,1986,M,3,High School,Unknown,$80K - $120K,Blue,30,3,11229,36,0.094
716235783,Existing Customer,1976,M,3,College,Married,$40K - $60K,Blue,39,2,7109,75,0.122
758833758,Existing Customer,1976,M,4,Unknown,Married,$40K - $60K,Blue,38,3,1862,68,0.454
713579733,Existing Customer,1985,M,2,College,Single,$60K - $80K,Blue,22,3,4511,71,0.167
804649833,Existing Customer,1979,M,3,Post-Graduate,Married,$40K - $60K,Blue,29,3,2533,74,0.445
780971583,Existing Customer,1975,M,1,Graduate,Divorced,$120K +,Blue,30,2,2016,62,0.395
804673308,Attrited Customer,1972,M,5,Uneducated,Married,$40K - $60K,Blue,44,3,3893,37,0
788747358,Existing Customer,1971,M,0,High School,Divorced,$40K - $60K,Blue,29,3,5530,68,0.368
713199558,Existing Customer,1964,F,3,Doctorate,Single,Less than $40K,Blue,44,3,1737,58,0.468
713777883,Existing Customer,1975,F,0,Graduate,Divorced,Unknown,Blue,36,3,6853,52,0.245
771081558,Existing Customer,1966,M,2,High School,Divorced,$120K +,Blue,42,2,34516,78,0.034
710229333,Existing Customer,1983,M,2,College,Single,$40K - $60K,Blue,20,1,11068,64,0.113
720406233,Existing Customer,1986,F,2,Graduate,Married,Less than $40K,Blue,36,2,5546,46,0.33
767784708,Attrited Customer,1973,M,0,Doctorate,Married,$60K - $80K,Blue,41,3,7277,40,0.069
712052058,Existing Customer,1964,M,3,Graduate,Single,$40K - $60K,Blue,48,3,9426,75,0.167
715278708,Existing Customer,1966,M,2,Unknown,Single,$60K - $80K,Blue,36,3,1594,65,0.582
827049558,Existing Customer,1974,M,2,Graduate,Unknown,$80K - $120K,Blue,43,2,2158,89,0.542
710248233,Existing Customer,1984,M,3,College,Single,$40K - $60K,Blue,28,2,3490,80,0.407
712146558,Existing Customer,1973,F,5,Uneducated,Married,Less than $40K,Blue,30,2,2364,65,0.685
715179933,Existing Customer,1972,F,2,High School,Married,Unknown,Blue,36,2,15704,91,0
709215708,Existing Customer,1972,M,2,Post-Graduate,Unknown,$60K - $80K,Blue,36,2,18253,73,0.138
710668458,Existing Customer,1973,F,4,Graduate,Married,Less than $40K,Blue,36,3,3696,76,0
718828083,Existing Customer,1969,M,1,Graduate,Single,$40K - $60K,Blue,43,3,8748,73,0.261
720781158,Existing Customer,1977,F,2,Uneducated,Divorced,$40K - $60K,Blue,27,2,5608,74,0.222
716938383,Existing Customer,1980,M,4,Unknown,Married,$80K - $120K,Blue,28,2,34516,61,0
709976358,Existing Customer,1970,F,1,Unknown,Single,Less than $40K,Blue,42,3,3236,80,0
715688958,Existing Customer,1976,F,2,Post-Graduate,Single,Less than $40K,Blue,36,1,2736,84,0.747
721493883,Existing Customer,1972,F,4,Unknown,Single,Less than $40K,Blue,35,2,5195,69,0
709830783,Existing Customer,1974,M,5,Unknown,Single,$120K +,Silver,36,2,34516,72,0.049
715354983,Existing Customer,1977,M,3,Graduate,Married,$40K - $60K,Blue,35,3,6327,77,0
713532858,Existing Customer,1979,M,2,Doctorate,Unknown,$80K - $120K,Blue,36,1,4728,70,0.293
721295658,Existing Customer,1959,M,1,Unknown,Single,$80K - $120K,Blue,55,1,34516,63,0.073
720313083,Existing Customer,1989,M,1,Unknown,Single,$120K +,Blue,18,3,6276,68,0.365
720724008,Existing Customer,1978,M,2,Graduate,Single,$80K - $120K,Blue,36,1,13430,67,0.175
712828533,Existing Customer,1959,M,1,Graduate,Single,$60K - $80K,Blue,36,1,2796,74,0
717007458,Existing Customer,1975,M,2,Graduate,Married,$40K - $60K,Blue,38,3,2457,71,0.428
710728458,Existing Customer,1959,F,1,Unknown,Single,Less than $40K,Blue,36,3,7075,75,0.197
717720108,Existing Customer,1979,M,2,Graduate,Married,$80K - $120K,Blue,31,2,12386,69,0.079
720648483,Existing Customer,1982,M,4,College,Single,$80K - $120K,Blue,31,3,32210,53,0.035
770146008,Existing Customer,1962,M,1,Graduate,Single,$40K - $60K,Blue,53,3,2136,37,0.703
714829683,Existing Customer,1978,M,2,Doctorate,Single,$80K - $120K,Blue,36,3,10851,65,0.101
717015333,Existing Customer,1969,M,1,Unknown,Divorced,$120K +,Blue,41,1,2717,70,0.719
757837458,Existing Customer,1962,F,2,High School,Single,Unknown,Blue,52,2,3578,79,0.185
719240358,Existing Customer,1961,M,1,Unknown,Single,$60K - $80K,Blue,50,3,10698,67,0.167
719036883,Existing Customer,1973,F,1,Uneducated,Divorced,Less than $40K,Blue,38,3,4668,77,0
714000108,Existing Customer,1981,F,3,College,Divorced,Unknown,Blue,36,2,6772,66,0
720786033,Existing Customer,1966,M,1,College,Single,$80K - $120K,Blue,42,2,10696,38,0.113
708917133,Existing Customer,1973,M,3,High School,Single,$80K - $120K,Blue,35,3,11851,73,0
818929158,Existing Customer,1985,M,2,Doctorate,Single,$40K - $60K,Blue,31,3,11558,53,0
709513458,Existing Customer,1972,M,3,High School,Unknown,$60K - $80K,Blue,36,2,9551,52,0.192
717705858,Existing Customer,1981,M,2,High School,Unknown,$80K - $120K,Blue,32,3,29923,52,0
716573058,Attrited Customer,1967,F,3,Doctorate,Unknown,Less than $40K,Blue,36,3,1438.3,40,0
827695683,Existing Customer,1981,M,3,Uneducated,Single,$120K +,Blue,36,2,34516,77,0.039
819189108,Existing Customer,1958,M,0,College,Single,$80K - $120K,Blue,56,2,9033,85,0
716977758,Attrited Customer,1977,F,3,Uneducated,Married,Less than $40K,Blue,36,3,3675,35,0.685
714901383,Existing Customer,1977,M,2,High School,Married,$80K - $120K,Blue,38,3,9183,69,0.239
718500633,Existing Customer,1976,F,4,Unknown,Married,Less than $40K,Blue,36,1,7924,58,0.239
713516433,Existing Customer,1985,F,3,College,Single,Less than $40K,Blue,36,1,5383,80,0.137
715140933,Existing Customer,1976,F,3,Graduate,Single,$40K - $60K,Silver,39,2,21425,60,0.068
712642533,Existing Customer,1983,M,3,Unknown,Unknown,$80K - $120K,Blue,26,1,32866,76,0.064
721498008,Existing Customer,1977,F,3,Uneducated,Single,Less than $40K,Blue,35,2,1438.3,57,0
717189183,Existing Customer,1986,M,1,Doctorate,Single,$40K - $60K,Blue,24,3,10467,65,0.187
708902883,Existing Customer,1966,M,2,Graduate,Single,$120K +,Blue,36,2,12856,61,0
817889583,Attrited Customer,1960,F,0,Graduate,Single,$40K - $60K,Blue,56,3,9721,46,0
717242058,Attrited Customer,1978,F,5,Graduate,Married,Less than $40K,Blue,39,3,3981,42,0
715628733,Existing Customer,1981,F,4,Unknown,Single,Less than $40K,Blue,36,3,7587,59,0
716613933,Existing Customer,1970,F,3,High School,Single,$40K - $60K,Blue,36,5,3417,60,0.434
712709508,Existing Customer,1973,F,2,Unknown,Single,Unknown,Blue,40,3,8012,63,0
716306583,Attrited Customer,1957,M,0,Graduate,Single,Less than $40K,Blue,36,3,3812,45,0.66
720026058,Existing Customer,1972,M,3,Graduate,Married,$80K - $120K,Blue,36,1,21378,64,0.06
756397458,Existing Customer,1967,F,1,Graduate,Single,Less than $40K,Silver,47,3,12873,70,0
712644483,Existing Customer,1975,M,3,High School,Single,$60K - $80K,Blue,39,3,20229,62,0.06
814489683,Existing Customer,1987,F,2,Unknown,Single,Less than $40K,Blue,29,1,5387,59,0.148
789111483,Existing Customer,1975,M,3,Graduate,Unknown,$80K - $120K,Blue,34,3,16546,75,0.112
709573533,Existing Customer,1973,M,3,Uneducated,Married,$40K - $60K,Blue,34,1,11191,71,0
807137808,Existing Customer,1976,M,3,High School,Divorced,$60K - $80K,Blue,40,1,17576,67,0
711861258,Existing Customer,1956,F,1,Uneducated,Single,Less than $40K,Blue,36,2,4182,57,0
716660583,Existing Customer,1976,M,0,Graduate,Single,$40K - $60K,Blue,37,5,10271,72,0.17
717222033,Existing Customer,1981,F,3,Unknown,Single,Less than $40K,Blue,28,1,1647,76,0.727
716617608,Existing Customer,1971,F,1,High School,Single,Less than $40K,Blue,36,3,1560,58,0.638
716786808,Existing Customer,1981,M,5,Post-Graduate,Single,$60K - $80K,Blue,30,2,1659,66,0
718882008,Existing Customer,1983,M,1,High School,Single,$120K +,Blue,27,2,22487,73,0.04
770975133,Existing Customer,1985,M,0,Graduate,Unknown,Less than $40K,Blue,23,2,5403,74,0.343
715234008,Existing Customer,1967,F,1,High School,Single,$40K - $60K,Blue,36,3,4717,67,0.337
709326183,Existing Customer,1971,M,2,High School,Single,$60K - $80K,Blue,40,2,5180,74,0.234
721233033,Attrited Customer,1971,M,2,High School,Single,$80K - $120K,Blue,38,2,4915,36,0.094
712319958,Existing Customer,1980,M,4,High School,Married,$80K - $120K,Blue,29,2,12154,71,0.207
712198983,Existing Customer,1975,M,4,Graduate,Married,$60K - $80K,Blue,36,3,3258,67,0
772103208,Existing Customer,1977,F,5,High School,Unknown,Unknown,Blue,33,3,13349,78,0
779502333,Attrited Customer,1971,M,4,Graduate,Single,$120K +,Silver,32,3,34516,37,0
718737708,Existing Customer,1976,M,4,Graduate,Single,$80K - $120K,Blue,33,5,31458,66,0.038
821351958,Existing Customer,1981,F,4,College,Married,Less than $40K,Blue,36,1,1438.3,54,0
716142858,Existing Customer,1975,F,4,Uneducated,Married,Less than $40K,Silver,36,1,10961,77,0.127
826079508,Existing Customer,1973,M,2,Unknown,Unknown,$60K - $80K,Blue,44,3,8904,65,0.212
773236983,Existing Customer,1974,M,4,High School,Married,$40K - $60K,Blue,40,2,2498,29,0.904
826717533,Existing Customer,1979,M,3,Graduate,Unknown,$80K - $120K,Blue,38,1,16105,76,0.045
789334458,Existing Customer,1978,F,3,Graduate,Unknown,Unknown,Silver,33,1,34516,67,0.054
814092858,Existing Customer,1972,F,3,Graduate,Unknown,Unknown,Blue,44,2,2222,65,0.312
708355683,Existing Customer,1975,F,4,Graduate,Married,Unknown,Blue,38,2,16815,65,0
803124408,Attrited Customer,1980,F,3,Unknown,Married,Unknown,Blue,35,3,11538,53,0
789964983,Attrited Customer,1976,M,2,Graduate,Divorced,$40K - $60K,Blue,36,2,9569,35,0
720303933,Existing Customer,1981,M,2,Graduate,Married,$80K - $120K,Blue,36,1,3340,82,0.384
708665133,Existing Customer,1981,M,2,Graduate,Married,$80K - $120K,Blue,28,2,3654,67,0.321
828236133,Existing Customer,1972,M,2,Graduate,Married,$40K - $60K,Blue,45,2,10541,92,0.132
712000758,Existing Customer,1970,M,4,Uneducated,Single,$120K +,Silver,39,2,34516,54,0.057
715378383,Existing Customer,1978,F,4,Graduate,Single,Unknown,Silver,36,3,34516,76,0.055
769985883,Existing Customer,1976,M,2,Graduate,Single,$80K - $120K,Blue,39,3,1613,65,0
709297608,Attrited Customer,1983,M,3,College,Single,$80K - $120K,Blue,26,3,1438.3,32,0
716971833,Existing Customer,1981,F,2,Uneducated,Married,Unknown,Blue,29,3,13126,61,0
801373833,Existing Customer,1972,M,4,College,Divorced,$40K - $60K,Blue,43,2,1922,46,0.369
716040783,Existing Customer,1976,F,3,Graduate,Unknown,Less than $40K,Silver,36,2,14521,66,0
817977933,Attrited Customer,1958,F,0,Graduate,Single,Less than $40K,Blue,56,6,1931,48,0.793
827055333,Existing Customer,1978,M,3,Graduate,Single,$40K - $60K,Blue,39,3,8513,37,0.122
772116408,Existing Customer,1971,M,1,High School,Single,$40K - $60K,Blue,39,1,2421,56,0.425
734924658,Existing Customer,1974,F,5,High School,Married,Less than $40K,Blue,36,3,1478,67,0.536
711775383,Existing Customer,1958,M,1,Graduate,Single,$60K - $80K,Blue,36,1,2466,66,0
715019058,Existing Customer,1991,F,2,Post-Graduate,Divorced,Less than $40K,Blue,36,1,2501,65,0.738
780715683,Existing Customer,1980,M,3,Doctorate,Single,$60K - $80K,Blue,30,1,13602,69,0
827341383,Existing Customer,1983,M,3,Graduate,Single,Less than $40K,Blue,34,3,3094,81,0.426
708757233,Existing Customer,1977,F,2,High School,Married,Less than $40K,Blue,32,2,2485,77,0.599
710504283,Existing Customer,1971,M,1,Uneducated,Married,$80K - $120K,Blue,39,3,14817,70,0.099
713919183,Existing Customer,1971,M,3,Unknown,Married,$80K - $120K,Blue,39,3,13824,74,0.114
713171358,Existing Customer,1975,F,4,College,Single,Less than $40K,Blue,36,1,1438.3,74,0
773140683,Existing Customer,1970,M,0,Unknown,Married,$60K - $80K,Blue,43,1,3797,65,0.317
716358033,Existing Customer,1968,F,1,Graduate,Single,Less than $40K,Blue,43,3,6189,65,0
826410708,Existing Customer,1981,M,4,Unknown,Married,$60K - $80K,Blue,36,2,22956,64,0.061
789717708,Existing Customer,1972,F,1,Unknown,Married,$40K - $60K,Blue,37,2,3943,82,0.288
711679533,Existing Customer,1967,M,2,Post-Graduate,Divorced,$120K +,Blue,43,2,5569,60,0.174
711342483,Existing Customer,1971,M,1,College,Married,$80K - $120K,Blue,36,2,2418,58,0.711
720242733,Existing Customer,1976,M,4,Unknown,Single,Less than $40K,Blue,36,2,1963,75,0.789
721213833,Existing Customer,1975,F,2,High School,Unknown,Unknown,Blue,32,1,7966,75,0.179
756624183,Existing Customer,1970,F,3,Graduate,Married,Less than $40K,Blue,44,1,7742,69,0.261
717622308,Existing Customer,1958,F,0,High School,Single,Less than $40K,Blue,36,3,2074,75,0.814
714629358,Attrited Customer,1967,F,3,Graduate,Divorced,$40K - $60K,Blue,34,3,4948,41,0
744307008,Existing Customer,1970,M,1,Uneducated,Married,$60K - $80K,Blue,44,2,4988,74,0
708871158,Existing Customer,1961,M,1,Graduate,Single,$60K - $80K,Silver,42,3,28701,57,0
710979033,Existing Customer,1991,M,0,Unknown,Single,$40K - $60K,Blue,20,1,6607,73,0.381
818903583,Existing Customer,1977,M,5,Uneducated,Divorced,$60K - $80K,Blue,39,2,16034,59,0.1
712980333,Existing Customer,1988,M,3,Graduate,Divorced,$60K - $80K,Blue,36,3,24149,66,0.077
717655458,Existing Customer,1981,F,2,Uneducated,Unknown,$40K - $60K,Silver,28,3,16903,61,0.089
822112383,Existing Customer,1969,M,3,College,Married,$60K - $80K,Blue,48,1,1438.3,73,0
711538758,Attrited Customer,1982,M,5,Graduate,Single,$60K - $80K,Blue,36,3,24657,46,0.026
719987733,Attrited Customer,1970,F,3,Unknown,Single,$40K - $60K,Blue,38,3,5026,37,0
719184783,Existing Customer,1970,F,1,Graduate,Single,Unknown,Blue,41,2,9352,71,0.153
715857183,Existing Customer,1975,M,2,College,Single,$60K - $80K,Blue,36,3,4939,43,0.262
719657583,Attrited Customer,1977,M,3,Graduate,Married,$40K - $60K,Blue,40,2,9502,57,0.259
789713208,Attrited Customer,1959,F,0,Doctorate,Single,Less than $40K,Blue,50,3,2936,29,0.111
802031583,Existing Customer,1968,M,2,Uneducated,Single,$80K - $120K,Blue,47,1,22855,83,0
711529383,Existing Customer,1974,F,3,Graduate,Married,$40K - $60K,Blue,41,1,6602,73,0.185
715371108,Attrited Customer,1976,M,3,Graduate,Married,$80K - $120K,Blue,40,3,3728,42,0
712988958,Existing Customer,1979,M,4,Graduate,Single,$60K - $80K,Blue,33,2,2021,62,0.857
713005908,Existing Customer,1974,F,2,Graduate,Married,$40K - $60K,Blue,36,2,2255,83,0.769
712236483,Existing Customer,1980,F,2,Graduate,Single,Less than $40K,Gold,36,3,15704,71,0.127
711852783,Existing Customer,1975,M,2,Unknown,Married,$60K - $80K,Blue,36,2,5746,56,0.274
780056733,Existing Customer,1985,M,3,Unknown,Single,$40K - $60K,Blue,22,6,8436,63,0.298
796903083,Attrited Customer,1974,F,1,Doctorate,Married,$40K - $60K,Blue,36,3,1438.3,42,0
716014983,Existing Customer,1965,F,3,High School,Single,Less than $40K,Blue,48,5,8340,77,0.228
712521783,Existing Customer,1967,M,3,Graduate,Unknown,$80K - $120K,Blue,47,2,15108,65,0.085
780045708,Existing Customer,1979,F,3,Graduate,Single,$40K - $60K,Silver,26,2,15104,79,0.08
719488008,Existing Customer,1982,F,1,Graduate,Married,Less than $40K,Blue,36,3,2490,34,0.514
771575058,Existing Customer,1976,M,1,Graduate,Married,Less than $40K,Blue,33,3,2009,55,0.893
772137183,Attrited Customer,1969,M,2,Graduate,Single,$120K +,Blue,41,3,31668,36,0.026
779709033,Existing Customer,1975,M,4,Unknown,Married,$60K - $80K,Blue,29,3,5735,75,0.42
709716258,Existing Customer,1973,M,3,High School,Unknown,$80K - $120K,Blue,36,1,7633,58,0.224
737986083,Existing Customer,1975,M,3,High School,Single,$60K - $80K,Blue,39,1,23642,54,0.087
713343333,Existing Customer,1979,M,3,Unknown,Married,$40K - $60K,Blue,29,3,6698,77,0.198
779331558,Existing Customer,1976,F,2,Unknown,Single,Less than $40K,Blue,27,3,1438.3,59,0
714973758,Existing Customer,1971,F,3,Graduate,Single,Less than $40K,Blue,36,3,1438.3,25,0.697
718009158,Existing Customer,1971,F,3,Uneducated,Single,Less than $40K,Blue,41,2,2563,83,0.726
789597408,Existing Customer,1982,F,1,Post-Graduate,Single,$40K - $60K,Silver,32,2,17814,76,0
712165308,Existing Customer,1976,F,2,Doctorate,Single,Unknown,Blue,36,2,7738,61,0.122
821768658,Attrited Customer,1969,M,0,Unknown,Single,$120K +,Blue,48,5,13114,51,0.171
719341683,Existing Customer,1979,M,2,Unknown,Married,$120K +,Blue,31,2,34516,72,0.031
708637758,Existing Customer,1972,F,3,Graduate,Single,Unknown,Blue,37,3,17345,64,0.031
779974758,Existing Customer,1970,M,2,College,Single,$120K +,Blue,40,3,8706,54,0.1
821815458,Existing Customer,1973,M,3,High School,Single,$60K - $80K,Blue,44,1,19272,67,0.079
711708408,Existing Customer,1969,F,3,High School,Married,Unknown,Blue,43,3,4798,72,0
812449758,Attrited Customer,1978,M,3,High School,Single,$60K - $80K,Blue,38,3,12254,42,0
715682208,Existing Customer,1972,M,3,Doctorate,Married,$80K - $120K,Blue,36,1,9549,76,0
719914908,Existing Customer,1984,M,2,Uneducated,Divorced,Less than $40K,Silver,36,3,11568,44,0.16
714744783,Existing Customer,1973,F,3,Unknown,Married,Less than $40K,Blue,36,1,6197,67,0.197
710809833,Existing Customer,1981,M,3,Graduate,Married,$80K - $120K,Silver,27,1,34516,53,0
720942333,Existing Customer,1972,M,2,Unknown,Married,$40K - $60K,Blue,36,3,5137,52,0
709423158,Existing Customer,1975,M,4,Graduate,Single,$80K - $120K,Blue,26,3,1791,46,0.747
718307433,Existing Customer,1971,F,0,Graduate,Single,Less than $40K,Blue,36,1,7238,36,0.292
772607433,Existing Customer,1971,M,3,High School,Married,$80K - $120K,Blue,40,2,4514,59,0.447
801709308,Existing Customer,1977,F,4,Uneducated,Married,Unknown,Blue,38,1,5366,56,0.18
778502958,Existing Customer,1974,M,3,Unknown,Divorced,$60K - $80K,Silver,35,2,29812,50,0.068
806656083,Existing Customer,1973,F,2,Graduate,Married,$40K - $60K,Blue,43,2,9559,70,0.158
823635033,Existing Customer,1972,F,2,High School,Married,Less than $40K,Blue,45,2,8353,83,0.184
718739508,Existing Customer,1970,F,5,Unknown,Married,Less than $40K,Blue,39,2,5455,67,0.223
709272333,Existing Customer,1962,F,1,Uneducated,Unknown,Less than $40K,Blue,45,3,9899,73,0.204
721538883,Existing Customer,1976,M,4,Graduate,Single,$40K - $60K,Silver,37,3,15578,81,0
718835583,Existing Customer,1971,F,1,Graduate,Married,Unknown,Blue,41,2,15641,76,0.152
827970933,Existing Customer,1975,F,4,Graduate,Married,Less than $40K,Blue,42,2,3504,70,0.485
719888358,Existing Customer,1974,M,1,Unknown,Divorced,$80K - $120K,Blue,38,3,18432,58,0.077
717030633,Existing Customer,1975,M,4,College,Single,$60K - $80K,Blue,34,3,2369,51,0.593
815085708,Attrited Customer,1961,F,0,High School,Single,$40K - $60K,Blue,55,5,10882,46,0.231
716332533,Existing Customer,1983,F,3,Unknown,Unknown,$40K - $60K,Blue,36,1,3509,84,0.518
822964683,Existing Customer,1970,F,1,Graduate,Single,Less than $40K,Blue,47,3,2469,62,0.604
719335233,Existing Customer,1974,F,3,Uneducated,Married,Less than $40K,Silver,27,3,14335,75,0.065
779683683,Existing Customer,1974,M,3,High School,Single,$40K - $60K,Blue,31,3,4005,34,0.496
712653183,Existing Customer,1972,F,4,Unknown,Single,Less than $40K,Blue,36,1,1976,81,0.857
715485483,Attrited Customer,1982,F,5,Graduate,Married,Less than $40K,Blue,36,3,3664,44,0
788912658,Existing Customer,1977,F,2,Unknown,Married,Less than $40K,Blue,30,1,3734,62,0
711396483,Existing Customer,1981,M,2,Graduate,Single,$40K - $60K,Blue,36,2,6033,74,0
789220008,Existing Customer,1965,M,3,High School,Married,$80K - $120K,Blue,45,2,4531,27,0
716436483,Existing Customer,1976,F,3,Uneducated,Unknown,Less than $40K,Blue,36,4,6245,50,0
717661908,Existing Customer,1984,M,5,Doctorate,Single,$80K - $120K,Silver,36,1,34516,55,0
778459833,Existing Customer,1979,M,5,Graduate,Married,$60K - $80K,Blue,27,2,11880,42,0.17
769448658,Existing Customer,1978,F,2,Unknown,Married,Less than $40K,Blue,37,2,4188,69,0
820346133,Existing Customer,1962,F,2,Uneducated,Single,Less than $40K,Blue,54,1,9344,60,0.143
720119808,Existing Customer,1979,M,3,High School,Married,$80K - $120K,Blue,36,2,24126,52,0.039
721523658,Existing Customer,1975,M,5,High School,Unknown,$120K +,Blue,26,3,34516,77,0.022
711176133,Existing Customer,1993,M,0,High School,Single,Less than $40K,Blue,36,3,2295,82,0.442
794560833,Attrited Customer,1974,F,3,Graduate,Married,$40K - $60K,Blue,31,3,5496,34,0
718197108,Attrited Customer,1967,M,2,Graduate,Single,$80K - $120K,Blue,36,3,12342,37,0
713750583,Existing Customer,1966,F,1,College,Unknown,Less than $40K,Blue,36,2,1928,30,0.584
769576608,Existing Customer,1959,M,1,Uneducated,Single,$60K - $80K,Blue,49,1,12814,76,0.079
708626058,Existing Customer,1972,F,2,Uneducated,Married,Less than $40K,Blue,34,2,5242,68,0.279
710333883,Attrited Customer,1973,M,3,Graduate,Married,$60K - $80K,Blue,37,2,8808,42,0.044
715401633,Existing Customer,1978,F,3,Graduate,Single,Less than $40K,Blue,35,1,4469,38,0.448
755220783,Existing Customer,1970,M,1,Doctorate,Married,$80K - $120K,Blue,44,2,8031,77,0.145
789603183,Existing Customer,1973,M,4,High School,Unknown,$60K - $80K,Blue,41,1,9728,57,0
767564358,Existing Customer,1974,F,5,Doctorate,Married,$40K - $60K,Blue,40,1,4748,70,0.212
789744033,Existing Customer,1971,M,2,Graduate,Single,$80K - $120K,Blue,38,1,19999,69,0.05
709887483,Existing Customer,1965,M,2,Uneducated,Divorced,$40K - $60K,Blue,45,1,6331,69,0.224
779765058,Existing Customer,1978,M,2,Unknown,Single,$40K - $60K,Blue,31,1,9662,70,0.085
789177333,Attrited Customer,1974,F,2,Graduate,Married,Less than $40K,Blue,36,3,1693,40,0.643
717262833,Existing Customer,1972,F,3,Unknown,Married,Less than $40K,Blue,36,2,2964,69,0.689
714878508,Existing Customer,1973,F,2,High School,Single,Less than $40K,Blue,36,3,5483,49,0.098
711079308,Attrited Customer,1981,M,3,Graduate,Married,$60K - $80K,Blue,27,2,15186,33,0
794510358,Existing Customer,1980,M,3,Graduate,Married,$80K - $120K,Blue,26,3,33408,77,0
715033533,Existing Customer,1978,F,2,High School,Married,Less than $40K,Blue,37,2,3125,71,0.805
779400183,Existing Customer,1979,M,3,Graduate,Single,$60K - $80K,Blue,31,3,2934,55,0.858
716636808,Existing Customer,1982,M,3,Graduate,Single,$120K +,Blue,36,2,34516,55,0
708733983,Attrited Customer,1971,F,1,Doctorate,Single,$40K - $60K,Blue,36,3,5349,46,0.447
710521383,Existing Customer,1971,M,3,Uneducated,Single,$80K - $120K,Blue,38,2,9810,41,0.187
720075558,Existing Customer,1971,M,4,College,Married,$120K +,Blue,36,1,7084,66,0
716468658,Existing Customer,1970,F,2,Unknown,Single,Less than $40K,Blue,36,1,3537,80,0
717569283,Existing Customer,1974,M,5,Doctorate,Single,Less than $40K,Blue,36,1,8896,70,0.15
787491483,Existing Customer,1980,M,3,Unknown,Divorced,$80K - $120K,Blue,29,2,30733,80,0.038
779995833,Existing Customer,1972,M,0,Unknown,Married,$60K - $80K,Blue,39,2,10177,64,0.172
714215058,Existing Customer,1979,F,3,High School,Married,Less than $40K,Blue,33,2,6848,82,0
789407958,Existing Customer,1979,M,1,Graduate,Married,$60K - $80K,Blue,33,2,17165,62,0.067
715118058,Existing Customer,1976,M,3,Graduate,Married,$80K - $120K,Blue,36,3,20274,66,0.104
713672208,Existing Customer,1971,M,1,Doctorate,Divorced,$60K - $80K,Blue,33,5,19939,76,0
720865383,Existing Customer,1968,M,3,Graduate,Single,$120K +,Blue,45,3,3378,50,0.548
713701533,Existing Customer,1970,M,2,Unknown,Married,$80K - $120K,Blue,39,3,9773,71,0.204
778895883,Existing Customer,1971,F,1,Unknown,Married,Unknown,Blue,31,3,3668,76,0
719655258,Existing Customer,1957,M,0,Graduate,Single,Less than $40K,Blue,36,2,3196,72,0
711205758,Attrited Customer,1976,M,3,College,Single,$80K - $120K,Silver,33,3,34516,43,0
806264958,Existing Customer,1969,F,2,High School,Single,Less than $40K,Blue,47,2,7030,69,0.141
714659133,Attrited Customer,1974,M,5,High School,Married,$80K - $120K,Blue,37,2,9410,41,0
716425833,Attrited Customer,1983,M,2,Graduate,Single,$120K +,Blue,36,2,34516,35,0.036
712166583,Existing Customer,1976,F,0,Graduate,Married,Less than $40K,Blue,38,3,4096,66,0.358
713124558,Existing Customer,1978,F,2,Graduate,Married,Unknown,Blue,34,1,7210,75,0.108
714048783,Existing Customer,1964,M,2,High School,Single,$80K - $120K,Blue,36,3,8026,72,0.274
708784908,Existing Customer,1974,F,3,Graduate,Unknown,Unknown,Blue,34,1,18064,88,0.113
714332658,Existing Customer,1979,F,3,Graduate,Single,Less than $40K,Blue,35,2,5596,65,0.194
719169783,Existing Customer,1969,F,2,Uneducated,Married,Less than $40K,Blue,43,3,6897,57,0.093
718270833,Existing Customer,1973,F,3,Post-Graduate,Married,Less than $40K,Silver,40,3,13991,74,0.113
721268133,Existing Customer,1977,M,3,Post-Graduate,Married,$40K - $60K,Blue,36,2,11366,70,0.186
795343683,Existing Customer,1981,F,3,High School,Single,Less than $40K,Blue,34,1,1707,76,0.579
715611933,Existing Customer,1971,F,4,Doctorate,Married,Unknown,Blue,38,4,23692,62,0.101
711184983,Existing Customer,1980,M,5,Unknown,Unknown,$80K - $120K,Blue,29,2,11191,73,0
779601783,Existing Customer,1979,F,5,College,Married,Less than $40K,Blue,31,1,3476,88,0.201
784263558,Existing Customer,1978,M,2,Uneducated,Single,$60K - $80K,Silver,37,3,27781,61,0
720795858,Existing Customer,1977,M,4,Graduate,Single,$60K - $80K,Blue,25,3,10534,72,0
756629133,Existing Customer,1960,F,1,Graduate,Single,Less than $40K,Blue,54,2,2721,37,0
714387108,Existing Customer,1970,M,3,Graduate,Single,$80K - $120K,Blue,43,2,10458,51,0
712164333,Attrited Customer,1981,M,4,High School,Married,$60K - $80K,Blue,29,3,12544,51,0.13
714429258,Existing Customer,1975,M,5,Doctorate,Single,$60K - $80K,Blue,39,3,11464,55,0
796791258,Existing Customer,1971,M,1,Uneducated,Married,$120K +,Blue,44,2,3104,76,0.577
711220683,Existing Customer,1973,M,1,Unknown,Married,$60K - $80K,Blue,36,1,11770,70,0.154
717582558,Existing Customer,1971,M,1,Graduate,Single,$120K +,Blue,40,2,34516,72,0.034
714779733,Existing Customer,1977,M,4,Unknown,Single,$60K - $80K,Blue,36,1,10998,33,0.144
817965858,Existing Customer,1979,F,4,Unknown,Married,Less than $40K,Blue,37,1,2757,69,0.647
717358158,Existing Customer,1975,M,3,Uneducated,Single,$60K - $80K,Blue,36,1,5489,64,0.217
720301458,Existing Customer,1969,M,1,High School,Single,$120K +,Blue,38,1,19709,64,0.098
826471458,Attrited Customer,1979,M,3,Graduate,Married,Less than $40K,Blue,38,3,6967,38,0.254
794579658,Existing Customer,1974,M,3,High School,Married,$80K - $120K,Blue,32,2,23424,73,0.107
717052158,Existing Customer,1982,M,3,High School,Single,$60K - $80K,Blue,32,2,21718,66,0.11
818311533,Existing Customer,1968,F,3,Uneducated,Single,Less than $40K,Blue,48,3,4908,65,0.291
716156508,Existing Customer,1969,M,2,High School,Single,$40K - $60K,Blue,36,1,1470,63,0
711191808,Existing Customer,1982,M,0,Graduate,Single,$80K - $120K,Gold,32,1,34516,82,0.052
712084383,Existing Customer,1958,M,1,Graduate,Single,Less than $40K,Blue,56,2,7936,81,0.262
788641758,Existing Customer,1968,M,4,College,Single,$60K - $80K,Blue,45,3,14366,66,0.062
788768883,Existing Customer,1967,F,0,Unknown,Single,$40K - $60K,Blue,35,1,9231,68,0.178
713277783,Existing Customer,1976,F,4,Uneducated,Married,$40K - $60K,Silver,36,2,18679,55,0.048
717451833,Existing Customer,1976,F,3,Uneducated,Divorced,Unknown,Blue,36,3,20356,67,0.124
712291308,Existing Customer,1969,F,1,Uneducated,Single,Unknown,Blue,40,1,2259,38,0.762
712852233,Existing Customer,1957,F,0,Graduate,Single,Less than $40K,Blue,53,3,6663,78,0.115
712312908,Existing Customer,1974,F,4,Unknown,Unknown,Less than $40K,Blue,34,2,2424,66,0
773457558,Existing Customer,1976,F,5,College,Single,$40K - $60K,Silver,39,2,15677,81,0.078
716194683,Existing Customer,1980,M,4,Graduate,Divorced,$40K - $60K,Blue,30,2,2334,48,0.488
720563058,Existing Customer,1965,F,3,College,Single,Unknown,Blue,43,1,1816,65,0.579
719502183,Existing Customer,1969,F,2,Graduate,Married,Less than $40K,Blue,36,1,4950,73,0.369
712287333,Existing Customer,1982,M,1,Uneducated,Single,$80K - $120K,Blue,30,1,34516,74,0.06
716944983,Existing Customer,1960,M,0,Uneducated,Married,$120K +,Blue,36,3,24172,27,0.104
718115733,Existing Customer,1964,M,1,Graduate,Married,$60K - $80K,Blue,36,1,9037,27,0.171
827691858,Existing Customer,1975,F,3,College,Single,Less than $40K,Blue,42,2,7616,52,0.164
716431833,Existing Customer,1983,M,2,Unknown,Divorced,$40K - $60K,Blue,28,3,11209,96,0.104
717265983,Existing Customer,1977,F,4,Uneducated,Divorced,Unknown,Blue,36,2,9908,80,0.209
769578858,Existing Customer,1981,M,2,Graduate,Married,$40K - $60K,Silver,33,3,18737,76,0
712815858,Existing Customer,1964,F,1,High School,Single,Less than $40K,Blue,45,2,5330,79,0
815851233,Attrited Customer,1969,M,3,High School,Single,$120K +,Blue,47,1,19032,42,0
779425608,Existing Customer,1971,F,1,Unknown,Single,Unknown,Blue,32,1,5916,75,0.166
811532208,Existing Customer,1970,M,4,Graduate,Married,$40K - $60K,Silver,46,5,16277,62,0.072
713896533,Existing Customer,1979,M,4,High School,Single,$60K - $80K,Blue,33,1,9442,63,0.089
712546233,Existing Customer,1970,F,3,Unknown,Single,Less than $40K,Blue,39,1,2990,76,0
772148058,Existing Customer,1976,M,3,Graduate,Unknown,$80K - $120K,Blue,34,6,2210,53,0.343
771776808,Attrited Customer,1977,M,4,Uneducated,Married,$40K - $60K,Blue,33,4,1527,38,0
715905633,Existing Customer,1976,M,1,Graduate,Single,$60K - $80K,Blue,36,1,6022,68,0.238
778282758,Existing Customer,1966,M,2,College,Divorced,$120K +,Blue,45,2,26729,69,0.039
717886008,Existing Customer,1958,M,1,High School,Single,Less than $40K,Blue,51,3,6102,67,0
709985133,Existing Customer,1988,F,2,Graduate,Divorced,Less than $40K,Blue,24,1,6803,47,0.337
709289358,Existing Customer,1975,M,3,Graduate,Single,$80K - $120K,Blue,38,1,8101,53,0.156
720457608,Existing Customer,1980,F,4,Graduate,Married,Less than $40K,Blue,36,1,4632,63,0
780612558,Existing Customer,1963,F,1,Graduate,Single,$40K - $60K,Blue,46,3,1996,55,0.927
714216033,Existing Customer,1970,M,3,Doctorate,Married,$120K +,Blue,42,1,11600,80,0.064
710577708,Existing Customer,1986,M,1,Unknown,Single,$40K - $60K,Blue,25,3,2657,59,0.746
719462433,Existing Customer,1979,F,5,Graduate,Single,Less than $40K,Blue,36,2,8464,92,0.118
769063308,Existing Customer,1976,M,3,Post-Graduate,Married,$80K - $120K,Blue,39,2,29003,36,0.08
715136583,Existing Customer,1970,M,3,High School,Single,$40K - $60K,Blue,36,3,5000,81,0.188
710915358,Existing Customer,1958,F,0,College,Single,Unknown,Blue,55,1,14963,58,0.108
709841433,Existing Customer,1976,F,2,Graduate,Divorced,Less than $40K,Blue,33,3,3855,83,0.308
710509758,Existing Customer,1985,M,4,College,Single,$120K +,Blue,36,3,28200,64,0.027
720527058,Existing Customer,1982,F,1,Graduate,Single,Less than $40K,Blue,24,3,2310,74,0.565
711787383,Existing Customer,1969,F,2,High School,Single,Less than $40K,Blue,40,1,1960,64,0.729
715824108,Existing Customer,1969,F,1,Graduate,Married,Less than $40K,Blue,38,1,3773,75,0.342
719474583,Existing Customer,1971,M,1,Graduate,Married,$80K - $120K,Blue,30,2,9771,53,0.182
719282433,Existing Customer,1961,F,0,Graduate,Single,Unknown,Blue,48,3,6417,71,0.214
772669833,Existing Customer,1978,M,3,Post-Graduate,Single,$60K - $80K,Blue,33,3,16037,70,0
789365508,Attrited Customer,1972,M,2,High School,Divorced,$40K - $60K,Blue,39,3,14839,26,0.035
806641683,Existing Customer,1977,M,3,Uneducated,Married,$80K - $120K,Silver,39,2,34516,70,0.042
805534608,Existing Customer,1967,F,2,College,Single,$40K - $60K,Blue,49,3,8769,60,0.15
781117533,Existing Customer,1971,M,1,Unknown,Married,$120K +,Blue,36,3,20968,61,0
710294808,Existing Customer,1977,M,3,High School,Married,$60K - $80K,Blue,36,1,2188,67,0.567
718788258,Existing Customer,1969,M,5,Unknown,Married,$80K - $120K,Blue,40,3,30314,82,0.026
716404383,Attrited Customer,1974,F,2,Graduate,Married,Unknown,Blue,36,3,18799,52,0.134
824795358,Existing Customer,1972,F,3,High School,Married,Less than $40K,Blue,45,3,1638,70,0.634
715196508,Existing Customer,1976,M,3,Graduate,Married,$40K - $60K,Blue,35,3,3538,74,0
779051808,Existing Customer,1986,F,1,Graduate,Single,$40K - $60K,Blue,16,2,2546,75,0.529
720695583,Existing Customer,1956,M,1,Graduate,Single,Unknown,Blue,53,2,10775,70,0.166
826414083,Existing Customer,1974,F,4,Unknown,Married,$40K - $60K,Blue,43,3,4798,79,0.212
708426483,Existing Customer,1965,F,2,Graduate,Single,Less than $40K,Blue,36,6,5816,73,0.123
787472283,Existing Customer,1972,M,2,Graduate,Married,$80K - $120K,Blue,36,2,20533,78,0.064
716948283,Existing Customer,1963,M,1,College,Single,$80K - $120K,Blue,49,3,9890,69,0
778375458,Existing Customer,1969,M,3,Graduate,Married,$80K - $120K,Blue,32,3,30820,75,0.056
718504983,Existing Customer,1976,F,2,Graduate,Married,Less than $40K,Blue,37,2,6091,60,0
709625733,Existing Customer,1971,M,2,High School,Single,$60K - $80K,Blue,40,2,9690,64,0.115
719357058,Existing Customer,1959,F,2,Doctorate,Single,$40K - $60K,Blue,56,3,6797,70,0.21
709626858,Existing Customer,1977,F,3,High School,Married,Less than $40K,Blue,31,3,4985,61,0.277
711843708,Attrited Customer,1960,F,0,Graduate,Divorced,Less than $40K,Blue,36,3,2125,38,0
711349083,Existing Customer,1974,F,4,Doctorate,Married,Less than $40K,Blue,28,2,4012,60,0
721462458,Existing Customer,1969,F,3,High School,Married,Unknown,Blue,42,2,23858,69,0.049
780833058,Existing Customer,1975,M,2,High School,Married,$40K - $60K,Blue,32,3,2619,60,0.867
769962933,Existing Customer,1981,F,3,Graduate,Single,Less than $40K,Blue,34,1,6728,75,0.177
719095533,Existing Customer,1974,F,4,Uneducated,Married,$40K - $60K,Blue,39,3,2680,58,0.616
709718058,Existing Customer,1969,F,4,Uneducated,Single,Less than $40K,Blue,36,1,2936,78,0.743
819151083,Existing Customer,1975,M,5,High School,Single,$60K - $80K,Blue,41,3,7478,79,0.237
770778108,Existing Customer,1972,M,4,Post-Graduate,Married,$60K - $80K,Blue,35,2,2527,68,0.562
718877883,Attrited Customer,1977,F,3,Unknown,Single,Less than $40K,Blue,36,1,5644,44,0.446
710376708,Existing Customer,1971,F,5,Uneducated,Single,Less than $40K,Blue,33,3,2837,54,0.485
718366983,Existing Customer,1981,M,3,Graduate,Married,$80K - $120K,Blue,31,2,18584,64,0.132
719604858,Attrited Customer,1976,F,3,Unknown,Married,Less than $40K,Blue,31,3,5941,37,0
714549558,Attrited Customer,1980,F,2,Graduate,Married,$40K - $60K,Blue,32,2,9576,49,0
822955008,Attrited Customer,1958,M,1,Graduate,Single,$60K - $80K,Blue,56,3,9569,49,0
712986483,Existing Customer,1989,M,3,College,Unknown,$80K - $120K,Blue,36,5,15412,73,0
779597133,Existing Customer,1966,M,1,Graduate,Single,$80K - $120K,Blue,44,3,2663,81,0.67
758426583,Existing Customer,1970,F,2,Post-Graduate,Married,Less than $40K,Blue,44,3,1438.3,72,0.717
716805408,Existing Customer,1969,M,3,Doctorate,Married,$60K - $80K,Blue,40,2,5376,74,0.15
711275433,Attrited Customer,1974,M,4,Uneducated,Unknown,Unknown,Blue,36,3,18873,38,0
778968408,Existing Customer,1982,M,2,Doctorate,Single,$60K - $80K,Blue,27,1,5341,47,0
827117808,Attrited Customer,1976,M,1,Graduate,Single,$60K - $80K,Blue,41,3,9904,28,0.254
804462633,Attrited Customer,1978,F,3,High School,Divorced,Less than $40K,Blue,38,3,7084,44,0
709321908,Attrited Customer,1974,M,3,High School,Single,$80K - $120K,Blue,29,2,7498,51,0.309
714907908,Existing Customer,1970,F,0,High School,Married,$40K - $60K,Blue,40,2,5450,77,0.307
818336508,Existing Customer,1971,M,2,Unknown,Single,$120K +,Blue,45,2,32719,60,0.05
712597233,Attrited Customer,1984,M,2,Uneducated,Unknown,$40K - $60K,Blue,36,3,3250,32,0.53
711964533,Existing Customer,1977,M,3,College,Married,$40K - $60K,Blue,36,3,6111,68,0.412
716705433,Existing Customer,1959,F,1,Uneducated,Unknown,Less than $40K,Silver,36,1,12590,78,0.074
717983058,Existing Customer,1980,F,3,Graduate,Married,$40K - $60K,Blue,29,1,1982,58,0.539
709587783,Existing Customer,1982,M,4,Post-Graduate,Single,$60K - $80K,Silver,36,3,25133,73,0
709804533,Existing Customer,1981,M,4,Uneducated,Single,$120K +,Blue,34,1,17818,74,0.081
712076358,Existing Customer,1975,M,3,High School,Single,$120K +,Blue,34,3,5155,57,0.168
711670308,Existing Customer,1970,F,3,Unknown,Married,Less than $40K,Blue,30,2,6006,65,0.262
720717108,Existing Customer,1957,M,1,Uneducated,Single,Unknown,Blue,51,3,2571,59,0.471
784789758,Existing Customer,1981,M,2,Unknown,Married,$60K - $80K,Blue,34,3,3269,74,0.49
779689233,Existing Customer,1971,M,3,Graduate,Single,$40K - $60K,Blue,33,1,2798,69,0.461
788792583,Existing Customer,1977,F,3,Unknown,Single,$40K - $60K,Blue,26,3,7277,71,0
710657508,Existing Customer,1989,M,0,College,Unknown,Less than $40K,Blue,36,3,3788,65,0.35
716393958,Existing Customer,1978,M,3,High School,Single,$80K - $120K,Blue,34,2,28262,66,0.052
770708133,Existing Customer,1974,F,5,High School,Single,Less than $40K,Blue,33,2,2169,64,0.613
766131033,Existing Customer,1978,F,4,Graduate,Married,Less than $40K,Blue,29,3,3767,60,0.259
719816583,Attrited Customer,1975,M,3,Doctorate,Married,$120K +,Blue,38,2,8989,49,0.061
715376508,Existing Customer,1974,F,5,Graduate,Married,Less than $40K,Blue,42,5,2838,65,0.887
709300458,Existing Customer,1973,M,1,Graduate,Unknown,Less than $40K,Blue,43,3,7199,73,0.143
778340733,Existing Customer,1977,F,3,College,Married,$40K - $60K,Blue,24,1,8495,31,0.181
708195633,Existing Customer,1981,M,2,High School,Unknown,$80K - $120K,Silver,32,2,34516,54,0.034
714729933,Existing Customer,1975,M,2,Unknown,Married,$80K - $120K,Blue,36,1,14164,59,0.108
794514108,Existing Customer,1971,F,2,Unknown,Married,Unknown,Blue,31,2,3604,65,0
812501358,Existing Customer,1975,F,4,Post-Graduate,Divorced,Less than $40K,Blue,41,1,1752,76,0.349
718961208,Existing Customer,1978,F,3,College,Single,Less than $40K,Blue,32,3,4204,85,0
814459833,Existing Customer,1979,F,3,Graduate,Single,Less than $40K,Blue,37,3,8017,55,0
720363258,Existing Customer,1978,F,4,Graduate,Married,Less than $40K,Blue,29,3,2778,75,0.59
714496083,Existing Customer,1970,M,3,Unknown,Single,$60K - $80K,Blue,43,2,6649,28,0.268
713004933,Attrited Customer,1981,M,3,High School,Married,$60K - $80K,Blue,27,2,6813,51,0.342
712011633,Existing Customer,1981,F,2,Doctorate,Single,$40K - $60K,Blue,36,1,2797,64,0.304
772466508,Attrited Customer,1976,M,3,Unknown,Single,$60K - $80K,Blue,35,2,18004,45,0.14
708225483,Existing Customer,1974,M,4,Graduate,Married,$80K - $120K,Blue,36,2,11242,81,0.139
788923758,Existing Customer,1995,F,1,High School,Unknown,Unknown,Blue,13,1,10693,76,0.235
789150633,Existing Customer,1971,F,3,Graduate,Married,Less than $40K,Blue,38,3,3026,58,0.624
710809083,Existing Customer,1984,F,4,College,Married,Less than $40K,Blue,36,3,1438.3,58,0.547
787669233,Existing Customer,1970,M,2,Doctorate,Single,$80K - $120K,Blue,41,3,34516,76,0.03
708119658,Existing Customer,1972,F,4,Graduate,Married,$40K - $60K,Blue,38,2,12836,53,0.081
737921733,Attrited Customer,1959,F,1,Unknown,Single,Less than $40K,Blue,55,3,1892,34,0.848
765940683,Existing Customer,1984,M,3,Uneducated,Single,$80K - $120K,Blue,30,2,11277,56,0.155
719732433,Existing Customer,1967,M,2,Graduate,Single,$60K - $80K,Blue,36,3,12815,78,0.079
715491483,Existing Customer,1977,M,2,Graduate,Divorced,$120K +,Blue,36,2,24016,62,0
783381933,Existing Customer,1978,M,4,Uneducated,Married,$60K - $80K,Blue,37,1,3482,63,0.558
811554708,Existing Customer,1977,F,3,High School,Married,Unknown,Blue,38,6,26516,76,0.054
719536608,Existing Customer,1972,F,3,Graduate,Single,Less than $40K,Blue,36,5,2285,78,0.845
720753183,Existing Customer,1973,M,2,Post-Graduate,Married,$40K - $60K,Blue,36,3,9617,76,0.212
714505683,Existing Customer,1970,M,4,Uneducated,Divorced,$80K - $120K,Blue,38,3,34516,63,0
711942783,Existing Customer,1980,F,3,High School,Married,Less than $40K,Blue,28,1,2354,61,0.811
714031983,Existing Customer,1980,F,3,High School,Single,Less than $40K,Silver,36,1,11533,63,0.123
711372258,Existing Customer,1962,M,1,College,Single,$40K - $60K,Blue,51,2,5042,62,0.199
710825658,Existing Customer,1984,F,3,Uneducated,Single,Less than $40K,Blue,29,3,2584,78,0.625
716575758,Attrited Customer,1971,F,2,College,Unknown,Unknown,Blue,39,3,1438.3,41,0
714732183,Existing Customer,1974,M,4,Uneducated,Unknown,$40K - $60K,Blue,36,3,3402,65,0.472
714097683,Attrited Customer,1966,F,2,Graduate,Married,$40K - $60K,Blue,49,3,1809,44,0
720568083,Existing Customer,1981,M,2,Graduate,Divorced,$60K - $80K,Blue,36,2,8624,53,0
708121908,Attrited Customer,1973,M,4,Unknown,Married,$80K - $120K,Blue,36,3,22917,45,0
778710783,Existing Customer,1976,M,3,High School,Divorced,$80K - $120K,Blue,26,2,18410,83,0.053
713745783,Existing Customer,1992,F,0,Post-Graduate,Single,Unknown,Gold,36,1,34516,49,0.042
711043983,Existing Customer,1977,M,3,High School,Single,$80K - $120K,Blue,29,3,34516,67,0.036
716438433,Existing Customer,1980,M,1,Doctorate,Married,$80K - $120K,Blue,32,3,10130,66,0.143
709435533,Attrited Customer,1968,F,1,Unknown,Single,Less than $40K,Blue,41,3,3099,44,0
711080358,Existing Customer,1966,M,1,Unknown,Unknown,$120K +,Blue,46,1,19849,66,0.111
718677858,Existing Customer,1982,M,1,College,Married,Less than $40K,Blue,27,2,2283,72,0.461
720259308,Existing Customer,1982,M,3,High School,Single,$80K - $120K,Blue,30,3,6347,82,0.09
719346708,Existing Customer,1980,F,1,Unknown,Divorced,Less than $40K,Blue,30,2,2758,72,0.607
719874633,Attrited Customer,1977,M,1,High School,Unknown,$80K - $120K,Gold,36,2,34516,34,0
720286908,Existing Customer,1971,M,3,Uneducated,Married,$40K - $60K,Blue,40,2,3469,80,0
719168883,Attrited Customer,1976,F,5,Unknown,Single,Less than $40K,Blue,34,4,5155,45,0
789893808,Existing Customer,1969,M,3,Graduate,Divorced,$120K +,Silver,42,2,34516,38,0.036
772472208,Existing Customer,1971,M,1,Uneducated,Married,$60K - $80K,Blue,40,1,4092,48,0.243
710402508,Existing Customer,1969,M,0,Unknown,Married,$80K - $120K,Blue,36,3,4675,69,0
710218233,Existing Customer,1978,F,3,High School,Single,$40K - $60K,Blue,35,3,2297,65,0.455
714212358,Attrited Customer,1983,F,3,High School,Single,Unknown,Blue,36,3,5260,57,0.324
812956983,Existing Customer,1970,M,3,Graduate,Married,$80K - $120K,Blue,46,3,3458,59,0.575
780241758,Existing Customer,1962,M,1,High School,Single,$60K - $80K,Blue,45,2,3943,59,0.638
711580908,Existing Customer,1969,F,3,Unknown,Single,$40K - $60K,Blue,42,3,3028,81,0.746
712835433,Existing Customer,1972,F,3,Uneducated,Married,Unknown,Blue,36,3,1438.3,73,0
716461683,Existing Customer,1974,F,3,Uneducated,Married,Less than $40K,Silver,36,3,11884,72,0.113
713617608,Existing Customer,1978,M,3,Unknown,Married,$120K +,Silver,33,2,34516,79,0.053
714622833,Existing Customer,1974,M,3,Uneducated,Single,$80K - $120K,Blue,36,3,26058,58,0.064
712115958,Existing Customer,1974,F,3,Uneducated,Single,Less than $40K,Blue,38,3,2808,74,0.806
712033833,Existing Customer,1979,F,4,Unknown,Unknown,Less than $40K,Blue,34,3,1874,70,0.716
714548733,Existing Customer,1986,M,0,College,Single,$80K - $120K,Silver,16,3,34516,64,0
719523108,Existing Customer,1960,M,0,Post-Graduate,Single,$60K - $80K,Blue,36,2,11236,80,0.051
710881008,Existing Customer,1979,M,3,High School,Single,$80K - $120K,Blue,29,1,6380,66,0.194
715098333,Existing Customer,1969,M,2,High School,Single,$120K +,Blue,43,2,34516,82,0.022
708211383,Existing Customer,1986,F,3,Graduate,Single,Less than $40K,Blue,27,3,2664,74,0
715054683,Existing Customer,1971,M,2,Uneducated,Single,$80K - $120K,Blue,42,3,1645,60,0
710670633,Existing Customer,1981,M,4,High School,Married,$60K - $80K,Blue,36,3,5797,33,0.307
784560258,Existing Customer,1976,M,1,Uneducated,Divorced,$60K - $80K,Blue,39,2,21721,63,0.057
710871108,Existing Customer,1976,M,5,Uneducated,Divorced,$60K - $80K,Silver,36,2,31756,70,0.046
787770858,Existing Customer,1978,M,4,Graduate,Single,$80K - $120K,Blue,32,2,8333,81,0.093
721104708,Attrited Customer,1980,F,3,Post-Graduate,Single,Less than $40K,Blue,36,3,2067,41,0.951
717461283,Attrited Customer,1983,F,2,Graduate,Single,Unknown,Blue,24,2,2214,45,0.257
803028858,Attrited Customer,1983,F,2,Graduate,Single,Less than $40K,Blue,32,3,3775,36,0
716628633,Existing Customer,1980,M,4,Uneducated,Single,$80K - $120K,Blue,33,3,4388,74,0.346
813380058,Existing Customer,1957,F,0,Graduate,Single,Unknown,Blue,56,2,4100,51,0.21
770135358,Existing Customer,1975,F,1,Graduate,Married,Less than $40K,Blue,40,2,5157,77,0.288
719301258,Existing Customer,1960,M,0,Post-Graduate,Single,$40K - $60K,Silver,42,3,15939,68,0
711340233,Existing Customer,1975,F,0,Graduate,Single,Unknown,Blue,34,1,9216,78,0.223
710002833,Existing Customer,1989,F,1,High School,Married,Unknown,Blue,22,2,3413,71,0.737
808705758,Existing Customer,1978,M,3,Unknown,Unknown,$80K - $120K,Blue,38,2,20348,27,0.085
710839308,Existing Customer,1987,F,2,High School,Single,Less than $40K,Blue,21,1,5015,77,0.333
768687183,Existing Customer,1967,F,1,College,Single,Less than $40K,Blue,48,1,2440,53,0.444
720541758,Existing Customer,1976,F,4,College,Divorced,Less than $40K,Blue,39,1,4948,64,0.334
712263258,Existing Customer,1972,F,2,Uneducated,Married,Less than $40K,Blue,38,3,2468,62,0
712751133,Attrited Customer,1979,M,3,Doctorate,Single,$60K - $80K,Blue,35,3,11328,42,0.121
779662308,Existing Customer,1972,F,2,Unknown,Married,Less than $40K,Blue,32,1,1438.3,80,0.494
719260608,Existing Customer,1983,M,3,Uneducated,Single,$60K - $80K,Silver,31,3,34516,53,0.045
803319633,Existing Customer,1970,F,2,High School,Married,Less than $40K,Blue,45,3,3183,81,0.427
708170508,Attrited Customer,1983,M,2,Graduate,Married,$60K - $80K,Blue,36,3,1438.3,42,0
711891933,Existing Customer,1974,M,3,High School,Married,$80K - $120K,Blue,40,3,12945,59,0.122
802875333,Existing Customer,1970,M,1,High School,Single,$60K - $80K,Blue,45,3,2458,54,0
719991783,Existing Customer,1981,M,2,High School,Married,$80K - $120K,Silver,36,3,34516,67,0.063
745435533,Existing Customer,1977,M,2,Unknown,Married,$80K - $120K,Blue,37,1,2617,70,0.962
718063083,Existing Customer,1981,M,2,Graduate,Married,$40K - $60K,Blue,31,1,6500,82,0.312
710713608,Existing Customer,1961,M,0,Uneducated,Single,$80K - $120K,Blue,36,3,24528,67,0.098
720487308,Existing Customer,1972,M,1,High School,Unknown,$60K - $80K,Blue,38,3,15898,54,0
719770158,Attrited Customer,1967,F,3,Post-Graduate,Single,Less than $40K,Blue,49,4,8516,37,0
712283808,Existing Customer,1971,F,3,High School,Married,Less than $40K,Silver,40,2,10062,44,0.114
779737233,Existing Customer,1970,M,1,Graduate,Married,$60K - $80K,Blue,35,3,9589,66,0.065
751076058,Existing Customer,1977,F,4,Unknown,Married,Unknown,Blue,37,3,5826,73,0
736552308,Existing Customer,1973,F,4,Graduate,Married,Less than $40K,Blue,41,1,3521,65,0.191
720578058,Existing Customer,1968,M,4,Unknown,Single,$60K - $80K,Blue,42,3,8386,67,0.283
714932658,Existing Customer,1979,F,4,College,Single,Unknown,Blue,34,3,15449,81,0
804708633,Existing Customer,1977,F,3,Uneducated,Single,Less than $40K,Blue,39,2,7323,87,0
716271183,Attrited Customer,1976,F,2,Uneducated,Single,Less than $40K,Blue,37,2,8924,42,0
712442508,Existing Customer,1969,F,4,Post-Graduate,Married,Less than $40K,Blue,37,3,1438.3,70,0.544
719165508,Existing Customer,1973,F,3,Graduate,Married,$40K - $60K,Silver,40,3,18965,69,0.119
826467333,Existing Customer,1964,M,1,High School,Single,$80K - $120K,Blue,53,1,7976,74,0.073
721027083,Existing Customer,1974,F,4,Post-Graduate,Single,Unknown,Blue,36,1,3054,87,0.61
713764458,Existing Customer,1968,M,2,Graduate,Single,$120K +,Blue,36,2,10620,68,0.197
816261858,Attrited Customer,1960,M,0,Graduate,Single,$40K - $60K,Blue,56,5,3984,39,0.564
710850633,Existing Customer,1956,M,0,High School,Single,$40K - $60K,Blue,53,2,2507,67,0.643
805282908,Existing Customer,1978,M,5,Graduate,Unknown,$40K - $60K,Blue,38,3,7599,71,0.145
771246708,Existing Customer,1981,M,5,Graduate,Unknown,$120K +,Blue,27,2,31954,82,0.072
785119833,Existing Customer,1981,M,3,College,Divorced,$60K - $80K,Blue,34,3,19666,54,0.06
716780283,Existing Customer,1982,M,2,Uneducated,Single,$40K - $60K,Blue,19,3,6628,89,0.262
716546283,Existing Customer,1982,M,3,Graduate,Married,$60K - $80K,Blue,36,3,13049,72,0.072
721308033,Attrited Customer,1976,F,2,Post-Graduate,Single,Less than $40K,Blue,37,3,3036,42,0.829
779270883,Existing Customer,1973,M,4,High School,Married,$60K - $80K,Blue,30,3,16575,77,0
822061683,Existing Customer,1983,M,1,Graduate,Single,$60K - $80K,Blue,34,3,23391,85,0.085
710058033,Existing Customer,1970,M,0,Uneducated,Divorced,$120K +,Blue,41,1,23898,66,0
710678658,Existing Customer,1974,F,4,Unknown,Unknown,Less than $40K,Blue,36,3,4944,64,0.233
712943508,Existing Customer,1973,F,5,Graduate,Married,Less than $40K,Blue,36,3,6921,79,0.148
816263808,Existing Customer,1974,M,1,Graduate,Single,$80K - $120K,Blue,31,1,18026,56,0.042
714162033,Existing Customer,1976,F,3,Post-Graduate,Divorced,Less than $40K,Blue,28,4,5216,49,0.291
711238908,Existing Customer,1956,F,0,Uneducated,Single,Less than $40K,Blue,54,5,7699,62,0.228
713971608,Existing Customer,1972,M,4,Uneducated,Married,Less than $40K,Blue,39,1,7232,71,0.253
715193433,Existing Customer,1960,F,0,High School,Single,Unknown,Blue,51,2,8476,67,0
713111883,Existing Customer,1970,M,1,Unknown,Married,$120K +,Blue,31,1,25837,70,0.07
716911608,Existing Customer,1973,M,4,Graduate,Single,$80K - $120K,Blue,36,1,1536,71,0.662
822898758,Existing Customer,1977,F,5,Post-Graduate,Married,Less than $40K,Blue,40,3,4453,66,0.219
712085733,Existing Customer,1976,M,4,Graduate,Married,$120K +,Blue,36,2,34516,64,0.025
718583133,Existing Customer,1972,F,3,Graduate,Unknown,Less than $40K,Blue,39,2,4389,75,0.224
772095858,Existing Customer,1983,F,2,Graduate,Single,Unknown,Blue,27,2,13429,66,0.093
780074733,Existing Customer,1979,F,1,Doctorate,Married,Less than $40K,Blue,27,3,1840,72,0.851
710182383,Existing Customer,1977,M,3,Uneducated,Divorced,$80K - $120K,Blue,13,2,17846,77,0.088
713418558,Existing Customer,1975,F,3,Graduate,Divorced,Less than $40K,Blue,37,1,9013,71,0
715445883,Existing Customer,1981,F,2,Graduate,Married,Unknown,Blue,29,2,18862,86,0.112
718599108,Existing Customer,1971,F,3,Graduate,Married,Unknown,Blue,39,3,3230,64,0.363
711546333,Existing Customer,1975,M,3,Uneducated,Married,Less than $40K,Blue,38,3,7958,72,0.196
721513833,Existing Customer,1986,M,0,High School,Divorced,$40K - $60K,Blue,36,3,5619,72,0.268
771669183,Existing Customer,1972,M,1,Graduate,Married,$60K - $80K,Blue,37,1,4854,70,0.25
774760458,Attrited Customer,1959,F,1,High School,Unknown,$40K - $60K,Blue,56,5,3807,36,0.661
713453733,Existing Customer,1976,F,2,Uneducated,Single,$40K - $60K,Blue,37,1,2529,84,0.654
804415083,Attrited Customer,1976,M,3,Unknown,Married,$60K - $80K,Blue,40,5,4097,51,0.16
711419133,Existing Customer,1965,M,4,Graduate,Single,Less than $40K,Blue,36,2,3057,77,0.352
710691633,Existing Customer,1963,F,1,High School,Married,Less than $40K,Blue,43,1,1957,78,0.589
715008858,Existing Customer,1970,F,3,Unknown,Single,Less than $40K,Blue,41,1,2941,66,0.223
771424908,Attrited Customer,1983,M,2,Unknown,Unknown,$60K - $80K,Blue,26,2,11252,31,0.1
771215583,Existing Customer,1982,M,3,High School,Single,$60K - $80K,Blue,26,1,24534,60,0.06
711012783,Attrited Customer,1978,M,4,Graduate,Single,$120K +,Blue,36,3,33384,46,0
827408058,Existing Customer,1977,F,3,Graduate,Married,Less than $40K,Blue,40,2,2232,68,0.897
713904708,Existing Customer,1981,F,3,Graduate,Married,Less than $40K,Blue,36,1,7582,85,0.256
807596358,Existing Customer,1972,M,2,Uneducated,Married,$80K - $120K,Blue,44,2,13884,70,0.087
708788583,Attrited Customer,1957,F,1,College,Unknown,Less than $40K,Blue,56,1,6167,43,0
713446083,Existing Customer,1972,F,4,Uneducated,Unknown,Unknown,Blue,39,2,11545,65,0.15
717888108,Existing Customer,1974,F,3,Doctorate,Single,$40K - $60K,Blue,35,3,2872,62,0.876
819714408,Attrited Customer,1977,F,2,Graduate,Married,Unknown,Blue,39,3,5666,42,0.421
716853258,Existing Customer,1957,M,1,Graduate,Single,Less than $40K,Blue,45,3,4417,72,0
719455083,Existing Customer,1973,F,3,Uneducated,Single,Less than $40K,Blue,39,3,2991,64,0.504
779299233,Existing Customer,1969,F,3,Graduate,Single,Less than $40K,Silver,34,2,13109,73,0.105
771922008,Existing Customer,1964,F,2,Unknown,Single,Less than $40K,Blue,46,2,5443,64,0.347
708887433,Existing Customer,1956,M,0,Graduate,Single,Less than $40K,Blue,56,1,2717,59,0
713214558,Existing Customer,1969,M,2,Graduate,Married,$60K - $80K,Blue,41,3,2628,68,0.835
718038483,Existing Customer,1979,M,3,Uneducated,Single,$80K - $120K,Blue,35,1,16054,75,0
714053358,Existing Customer,1984,M,2,High School,Single,$40K - $60K,Blue,31,3,3216,81,0
713730933,Attrited Customer,1968,F,4,Graduate,Married,Less than $40K,Blue,36,3,1438.3,44,0
762775908,Existing Customer,1975,F,2,High School,Married,Unknown,Blue,39,1,12295,63,0.105
713181558,Existing Customer,1966,F,2,Doctorate,Married,Unknown,Blue,47,1,5794,73,0
713079108,Existing Customer,1970,F,0,Graduate,Married,Less than $40K,Blue,42,3,1858,72,0.498
804426858,Existing Customer,1986,F,1,Uneducated,Married,Less than $40K,Blue,30,2,2593,33,0.64
788379933,Existing Customer,1980,M,3,Doctorate,Single,$60K - $80K,Blue,34,3,12420,70,0
713740533,Existing Customer,1980,M,3,Graduate,Single,$60K - $80K,Blue,29,3,2775,52,0.6
712235433,Attrited Customer,1978,F,1,Graduate,Single,Less than $40K,Blue,36,3,2886,50,0
811705233,Existing Customer,1976,M,2,Unknown,Single,$40K - $60K,Blue,40,4,7037,71,0
714594933,Existing Customer,1977,F,2,Graduate,Divorced,Less than $40K,Blue,36,3,7065,65,0.14
714377058,Attrited Customer,1958,F,1,Unknown,Single,Less than $40K,Blue,36,3,1896,50,0
827114058,Existing Customer,1975,M,4,Post-Graduate,Married,$60K - $80K,Blue,42,2,11634,74,0
708654933,Attrited Customer,1970,F,2,Doctorate,Married,Less than $40K,Platinum,42,2,15987,46,0.012
720283758,Attrited Customer,1977,F,2,Uneducated,Married,Unknown,Blue,36,3,13735,43,0.126
801994458,Existing Customer,1963,M,1,Unknown,Single,$40K - $60K,Blue,52,2,3880,65,0.649
718834233,Existing Customer,1983,F,2,College,Single,Less than $40K,Blue,21,1,6899,71,0
719196858,Existing Customer,1971,M,2,Graduate,Married,$60K - $80K,Blue,39,1,6508,77,0.35
708451233,Existing Customer,1975,F,3,Graduate,Unknown,Less than $40K,Blue,36,3,5090,72,0.324
718735908,Attrited Customer,1974,M,4,Graduate,Single,$120K +,Blue,35,4,7015,51,0
789339633,Existing Customer,1970,M,2,Uneducated,Divorced,$120K +,Blue,41,2,30560,55,0
804833058,Attrited Customer,1972,M,3,Unknown,Single,$80K - $120K,Blue,44,3,4384,49,0
712542258,Existing Customer,1974,F,5,Unknown,Married,Less than $40K,Blue,40,1,2950,79,0.678
713639058,Attrited Customer,1972,M,3,High School,Married,$60K - $80K,Blue,34,3,1511,35,0
709560258,Attrited Customer,1972,F,3,Graduate,Single,Unknown,Blue,31,3,4946,38,0
718317258,Existing Customer,1967,F,3,Uneducated,Single,Less than $40K,Blue,47,3,7477,76,0.262
720362058,Attrited Customer,1964,M,2,Uneducated,Single,$60K - $80K,Silver,49,3,32182,46,0
712606158,Existing Customer,1974,M,4,Uneducated,Married,$60K - $80K,Blue,42,1,5715,63,0.212
713162358,Existing Customer,1972,F,4,Unknown,Single,$40K - $60K,Blue,36,3,9595,72,0.053
710673558,Existing Customer,1984,M,1,High School,Single,$60K - $80K,Blue,21,2,21952,70,0.073
710096658,Existing Customer,1976,F,3,Unknown,Married,Less than $40K,Blue,39,3,2606,42,0.759
721313808,Existing Customer,1971,M,1,Doctorate,Single,$80K - $120K,Blue,41,1,2826,73,0.616
778924158,Existing Customer,1976,F,2,High School,Single,Less than $40K,Blue,26,3,1438.3,77,0
719602908,Attrited Customer,1979,F,2,Post-Graduate,Single,$40K - $60K,Blue,34,3,5667,42,0.143
820383558,Existing Customer,1976,M,4,High School,Married,$80K - $120K,Blue,40,2,6366,58,0.211
717953283,Existing Customer,1980,M,3,Graduate,Married,$60K - $80K,Blue,31,2,2122,45,0.56
710327508,Existing Customer,1977,F,4,Uneducated,Single,Less than $40K,Blue,36,2,1687,87,0.765
785134758,Existing Customer,1980,M,2,College,Unknown,$80K - $120K,Blue,24,2,14320,77,0
811970808,Existing Customer,1968,F,0,Graduate,Single,Less than $40K,Blue,48,3,5972,65,0.316
718676283,Existing Customer,1978,F,2,Uneducated,Married,Less than $40K,Blue,34,2,8771,72,0.189
720439533,Existing Customer,1957,F,0,Uneducated,Single,Less than $40K,Blue,36,1,7112,73,0.191
793720908,Existing Customer,1975,M,5,Uneducated,Single,$40K - $60K,Blue,40,2,7333,48,0.119
708937608,Existing Customer,1984,F,4,High School,Single,Less than $40K,Blue,18,1,2001,66,0.683
769189083,Existing Customer,1975,F,2,Graduate,Single,Less than $40K,Blue,40,2,1438.3,85,0.444
713455233,Existing Customer,1973,M,3,Graduate,Married,$80K - $120K,Blue,37,2,34516,65,0.041
719563158,Existing Customer,1973,M,2,High School,Married,$40K - $60K,Blue,36,3,4207,75,0.457
753118533,Existing Customer,1983,F,2,Doctorate,Single,Less than $40K,Blue,31,3,1555,75,0.634
713265858,Existing Customer,1977,M,3,Graduate,Married,$120K +,Blue,32,2,34516,92,0.039
709713033,Attrited Customer,1966,M,1,College,Single,$80K - $120K,Blue,48,3,6846,35,0
711608958,Existing Customer,1971,M,1,Uneducated,Married,$40K - $60K,Blue,36,1,2071,74,0.5
708633783,Attrited Customer,1978,M,3,Uneducated,Single,$80K - $120K,Blue,30,2,11336,39,0
714532158,Existing Customer,1966,M,1,Doctorate,Single,$60K - $80K,Blue,36,3,15221,68,0.077
720950283,Attrited Customer,1974,M,3,High School,Married,$80K - $120K,Blue,34,3,21359,63,0
809797158,Existing Customer,1979,M,2,Uneducated,Single,$80K - $120K,Blue,37,3,19366,66,0.082
713692683,Existing Customer,1980,M,2,Uneducated,Married,$60K - $80K,Blue,13,2,2243,77,0.867
710748483,Existing Customer,1965,F,1,High School,Single,Less than $40K,Blue,43,2,2923,68,0.662
720868683,Existing Customer,1971,F,4,Uneducated,Single,$40K - $60K,Blue,22,2,7853,37,0.171
787532808,Existing Customer,1980,M,4,Post-Graduate,Married,$40K - $60K,Silver,30,3,16386,66,0.136
709453833,Existing Customer,1973,F,4,Graduate,Single,Unknown,Blue,40,2,11164,67,0.077
712114458,Existing Customer,1972,F,3,Uneducated,Married,Less than $40K,Blue,31,3,2960,64,0.62
811013658,Existing Customer,1980,M,2,High School,Married,$120K +,Blue,36,3,10816,68,0.081
789180933,Existing Customer,1984,F,3,High School,Single,Less than $40K,Blue,26,1,2917,67,0.76
717151383,Existing Customer,1977,F,1,Graduate,Married,Less than $40K,Blue,36,3,2568,85,0.624
712470033,Existing Customer,1977,F,3,College,Single,Less than $40K,Blue,30,3,4539,67,0.452
717840108,Attrited Customer,1973,M,4,Unknown,Married,$80K - $120K,Blue,41,3,4806,35,0.282
709131033,Existing Customer,1956,F,0,Graduate,Unknown,Unknown,Blue,36,3,2025,71,0.84
721506708,Existing Customer,1967,M,1,Uneducated,Unknown,$80K - $120K,Blue,46,1,6249,68,0.403
716039433,Existing Customer,1973,F,2,High School,Single,Less than $40K,Blue,35,6,1686,64,0.754
710874933,Existing Customer,1980,M,1,Graduate,Married,$80K - $120K,Blue,31,3,10239,40,0.217
794682483,Existing Customer,1978,F,3,Post-Graduate,Unknown,Less than $40K,Blue,23,3,4284,64,0.255
709229358,Existing Customer,1975,F,5,Uneducated,Single,Less than $40K,Blue,38,1,2601,80,0.617
772177308,Existing Customer,1974,F,2,Unknown,Unknown,Less than $40K,Blue,36,2,1738,62,0
715016508,Attrited Customer,1979,F,3,High School,Married,$40K - $60K,Blue,36,3,4527,37,0
716071233,Existing Customer,1979,M,0,High School,Unknown,$80K - $120K,Silver,35,2,34516,73,0.056
818308533,Existing Customer,1974,M,5,Post-Graduate,Married,Less than $40K,Blue,41,2,3532,56,0
711000933,Existing Customer,1971,F,2,Graduate,Single,Unknown,Blue,41,2,4846,61,0.514
760104333,Existing Customer,1978,F,3,Graduate,Married,Less than $40K,Silver,36,2,11392,63,0
718201383,Existing Customer,1972,M,1,College,Married,$60K - $80K,Blue,43,3,22036,48,0.071
779450958,Existing Customer,1978,F,4,Graduate,Married,Less than $40K,Blue,25,3,2772,88,0.643
717990183,Existing Customer,1969,M,4,Uneducated,Married,$80K - $120K,Blue,36,2,7474,79,0.327
721252683,Existing Customer,1981,M,5,Unknown,Married,$80K - $120K,Blue,33,2,34516,64,0.043
710505483,Existing Customer,1975,M,3,Uneducated,Married,$60K - $80K,Blue,36,3,11117,69,0
711587433,Existing Customer,1974,F,4,Graduate,Married,Unknown,Blue,33,3,10714,71,0.225
720964683,Existing Customer,1961,M,0,High School,Single,$40K - $60K,Blue,36,3,5420,60,0
711478233,Existing Customer,1983,F,1,Post-Graduate,Single,Less than $40K,Blue,26,1,2652,58,0.941
717096858,Existing Customer,1970,M,2,Doctorate,Single,$40K - $60K,Blue,40,3,6492,78,0.111
719739108,Existing Customer,1959,F,0,Graduate,Divorced,$40K - $60K,Blue,50,2,11352,56,0.222
717432933,Existing Customer,1969,F,5,Unknown,Single,Unknown,Blue,36,1,3167,76,0.438
721501308,Existing Customer,1980,M,3,High School,Single,Less than $40K,Blue,33,3,7015,70,0.131
714169083,Existing Customer,1973,M,4,Post-Graduate,Single,$120K +,Blue,38,2,34516,74,0.047
710194683,Existing Customer,1978,M,3,Graduate,Unknown,$80K - $120K,Blue,30,1,3244,39,0.697
715365183,Existing Customer,1970,F,1,College,Married,Less than $40K,Blue,42,2,2431,65,0
715448058,Existing Customer,1979,F,1,College,Married,Less than $40K,Blue,36,4,3050,50,0.598
779008158,Existing Customer,1967,F,4,Graduate,Single,Less than $40K,Blue,43,1,2191,71,0.755
712822758,Existing Customer,1969,F,3,Uneducated,Married,Less than $40K,Blue,33,3,5677,58,0.247
717466158,Existing Customer,1973,F,2,Doctorate,Married,Less than $40K,Blue,40,4,4176,62,0.299
798687258,Existing Customer,1981,M,4,Graduate,Married,Less than $40K,Blue,34,1,2577,62,0.703
717380133,Existing Customer,1956,M,0,High School,Single,$40K - $60K,Blue,36,4,3305,72,0.578
709693833,Existing Customer,1974,M,4,Graduate,Married,$60K - $80K,Blue,34,3,9261,44,0.173
804847308,Existing Customer,1957,F,0,Graduate,Single,$40K - $60K,Blue,56,2,1564,69,0
716321583,Existing Customer,1971,F,3,Unknown,Single,$40K - $60K,Blue,36,3,12740,55,0.092
712685733,Existing Customer,1964,F,3,Unknown,Single,Unknown,Silver,36,3,34516,68,0.049
781306758,Attrited Customer,1963,M,2,Uneducated,Single,$80K - $120K,Blue,52,2,3091,49,0.814
743912958,Existing Customer,1982,F,1,Graduate,Single,$40K - $60K,Blue,32,3,3812,65,0.289
712294083,Attrited Customer,1967,F,2,High School,Single,Unknown,Blue,44,3,3778,45,0
716630508,Existing Customer,1963,M,3,High School,Married,$120K +,Blue,50,2,12698,75,0.186
711334983,Attrited Customer,1980,F,3,High School,Married,Unknown,Blue,32,2,26229,46,0
717442758,Existing Customer,1970,F,4,High School,Married,$40K - $60K,Blue,43,3,8346,79,0.174
709137558,Existing Customer,1969,M,0,Uneducated,Unknown,$80K - $120K,Blue,36,4,5395,69,0.386
714366708,Existing Customer,1963,M,2,Unknown,Divorced,$60K - $80K,Blue,36,1,1490,85,0.717
711925608,Existing Customer,1979,M,4,Graduate,Divorced,$80K - $120K,Blue,35,2,18274,81,0.089
721202058,Existing Customer,1959,F,0,High School,Unknown,$40K - $60K,Blue,49,1,4409,61,0.178
716931183,Existing Customer,1976,M,5,Uneducated,Single,$80K - $120K,Blue,38,4,7560,68,0.104
800164083,Existing Customer,1968,M,1,Uneducated,Unknown,$120K +,Blue,47,2,20783,76,0.06
719682183,Existing Customer,1968,F,2,Unknown,Single,$40K - $60K,Blue,43,4,6188,43,0.407
710984133,Existing Customer,1971,M,3,Uneducated,Single,$120K +,Blue,36,3,27876,88,0.02
780307233,Existing Customer,1977,F,2,Post-Graduate,Married,Less than $40K,Blue,30,2,1924,58,0.765
716434533,Attrited Customer,1981,M,3,High School,Married,$80K - $120K,Blue,36,3,29149,56,0
828215508,Attrited Customer,1966,F,2,Graduate,Unknown,Less than $40K,Blue,50,4,1438.3,33,0
716138958,Existing Customer,1971,F,1,Uneducated,Married,Less than $40K,Blue,33,4,3160,68,0.373
709276908,Existing Customer,1983,F,2,High School,Single,$40K - $60K,Blue,25,2,1438.3,75,0
815767983,Existing Customer,1976,M,0,Graduate,Married,$60K - $80K,Blue,40,3,1438.3,66,0
712812408,Attrited Customer,1981,F,3,Unknown,Married,Less than $40K,Blue,28,3,1535,41,0
712403358,Existing Customer,1966,F,2,College,Single,$40K - $60K,Blue,35,4,1438.3,76,0.484
717826308,Existing Customer,1972,F,5,Uneducated,Married,Less than $40K,Blue,36,2,2331,66,0.771
753443583,Existing Customer,1978,F,1,High School,Single,$40K - $60K,Blue,36,2,8156,73,0
721428333,Existing Customer,1974,F,3,Unknown,Unknown,Less than $40K,Blue,34,2,8109,77,0.067
719910333,Existing Customer,1978,F,3,Unknown,Unknown,Less than $40K,Blue,36,4,5853,80,0.203
713585958,Attrited Customer,1973,F,4,College,Married,Less than $40K,Blue,36,3,5997,42,0
712866933,Existing Customer,1970,M,2,Graduate,Married,$60K - $80K,Blue,32,3,10824,73,0
719219883,Existing Customer,1974,M,2,Uneducated,Married,$60K - $80K,Blue,36,1,9300,67,0.083
779170008,Existing Customer,1970,F,2,High School,Single,$40K - $60K,Blue,32,1,5351,78,0
779727558,Existing Customer,1972,F,4,College,Single,Less than $40K,Blue,33,2,2097,71,0.596
714373308,Existing Customer,1968,F,1,Graduate,Single,Less than $40K,Blue,46,4,2266,66,0
715000383,Existing Customer,1966,M,3,Uneducated,Single,$80K - $120K,Blue,46,2,13598,76,0.063
710493558,Attrited Customer,1975,F,1,Post-Graduate,Married,$40K - $60K,Blue,38,2,1803,37,0
778839108,Existing Customer,1971,F,3,High School,Married,Less than $40K,Blue,31,1,6292,74,0
715548183,Existing Customer,1956,M,1,Graduate,Single,Unknown,Blue,56,3,23566,79,0.071
712545183,Existing Customer,1970,F,4,Uneducated,Single,Less than $40K,Blue,37,4,1765,66,0.842
779032308,Existing Customer,1975,M,3,High School,Married,$80K - $120K,Blue,27,2,4964,66,0.467
721500108,Existing Customer,1979,M,1,Graduate,Unknown,$60K - $80K,Blue,32,3,3741,55,0
713389233,Existing Customer,1972,F,3,High School,Single,Unknown,Silver,36,2,31631,58,0
718811058,Existing Customer,1981,M,3,Unknown,Married,$80K - $120K,Blue,36,2,5014,66,0.376
717084708,Existing Customer,1976,F,4,High School,Married,Less than $40K,Blue,34,4,2484,68,0.621
778247358,Existing Customer,1956,M,1,Graduate,Single,Less than $40K,Blue,56,3,7636,67,0
710702733,Existing Customer,1975,M,4,Graduate,Single,$80K - $120K,Blue,35,3,11096,69,0
815240358,Existing Customer,1974,F,3,Uneducated,Married,Unknown,Blue,42,1,25027,62,0.06
715165758,Existing Customer,1977,M,3,Post-Graduate,Married,$120K +,Blue,35,4,27391,56,0.021
827964858,Attrited Customer,1963,F,1,Uneducated,Divorced,Unknown,Blue,54,5,3266,46,0.263
773667708,Attrited Customer,1971,M,1,Graduate,Divorced,$60K - $80K,Blue,44,4,7050,39,0.143
717400533,Existing Customer,1967,F,0,High School,Married,Less than $40K,Blue,45,2,2704,92,0.292
713586858,Existing Customer,1981,M,3,Uneducated,Divorced,$80K - $120K,Blue,25,3,11721,73,0.1
711393483,Existing Customer,1972,F,4,Unknown,Divorced,Less than $40K,Blue,36,3,2432,76,0
812979408,Attrited Customer,1982,F,0,Unknown,Married,$40K - $60K,Silver,34,0,15142,41,0
711877458,Existing Customer,1970,F,3,College,Married,Less than $40K,Blue,36,2,1936,72,0
714351558,Existing Customer,1957,F,0,Uneducated,Single,Less than $40K,Blue,36,2,1829,65,0
828343083,Existing Customer,1978,F,4,High School,Unknown,Less than $40K,Blue,39,3,2786,68,0.644
790002783,Existing Customer,1983,F,2,Graduate,Single,Unknown,Blue,30,1,19595,65,0.031
708615183,Existing Customer,1977,M,2,Unknown,Married,$60K - $80K,Blue,34,4,3828,90,0.299
718509858,Existing Customer,1975,M,3,Graduate,Married,$80K - $120K,Blue,37,1,4786,69,0
718540308,Existing Customer,1977,M,2,High School,Single,$80K - $120K,Blue,36,3,22143,62,0.033
778180158,Existing Customer,1977,M,4,Doctorate,Divorced,$80K - $120K,Blue,34,1,7150,69,0.264
778242708,Existing Customer,1958,M,1,Unknown,Single,$60K - $80K,Silver,53,4,25502,81,0.057
806947308,Attrited Customer,1981,M,4,Post-Graduate,Married,$60K - $80K,Blue,35,4,20178,44,0.077
714899283,Existing Customer,1975,F,2,Unknown,Married,Less than $40K,Blue,36,2,5258,73,0.379
708386958,Attrited Customer,1974,F,3,Unknown,Married,Less than $40K,Blue,34,3,1561,28,0
710986758,Existing Customer,1978,M,3,High School,Single,$60K - $80K,Blue,30,2,11550,76,0.13
718220358,Attrited Customer,1963,M,1,Graduate,Single,$120K +,Blue,36,3,28618,41,0
710568333,Existing Customer,1974,M,4,College,Unknown,$60K - $80K,Blue,35,2,6623,47,0.275
712656783,Attrited Customer,1972,M,1,Graduate,Single,$120K +,Blue,36,4,8136,40,0.309
717483558,Existing Customer,1979,M,3,High School,Married,$120K +,Blue,36,1,19156,61,0.071
721440633,Existing Customer,1966,F,1,High School,Single,Less than $40K,Blue,36,2,7982,71,0.112
738899658,Attrited Customer,1976,F,2,Graduate,Single,Unknown,Blue,38,2,3120,43,0.807
711423558,Existing Customer,1961,F,1,Post-Graduate,Single,$40K - $60K,Blue,50,1,4606,63,0
721522533,Existing Customer,1973,F,4,Graduate,Single,Less than $40K,Blue,35,3,2005,70,0.57
708558408,Existing Customer,1971,M,3,High School,Single,$40K - $60K,Blue,31,3,9949,83,0.161
714727833,Attrited Customer,1980,F,2,Uneducated,Single,Less than $40K,Blue,36,2,2892,48,0.87
714365883,Existing Customer,1970,F,4,Uneducated,Unknown,Less than $40K,Blue,40,3,7093,75,0.129
715856208,Existing Customer,1974,M,3,Graduate,Single,$60K - $80K,Blue,36,4,1896,76,0.59
708944958,Existing Customer,1974,M,2,Uneducated,Single,$60K - $80K,Blue,40,2,3569,75,0.289
771516333,Existing Customer,1980,F,2,Graduate,Unknown,$40K - $60K,Blue,29,2,4663,81,0
772051308,Existing Customer,1966,F,3,Graduate,Single,Unknown,Blue,44,6,2553,69,0.714
788350908,Existing Customer,1983,M,3,Graduate,Single,$40K - $60K,Blue,31,1,5362,69,0.207
818322033,Existing Customer,1980,F,3,Graduate,Married,Less than $40K,Blue,36,6,2873,80,0.434
716288958,Existing Customer,1981,M,2,College,Married,$80K - $120K,Blue,36,4,7840,71,0
712347258,Existing Customer,1978,F,2,Graduate,Married,Less than $40K,Blue,35,3,2209,68,0
779072733,Existing Customer,1985,F,2,College,Married,Less than $40K,Blue,17,2,1971,77,0
710003958,Existing Customer,1973,F,5,Post-Graduate,Married,Less than $40K,Blue,40,3,1438.3,84,0.462
715287708,Existing Customer,1980,F,4,Graduate,Married,$40K - $60K,Blue,33,3,6230,77,0.188
708774708,Existing Customer,1974,F,4,Graduate,Unknown,$40K - $60K,Blue,29,1,2636,70,0.603
713535033,Existing Customer,1977,M,3,High School,Married,$80K - $120K,Blue,36,3,22243,91,0.062
719314683,Existing Customer,1971,F,2,Unknown,Divorced,Less than $40K,Blue,36,2,2855,69,0.185
789293358,Existing Customer,1975,F,3,Graduate,Married,Less than $40K,Blue,35,3,7578,78,0.237
787638408,Existing Customer,1974,F,1,High School,Single,Unknown,Blue,40,4,8440,74,0.247
715974783,Existing Customer,1968,M,1,Graduate,Married,$80K - $120K,Blue,40,3,4186,69,0
716134533,Existing Customer,1977,M,4,College,Single,$80K - $120K,Blue,34,4,22074,80,0
708834483,Attrited Customer,1975,M,2,Doctorate,Married,$80K - $120K,Blue,29,2,17667,42,0
780168333,Existing Customer,1982,M,4,Graduate,Married,$120K +,Blue,28,2,26548,83,0.069
711557508,Existing Customer,1970,M,2,Graduate,Single,$60K - $80K,Blue,40,3,3532,74,0.216
772506858,Existing Customer,1976,F,4,High School,Single,Unknown,Blue,35,4,8795,81,0.286
765692658,Existing Customer,1972,F,4,Graduate,Single,Less than $40K,Blue,42,3,2162,70,0.87
720598308,Attrited Customer,1974,M,4,Uneducated,Single,$120K +,Blue,37,2,34516,35,0.033
709912683,Existing Customer,1968,F,4,Graduate,Single,Unknown,Gold,41,1,34516,77,0.069
815353083,Attrited Customer,1977,M,1,College,Divorced,$80K - $120K,Silver,39,3,34516,36,0.068
720093333,Existing Customer,1980,M,3,Post-Graduate,Divorced,$120K +,Blue,29,1,3491,79,0.718
717281658,Existing Customer,1969,F,3,Graduate,Divorced,Less than $40K,Blue,41,3,6060,65,0.278
765731433,Existing Customer,1973,F,3,Graduate,Divorced,Unknown,Blue,41,4,7860,76,0
712050933,Attrited Customer,1973,M,4,College,Married,$80K - $120K,Blue,32,2,25190,41,0
787361583,Existing Customer,1971,M,4,College,Divorced,$60K - $80K,Blue,44,2,13911,60,0.155
709921158,Existing Customer,1970,M,1,High School,Single,$60K - $80K,Blue,36,4,2281,76,0.768
714781908,Existing Customer,1978,M,3,Graduate,Single,$60K - $80K,Blue,35,3,5652,70,0.097
717592758,Attrited Customer,1977,F,3,Unknown,Single,Less than $40K,Blue,36,2,1606,44,0.983
821339433,Existing Customer,1976,F,3,Graduate,Married,Unknown,Blue,41,4,2777,64,0.763
715174983,Existing Customer,1981,M,3,Graduate,Married,$60K - $80K,Blue,36,4,2223,67,0.269
710863308,Existing Customer,1973,M,4,Post-Graduate,Married,$40K - $60K,Blue,29,1,2916,84,0.368
806824908,Existing Customer,1976,M,2,Unknown,Married,$120K +,Blue,40,4,16476,71,0.083
710592933,Existing Customer,1977,F,2,Graduate,Married,Less than $40K,Blue,30,2,9598,54,0.114
771881283,Existing Customer,1979,M,1,Uneducated,Divorced,$60K - $80K,Blue,30,2,18570,78,0.102
708687483,Attrited Customer,1967,F,4,Graduate,Single,Less than $40K,Silver,36,2,13626,30,0
719147208,Existing Customer,1992,F,2,Unknown,Single,Less than $40K,Blue,21,3,2298,88,0
709607733,Existing Customer,1981,F,3,College,Married,Unknown,Blue,36,2,9191,83,0.181
713184858,Existing Customer,1963,F,2,High School,Single,Less than $40K,Blue,50,3,1438.3,71,0.569
719929758,Existing Customer,1971,F,1,Doctorate,Married,Unknown,Blue,37,4,4181,54,0
759127158,Existing Customer,1973,M,3,College,Married,$40K - $60K,Blue,35,1,2592,85,0
780717483,Existing Customer,1970,F,3,High School,Married,Less than $40K,Blue,40,3,7540,58,0.103
708507483,Existing Customer,1978,F,3,College,Divorced,Less than $40K,Blue,31,4,1477,82,0
787617483,Existing Customer,1963,F,0,Uneducated,Single,Less than $40K,Blue,48,2,2628,76,0.587
816608808,Existing Customer,1975,M,1,Graduate,Single,$80K - $120K,Blue,41,2,8916,62,0
716727258,Existing Customer,1969,F,1,Post-Graduate,Married,Unknown,Blue,42,1,1481,67,0
813890883,Existing Customer,1977,F,1,Uneducated,Unknown,Less than $40K,Blue,39,2,1555,65,0
768256908,Attrited Customer,1976,M,3,Uneducated,Married,Less than $40K,Blue,39,3,8580,37,0.191
811095483,Existing Customer,1973,F,4,Graduate,Married,$40K - $60K,Silver,43,1,21163,35,0.119
720168558,Existing Customer,1982,F,0,Graduate,Married,Less than $40K,Blue,36,3,2936,74,0
719309133,Existing Customer,1965,F,1,Graduate,Married,Less than $40K,Blue,51,3,1438.3,70,0
721451208,Attrited Customer,1967,M,2,Graduate,Single,$60K - $80K,Silver,45,3,30540,36,0
772879158,Existing Customer,1974,M,5,High School,Married,$60K - $80K,Blue,38,1,7357,64,0.145
712934583,Existing Customer,1977,F,4,Uneducated,Married,Less than $40K,Silver,36,3,11879,62,0
710088483,Existing Customer,1969,M,3,Uneducated,Married,$80K - $120K,Blue,40,1,21877,56,0.049
753534633,Existing Customer,1979,M,3,High School,Single,$60K - $80K,Blue,35,3,7255,62,0
710932683,Existing Customer,1966,F,2,High School,Single,Less than $40K,Blue,36,1,6394,69,0
714751158,Attrited Customer,1972,M,2,High School,Divorced,$80K - $120K,Blue,36,2,34516,48,0.073
718109808,Existing Customer,1983,M,5,College,Single,$60K - $80K,Blue,25,3,5597,89,0.2
713227233,Existing Customer,1979,M,4,Graduate,Single,$80K - $120K,Blue,33,2,32535,79,0
718342158,Attrited Customer,1983,F,4,Graduate,Single,Less than $40K,Blue,26,2,4391,36,0.44
804606033,Existing Customer,1975,M,4,High School,Unknown,$40K - $60K,Blue,41,1,8738,60,0.134
720755658,Existing Customer,1979,F,2,Doctorate,Married,Less than $40K,Blue,32,6,1592,70,0
711795633,Existing Customer,1956,M,0,Doctorate,Single,Less than $40K,Blue,52,3,3675,53,0
716654808,Attrited Customer,1973,M,4,High School,Single,$120K +,Blue,39,4,24593,31,0
817616433,Existing Customer,1966,F,2,College,Unknown,Unknown,Blue,41,2,7613,69,0
716390958,Attrited Customer,1976,M,4,Unknown,Married,$120K +,Blue,31,4,26107,47,0
716564433,Attrited Customer,1968,F,1,Graduate,Single,Less than $40K,Blue,36,2,4287,41,0
719530158,Existing Customer,1964,M,1,Graduate,Single,$60K - $80K,Blue,44,3,9843,66,0.129
710621283,Existing Customer,1971,M,2,High School,Married,$60K - $80K,Blue,32,1,10733,66,0.073
716714733,Existing Customer,1980,M,3,Graduate,Single,$80K - $120K,Blue,30,2,3460,69,0.276
720921408,Existing Customer,1975,F,2,College,Single,Less than $40K,Blue,36,1,1996,69,0.774
789185508,Existing Customer,1972,M,2,High School,Married,$60K - $80K,Blue,38,2,5536,70,0.137
807014583,Existing Customer,1990,F,0,Graduate,Divorced,Unknown,Blue,26,3,1469,89,0
721388283,Existing Customer,1967,M,2,Post-Graduate,Single,$120K +,Blue,45,1,5597,58,0
716022258,Attrited Customer,1970,F,3,College,Single,Less than $40K,Blue,36,3,8960,40,0.248
789362058,Existing Customer,1969,M,4,Uneducated,Married,$60K - $80K,Blue,42,2,5693,64,0
771460158,Existing Customer,1978,M,3,Graduate,Single,Less than $40K,Blue,31,1,4098,84,0.433
714147858,Existing Customer,1977,M,3,High School,Single,$80K - $120K,Blue,35,3,18358,85,0.057
708394908,Existing Customer,1977,M,0,High School,Single,$40K - $60K,Blue,33,1,2337,65,0.617
778433283,Attrited Customer,1970,M,3,High School,Married,$60K - $80K,Blue,31,3,8989,53,0
720637008,Existing Customer,1970,F,2,Uneducated,Married,Less than $40K,Blue,43,2,2124,52,0.671
716877258,Existing Customer,1966,F,3,Graduate,Single,Less than $40K,Blue,48,3,3968,65,0.346
812973708,Existing Customer,1979,M,3,High School,Unknown,$40K - $60K,Blue,37,2,2793,69,0.595
788760633,Existing Customer,1968,M,3,Uneducated,Divorced,$60K - $80K,Blue,33,2,13513,68,0.111
718602708,Existing Customer,1978,M,3,Graduate,Single,$80K - $120K,Blue,33,3,16351,82,0.094
712365483,Existing Customer,1970,M,1,Graduate,Single,$60K - $80K,Blue,43,2,9619,76,0.18
789154833,Existing Customer,1965,M,3,High School,Single,$80K - $120K,Blue,44,2,19030,72,0.048
715849983,Existing Customer,1977,F,4,Unknown,Married,Less than $40K,Blue,36,1,2107,82,0
780336258,Existing Customer,1966,F,1,Graduate,Single,Less than $40K,Blue,42,3,2517,75,0.499
716567433,Existing Customer,1980,F,4,Graduate,Married,$40K - $60K,Blue,36,2,3179,82,0.387
713057658,Existing Customer,1973,F,3,Unknown,Divorced,Less than $40K,Blue,36,1,3968,72,0.236
718191483,Existing Customer,1976,M,3,Graduate,Divorced,$60K - $80K,Blue,35,3,5065,75,0.269
811527933,Attrited Customer,1956,F,0,College,Single,Less than $40K,Silver,56,4,10885,39,0.162
778617708,Attrited Customer,1975,M,3,College,Married,$80K - $120K,Blue,26,2,1438.3,40,0.601
785055108,Existing Customer,1969,M,0,Graduate,Single,$60K - $80K,Blue,46,2,10817,60,0.106
822961533,Existing Customer,1956,F,0,College,Divorced,Unknown,Blue,56,2,13666,70,0
709124883,Existing Customer,1972,M,3,College,Married,$80K - $120K,Blue,37,1,2149,93,0.836
772574283,Attrited Customer,1971,F,2,Graduate,Married,$40K - $60K,Blue,40,1,7191,30,0
761240358,Existing Customer,1969,F,2,Unknown,Single,Less than $40K,Blue,45,2,2155,77,0.566
708469533,Existing Customer,1979,F,3,Unknown,Married,Unknown,Blue,34,3,5395,79,0.267
769927533,Existing Customer,1971,F,1,High School,Married,Less than $40K,Blue,44,2,3222,72,0.441
718545033,Existing Customer,1994,F,0,Graduate,Married,Less than $40K,Blue,17,2,2042,78,0.767
714972558,Attrited Customer,1984,F,2,Graduate,Single,Less than $40K,Blue,36,3,1610,45,0
772204758,Existing Customer,1979,F,2,Post-Graduate,Unknown,Less than $40K,Blue,31,2,3809,46,0.306
709039533,Existing Customer,1978,F,3,Unknown,Unknown,Less than $40K,Blue,24,1,5544,55,0.198
716492583,Existing Customer,1984,F,1,Uneducated,Single,Less than $40K,Blue,28,3,2388,89,0.715
766381908,Existing Customer,1972,F,4,High School,Married,Less than $40K,Blue,42,1,2473,80,0.511
719109783,Existing Customer,1979,M,3,Uneducated,Married,$40K - $60K,Blue,32,3,13103,72,0.138
796236258,Existing Customer,1973,F,5,High School,Single,$40K - $60K,Blue,42,1,2465,86,0.458
709700058,Existing Customer,1969,F,2,Graduate,Single,$40K - $60K,Blue,33,2,6081,70,0.163
716905158,Existing Customer,1976,M,2,Unknown,Single,$60K - $80K,Blue,30,1,21815,72,0
718851783,Existing Customer,1972,M,1,High School,Married,$80K - $120K,Silver,37,3,34516,65,0.069
709709283,Attrited Customer,1983,M,3,College,Single,$40K - $60K,Blue,19,2,3458,40,0.093
711993258,Existing Customer,1971,F,0,High School,Single,$40K - $60K,Blue,39,3,8264,73,0.249
780105483,Attrited Customer,1956,F,0,Uneducated,Single,Less than $40K,Blue,50,4,1697,49,0.222
718350033,Existing Customer,1971,M,3,College,Single,$40K - $60K,Blue,36,2,3069,58,0.613
715294083,Attrited Customer,1975,M,2,College,Single,$80K - $120K,Blue,38,3,10309,40,0
710905908,Existing Customer,1978,M,4,High School,Single,$60K - $80K,Blue,36,3,4983,30,0.272
721387008,Existing Customer,1979,M,4,Graduate,Married,$120K +,Blue,24,2,3103,69,0.575
715411608,Existing Customer,1976,F,3,High School,Single,$40K - $60K,Blue,36,1,1663,61,0.669
710598408,Existing Customer,1966,F,0,Graduate,Single,Less than $40K,Blue,36,1,2695,94,0
718521258,Existing Customer,1971,F,4,Post-Graduate,Married,Unknown,Blue,41,3,18178,76,0
713138433,Existing Customer,1971,M,3,Graduate,Single,$60K - $80K,Blue,42,2,14782,54,0.069
718819158,Existing Customer,1967,F,3,Uneducated,Single,$40K - $60K,Blue,41,1,2488,75,0.883
718871358,Existing Customer,1976,F,2,Graduate,Single,Unknown,Blue,36,1,1785,82,0
720186258,Existing Customer,1976,F,4,High School,Divorced,$40K - $60K,Blue,31,2,4701,77,0.249
710197308,Existing Customer,1982,F,2,Graduate,Married,Less than $40K,Blue,28,3,1438.3,73,0
817086783,Existing Customer,1976,F,3,High School,Married,Less than $40K,Blue,27,3,2826,32,0.765
749211483,Existing Customer,1969,F,0,College,Married,$40K - $60K,Blue,45,2,4597,67,0.414
789749433,Existing Customer,1988,F,1,Graduate,Married,Less than $40K,Blue,21,3,2591,82,0.903
715082133,Existing Customer,1981,M,2,Graduate,Married,$40K - $60K,Blue,36,2,2494,61,0.598
714946908,Existing Customer,1960,M,1,Uneducated,Single,$40K - $60K,Blue,36,1,5039,68,0.268
716711433,Attrited Customer,1973,M,5,High School,Married,$40K - $60K,Blue,39,3,7897,46,0.02
712429458,Existing Customer,1971,M,2,Graduate,Unknown,$60K - $80K,Blue,38,3,4772,72,0.371
708406083,Existing Customer,1986,F,0,Unknown,Married,Less than $40K,Blue,24,3,3436,90,0.726
720029508,Existing Customer,1971,F,1,Graduate,Single,$40K - $60K,Blue,37,1,12064,67,0.109
709227033,Existing Customer,1968,M,3,Graduate,Single,$80K - $120K,Blue,46,2,9065,73,0.171
720846558,Existing Customer,1972,M,1,Unknown,Single,$80K - $120K,Blue,36,3,34516,45,0
716475183,Existing Customer,1976,M,3,Graduate,Unknown,$60K - $80K,Blue,35,3,10290,81,0.073
714296358,Existing Customer,1969,F,2,College,Unknown,Less than $40K,Blue,44,1,3433,78,0.724
719998233,Existing Customer,1981,M,3,Unknown,Married,$120K +,Silver,30,3,34516,71,0.028
719217483,Existing Customer,1976,F,4,Doctorate,Married,Less than $40K,Blue,36,1,3240,67,0.548
720479058,Existing Customer,1971,F,1,Post-Graduate,Single,Less than $40K,Blue,39,2,1438.3,64,0.592
779192283,Existing Customer,1970,F,2,Unknown,Married,Less than $40K,Blue,39,1,6462,77,0.39
716385033,Existing Customer,1961,F,1,Graduate,Single,Unknown,Blue,36,1,4408,71,0.272
711588708,Attrited Customer,1971,F,2,Uneducated,Married,$40K - $60K,Blue,36,3,1438.3,42,0.318
714492783,Attrited Customer,1975,F,4,Uneducated,Married,Less than $40K,Blue,36,3,1438.3,38,0
709192233,Attrited Customer,1971,F,2,Unknown,Married,Unknown,Blue,39,2,1773,30,0
797998158,Existing Customer,1969,M,3,Uneducated,Single,$80K - $120K,Blue,46,1,4555,66,0
714021183,Existing Customer,1967,M,4,Graduate,Single,$80K - $120K,Blue,36,2,30666,66,0.034
780710433,Existing Customer,1968,M,2,College,Single,$80K - $120K,Blue,42,2,1575,77,0
780068283,Existing Customer,1968,M,1,Graduate,Single,$120K +,Blue,38,3,1891,69,0.488
719930658,Existing Customer,1981,M,4,Uneducated,Married,$120K +,Blue,24,2,16634,72,0.117
755593983,Existing Customer,1971,F,1,Graduate,Married,Unknown,Blue,43,1,7985,72,0
770938533,Existing Customer,1976,M,1,College,Unknown,$120K +,Blue,32,1,3304,70,0.415
714121083,Existing Customer,1981,F,3,Graduate,Married,$40K - $60K,Blue,20,2,6247,68,0.241
779210283,Existing Customer,1985,M,3,Uneducated,Married,$40K - $60K,Blue,25,2,3645,74,0.691
709739283,Existing Customer,1959,M,0,High School,Single,Unknown,Blue,36,3,21329,75,0.099
716230158,Existing Customer,1986,F,3,Graduate,Married,$40K - $60K,Blue,36,1,7234,83,0.276
708724908,Existing Customer,1974,F,2,High School,Single,Less than $40K,Blue,35,2,2262,83,0
789025083,Existing Customer,1981,M,4,Unknown,Unknown,Less than $40K,Blue,27,3,1438.3,82,0.598
713804058,Existing Customer,1976,F,4,College,Married,Less than $40K,Blue,36,2,4187,81,0.525
718791708,Attrited Customer,1973,M,2,High School,Married,$80K - $120K,Blue,32,2,16362,37,0.139
785529708,Existing Customer,1962,M,1,Graduate,Single,$120K +,Blue,53,2,34516,70,0
794528283,Existing Customer,1977,M,4,College,Married,$60K - $80K,Blue,28,2,2748,67,0.32
794856033,Existing Customer,1983,M,3,Post-Graduate,Married,$80K - $120K,Blue,32,2,5242,77,0.09
712939533,Existing Customer,1978,M,5,Graduate,Married,$60K - $80K,Blue,35,3,21585,70,0.046
708178608,Existing Customer,1990,F,0,Graduate,Married,Unknown,Blue,36,2,2488,73,0
716556258,Existing Customer,1971,F,3,Doctorate,Single,Less than $40K,Blue,39,1,9966,60,0
708404883,Existing Customer,1976,F,2,High School,Single,Unknown,Blue,37,2,27804,57,0
709742958,Existing Customer,1976,M,5,High School,Married,$60K - $80K,Blue,37,1,15626,65,0.073
772695033,Attrited Customer,1974,M,5,High School,Single,$80K - $120K,Blue,37,4,18800,23,0.134
714850158,Existing Customer,1972,M,4,Graduate,Single,$80K - $120K,Blue,36,1,1963,75,0.772
708831858,Attrited Customer,1978,F,3,Uneducated,Married,Less than $40K,Blue,30,3,4579,44,0.329
718076733,Existing Customer,1978,M,1,Graduate,Single,$60K - $80K,Silver,31,3,25824,73,0.045
714336333,Existing Customer,1973,M,4,Doctorate,Unknown,$80K - $120K,Blue,40,2,3429,64,0.37
780006783,Attrited Customer,1962,M,1,Uneducated,Single,$40K - $60K,Silver,49,2,15809,48,0
779741883,Existing Customer,1974,F,2,Unknown,Single,Less than $40K,Blue,32,1,2493,68,0.333
780657708,Existing Customer,1973,M,2,Unknown,Married,$80K - $120K,Blue,37,3,6593,69,0
771342183,Attrited Customer,1968,F,3,Graduate,Single,$40K - $60K,Blue,40,3,1625,43,0
712901283,Attrited Customer,1968,F,2,Graduate,Single,$40K - $60K,Blue,36,3,2121,32,0
802101858,Existing Customer,1981,F,2,Unknown,Married,Less than $40K,Blue,34,3,4757,71,0.416
718473558,Attrited Customer,1979,F,3,Doctorate,Single,Less than $40K,Blue,18,3,8668,38,0
743590608,Existing Customer,1971,M,2,High School,Married,$60K - $80K,Blue,43,3,21869,71,0.043
720146733,Existing Customer,1976,F,4,Graduate,Unknown,Less than $40K,Blue,34,4,2480,66,0.762
788252358,Existing Customer,1972,M,3,High School,Single,$60K - $80K,Blue,40,4,8190,84,0.21
717740658,Existing Customer,1966,F,2,College,Married,Less than $40K,Blue,45,2,1850,78,0.509
714567708,Existing Customer,1975,F,1,Uneducated,Divorced,Less than $40K,Blue,36,3,2483,74,0.825
711208083,Existing Customer,1981,F,4,Unknown,Married,Less than $40K,Blue,30,3,2925,77,0.495
709708233,Attrited Customer,1972,F,3,Doctorate,Married,Less than $40K,Blue,29,4,7066,38,0
709957158,Existing Customer,1973,M,4,High School,Married,$40K - $60K,Blue,40,1,2514,65,0.895
828288333,Existing Customer,1971,M,0,Uneducated,Married,$60K - $80K,Blue,46,1,3640,70,0.181
709178733,Attrited Customer,1971,F,2,Post-Graduate,Married,$40K - $60K,Blue,36,2,5527,37,0.203
721325133,Existing Customer,1976,M,2,College,Married,$80K - $120K,Blue,36,1,31625,77,0
816606333,Existing Customer,1964,M,2,High School,Single,$80K - $120K,Blue,52,3,32409,66,0
720454158,Existing Customer,1977,M,2,Unknown,Single,$60K - $80K,Blue,30,2,9827,63,0.061
717444558,Existing Customer,1971,F,1,Graduate,Married,Less than $40K,Blue,38,1,2623,76,0.653
816756783,Existing Customer,1979,M,2,High School,Unknown,$40K - $60K,Blue,37,2,2993,81,0.751
715474833,Existing Customer,1984,M,2,College,Single,$80K - $120K,Blue,36,2,12944,84,0.108
718271958,Existing Customer,1967,M,2,Uneducated,Married,$60K - $80K,Blue,34,1,6401,63,0.23
708924783,Existing Customer,1978,M,3,Graduate,Divorced,$80K - $120K,Blue,36,1,5506,62,0.387
717669483,Existing Customer,1969,M,1,Graduate,Single,$80K - $120K,Blue,44,3,34516,38,0
809360883,Existing Customer,1975,M,4,College,Single,$60K - $80K,Blue,41,1,17673,59,0.101
717176508,Existing Customer,1978,F,3,Unknown,Single,$40K - $60K,Blue,34,3,2656,80,0.439
711571383,Existing Customer,1975,M,2,High School,Unknown,Less than $40K,Blue,37,1,6118,81,0.178
713444058,Existing Customer,1976,M,1,Unknown,Divorced,$40K - $60K,Silver,31,1,17437,51,0.128
713253858,Attrited Customer,1971,F,1,College,Married,Unknown,Blue,37,2,1461,40,0
719609433,Existing Customer,1966,F,4,Uneducated,Divorced,$40K - $60K,Blue,43,3,1965,69,0.776
797234508,Existing Customer,1970,M,3,Unknown,Single,$60K - $80K,Silver,45,2,30899,20,0
714537258,Existing Customer,1973,M,3,Doctorate,Married,$60K - $80K,Blue,36,2,8876,78,0.128
793412958,Existing Customer,1977,M,4,Unknown,Married,$60K - $80K,Blue,38,1,2440,88,0.615
714680208,Existing Customer,1971,F,1,High School,Married,Less than $40K,Blue,45,3,1652,69,0.798
715240683,Existing Customer,1975,M,4,High School,Married,$80K - $120K,Blue,37,2,15535,66,0.084
803796708,Attrited Customer,1969,M,3,Uneducated,Unknown,$120K +,Blue,46,4,13354,28,0
717368208,Attrited Customer,1972,M,1,Graduate,Single,$120K +,Blue,36,2,26723,43,0
802662858,Existing Customer,1966,F,2,Graduate,Divorced,Less than $40K,Blue,49,1,3949,64,0.513
780206958,Existing Customer,1972,M,4,Graduate,Married,$60K - $80K,Blue,39,2,5937,70,0.357
779906658,Existing Customer,1981,M,4,Doctorate,Single,Unknown,Blue,24,2,18806,62,0.063
772341783,Attrited Customer,1976,F,3,High School,Single,Unknown,Blue,35,2,3512,48,0.717
711491283,Existing Customer,1977,F,3,Doctorate,Married,Less than $40K,Blue,36,3,1975,63,0.64
720211533,Existing Customer,1980,F,4,Uneducated,Married,Less than $40K,Blue,33,2,2888,77,0.284
715409733,Attrited Customer,1974,F,4,College,Single,Less than $40K,Blue,36,2,2263,33,0
710974308,Existing Customer,1983,M,1,Graduate,Unknown,$80K - $120K,Blue,36,3,26792,66,0.062
715732533,Attrited Customer,1969,M,4,Graduate,Married,$60K - $80K,Blue,36,1,9375,51,0.173
713722608,Attrited Customer,1973,F,2,Unknown,Divorced,Less than $40K,Blue,35,1,2806,35,0.896
709101258,Attrited Customer,1980,F,2,High School,Divorced,Less than $40K,Blue,28,2,1478,46,0.355
708588408,Existing Customer,1968,M,3,Uneducated,Single,$60K - $80K,Blue,36,2,6836,74,0.235
721427358,Attrited Customer,1974,M,4,Unknown,Divorced,$80K - $120K,Blue,28,1,8757,47,0
717099408,Existing Customer,1981,M,3,Graduate,Married,$60K - $80K,Blue,29,3,10529,87,0
715155033,Existing Customer,1960,M,0,High School,Single,$40K - $60K,Blue,49,1,2122,85,0.459
789586833,Existing Customer,1976,F,3,Post-Graduate,Married,Unknown,Blue,38,2,2883,85,0.601
709338633,Attrited Customer,1965,F,1,Graduate,Single,$40K - $60K,Blue,37,4,2339,45,0
714106833,Existing Customer,1964,F,3,Graduate,Unknown,Less than $40K,Blue,47,3,5225,69,0.438
741116058,Existing Customer,1973,M,2,Graduate,Married,$40K - $60K,Blue,41,2,2582,42,0.542
813755658,Existing Customer,1961,M,1,Graduate,Single,$80K - $120K,Blue,55,2,11524,72,0
718855983,Existing Customer,1972,F,4,High School,Single,Unknown,Blue,36,3,13039,69,0.141
711245433,Attrited Customer,1971,F,4,Graduate,Single,Unknown,Blue,41,3,2509,41,0
814219008,Existing Customer,1956,M,1,Doctorate,Single,$40K - $60K,Blue,56,2,1456,69,0.595
711916533,Existing Customer,1964,M,2,Unknown,Single,$120K +,Blue,44,1,5612,83,0.336
715182108,Existing Customer,1970,F,3,High School,Married,Less than $40K,Blue,35,1,3025,78,0.632
717078933,Existing Customer,1981,F,5,Graduate,Single,Less than $40K,Blue,29,2,4205,69,0.599
719491233,Existing Customer,1966,M,1,College,Single,$120K +,Blue,42,2,3515,72,0.716
789520533,Existing Customer,1969,M,2,Uneducated,Single,$120K +,Blue,44,3,26174,65,0.071
714738033,Existing Customer,1977,F,4,Graduate,Married,Less than $40K,Blue,25,3,1602,85,0.652
718576908,Existing Customer,1972,F,4,Uneducated,Married,Unknown,Blue,36,1,29939,63,0
715093383,Existing Customer,1972,F,2,College,Married,Less than $40K,Blue,41,1,2115,68,0.756
717195933,Attrited Customer,1979,M,3,Graduate,Married,$60K - $80K,Blue,30,2,5298,37,0
747107508,Existing Customer,1965,F,3,Graduate,Single,Less than $40K,Blue,49,3,2433,88,0.8
717920583,Existing Customer,1961,F,1,Uneducated,Divorced,Less than $40K,Blue,49,2,1443,59,0
710516283,Existing Customer,1971,M,1,High School,Single,$120K +,Blue,37,1,9758,60,0.184
787593558,Existing Customer,1979,M,3,Graduate,Married,$80K - $120K,Blue,34,3,4562,55,0.495
778747608,Existing Customer,1956,F,1,Unknown,Single,Unknown,Blue,46,3,1438.3,61,0
714431058,Existing Customer,1980,F,3,College,Single,Unknown,Blue,36,2,4210,72,0.379
708801108,Attrited Customer,1964,F,3,Uneducated,Single,Less than $40K,Blue,51,0,1438.3,38,0
715948833,Existing Customer,1973,M,4,Graduate,Married,$120K +,Blue,39,2,24931,79,0.054
770667408,Existing Customer,1974,M,4,College,Married,$80K - $120K,Blue,33,1,8854,81,0.269
823590483,Existing Customer,1959,F,0,Graduate,Divorced,Less than $40K,Blue,56,1,2230,75,0.77
710635083,Existing Customer,1975,M,4,High School,Married,$80K - $120K,Blue,38,1,28327,52,0.021
716408058,Existing Customer,1965,F,2,Uneducated,Single,Unknown,Blue,36,3,2500,72,0.519
713803158,Existing Customer,1980,M,3,High School,Single,$60K - $80K,Blue,33,1,9246,91,0
713593683,Existing Customer,1978,F,3,Graduate,Married,$40K - $60K,Blue,28,3,11155,60,0.142
709339758,Existing Customer,1978,M,3,Unknown,Single,$120K +,Blue,30,2,11926,84,0.148
789382758,Attrited Customer,1967,M,3,Graduate,Single,$40K - $60K,Blue,44,3,5501,51,0
813427833,Existing Customer,1976,F,4,Graduate,Single,Less than $40K,Blue,40,2,2110,77,0.4
717846108,Existing Customer,1972,M,4,Uneducated,Married,$60K - $80K,Blue,34,3,12994,74,0.07
720968583,Existing Customer,1969,F,2,Unknown,Married,Unknown,Blue,45,1,29551,63,0.071
721437333,Attrited Customer,1975,M,2,Graduate,Single,$80K - $120K,Blue,36,2,5054,39,0.498
709134333,Existing Customer,1976,F,2,Graduate,Unknown,Less than $40K,Blue,28,2,3136,67,0.718
712630608,Existing Customer,1978,F,2,High School,Unknown,Unknown,Blue,35,3,6109,69,0.254
712404483,Existing Customer,1972,M,2,High School,Married,$80K - $120K,Blue,36,3,3989,82,0.63
717812133,Existing Customer,1988,F,1,Graduate,Unknown,Less than $40K,Blue,13,1,3315,65,0.375
714926508,Existing Customer,1969,M,2,Graduate,Married,$80K - $120K,Silver,45,4,34516,46,0.056
771474108,Existing Customer,1981,F,2,Uneducated,Married,Less than $40K,Blue,28,2,1794,63,0.568
709774608,Existing Customer,1970,M,3,Unknown,Married,$60K - $80K,Blue,36,3,5993,64,0.264
718802283,Existing Customer,1977,F,3,Post-Graduate,Divorced,Less than $40K,Blue,31,2,8320,82,0
711626658,Attrited Customer,1959,F,1,High School,Single,Less than $40K,Blue,36,3,1930,45,0
789354783,Existing Customer,1976,F,3,Unknown,Single,Less than $40K,Blue,32,3,2329,86,0.629
720486408,Existing Customer,1966,F,1,Uneducated,Single,Less than $40K,Blue,36,3,1438.3,73,0.526
717793983,Attrited Customer,1966,M,3,Graduate,Single,$40K - $60K,Silver,45,3,18128,49,0
718582158,Existing Customer,1973,M,2,Unknown,Married,$120K +,Blue,35,3,10642,74,0.161
713127708,Existing Customer,1983,F,0,Uneducated,Married,Less than $40K,Blue,26,1,2230,63,0
717112533,Existing Customer,1969,F,1,Graduate,Unknown,Less than $40K,Blue,42,2,6946,88,0
713681433,Existing Customer,1971,F,2,High School,Divorced,Unknown,Blue,39,2,9716,91,0.09
718846008,Existing Customer,1963,F,0,Unknown,Married,Unknown,Blue,36,3,4377,62,0.343
714119283,Attrited Customer,1979,F,2,Unknown,Single,$40K - $60K,Blue,34,3,2516,51,0
713056083,Existing Customer,1969,M,2,High School,Single,$120K +,Blue,46,2,34516,87,0
718538958,Existing Customer,1966,F,3,College,Single,Less than $40K,Blue,43,3,1844,82,0
710353233,Existing Customer,1973,M,3,College,Divorced,$60K - $80K,Blue,39,3,13233,47,0.084
713853858,Existing Customer,1980,M,4,Unknown,Married,$80K - $120K,Silver,31,2,34516,57,0.042
710342508,Existing Customer,1973,F,2,Uneducated,Married,$40K - $60K,Blue,36,3,1593,76,0
787563858,Existing Customer,1971,F,1,Graduate,Married,Less than $40K,Blue,41,2,8589,63,0.08
799239033,Attrited Customer,1968,F,3,High School,Single,$40K - $60K,Blue,47,3,1714,46,0
710733183,Existing Customer,1975,M,3,Post-Graduate,Unknown,$120K +,Blue,36,1,1438.3,67,0.587
718489608,Existing Customer,1971,F,4,Graduate,Married,Less than $40K,Blue,36,2,2433,69,0.801
758824608,Existing Customer,1974,M,4,Uneducated,Married,$80K - $120K,Blue,40,2,21148,69,0.083
780984408,Existing Customer,1956,F,0,Unknown,Divorced,Less than $40K,Blue,50,3,7487,63,0.261
814483608,Attrited Customer,1974,F,4,Graduate,Divorced,Less than $40K,Blue,42,3,5798,43,0.434
708848208,Existing Customer,1969,M,3,Uneducated,Single,$80K - $120K,Blue,40,3,34516,81,0.051
719713683,Existing Customer,1969,F,0,Graduate,Married,Unknown,Blue,37,2,7608,81,0.312
715514133,Attrited Customer,1977,F,4,Graduate,Married,Less than $40K,Blue,31,3,2184,42,0
715955208,Existing Customer,1986,F,1,High School,Single,Less than $40K,Blue,26,3,2189,72,0.837
794707083,Attrited Customer,1971,M,2,College,Single,$80K - $120K,Blue,44,2,3495,41,0
805313808,Attrited Customer,1969,F,3,High School,Married,$40K - $60K,Blue,47,2,8018,38,0.017
772922883,Attrited Customer,1980,M,3,Unknown,Married,$80K - $120K,Blue,22,3,20543,42,0
715716333,Existing Customer,1959,F,0,High School,Single,Unknown,Blue,50,2,18819,87,0
714502458,Existing Customer,1972,M,3,Unknown,Married,$60K - $80K,Blue,36,2,17811,79,0.036
712444533,Existing Customer,1978,M,2,High School,Single,$80K - $120K,Blue,36,2,14418,68,0
797748708,Existing Customer,1977,M,4,Unknown,Single,$80K - $120K,Blue,38,3,3936,66,0.514
780203883,Existing Customer,1978,F,3,Doctorate,Divorced,Unknown,Blue,33,3,5738,73,0
720616908,Existing Customer,1967,M,1,Uneducated,Single,$120K +,Blue,36,1,34516,67,0
817038333,Existing Customer,1966,F,0,Graduate,Married,Less than $40K,Blue,40,3,1513,72,0.479
713333433,Attrited Customer,1972,M,3,Uneducated,Unknown,$60K - $80K,Blue,41,4,18075,30,0
710820783,Existing Customer,1976,F,4,Graduate,Married,Unknown,Blue,36,1,5989,78,0
720338658,Existing Customer,1965,F,3,Post-Graduate,Single,Less than $40K,Blue,42,2,2490,60,0.652
803938908,Existing Customer,1972,F,4,Uneducated,Single,Less than $40K,Blue,44,2,2659,81,0
787921383,Attrited Customer,1968,M,0,High School,Single,$120K +,Silver,44,4,34516,43,0.067
787849833,Existing Customer,1972,M,2,High School,Married,$80K - $120K,Blue,40,2,13490,75,0.124
721143258,Existing Customer,1975,M,1,High School,Single,$40K - $60K,Blue,33,4,1664,66,0.48
709335558,Existing Customer,1972,M,3,Uneducated,Married,$120K +,Blue,37,3,7753,65,0.212
806619333,Existing Customer,1985,F,3,High School,Single,Less than $40K,Blue,31,2,2909,80,0.717
719378658,Existing Customer,1964,M,3,Graduate,Divorced,$80K - $120K,Silver,36,3,34516,69,0.04
720670458,Existing Customer,1969,F,2,Unknown,Single,$40K - $60K,Blue,45,1,3476,58,0.449
716955783,Existing Customer,1969,M,2,Graduate,Single,$80K - $120K,Blue,36,2,16026,59,0.072
817970208,Existing Customer,1976,M,1,Uneducated,Divorced,Less than $40K,Blue,40,3,2705,67,0.493
708506508,Existing Customer,1967,M,3,High School,Married,$120K +,Blue,43,3,2884,90,0.397
750147483,Existing Customer,1972,M,2,High School,Single,$80K - $120K,Blue,37,1,24299,62,0.104
715540233,Existing Customer,1978,M,3,Graduate,Single,$60K - $80K,Blue,34,1,20755,79,0.11
807584958,Attrited Customer,1971,M,3,Uneducated,Married,$60K - $80K,Blue,45,2,21096,39,0
720686583,Existing Customer,1975,M,3,High School,Divorced,$120K +,Blue,37,3,6457,73,0
820637433,Existing Customer,1976,F,3,High School,Married,Less than $40K,Blue,40,2,1603,66,0
716346183,Existing Customer,1978,F,3,Unknown,Divorced,Unknown,Blue,37,6,9051,72,0.172
715405758,Attrited Customer,1971,F,1,High School,Single,Unknown,Blue,42,0,10057,42,0
710094108,Existing Customer,1988,M,3,Graduate,Single,$60K - $80K,Blue,27,2,2043,79,0.844
713168733,Existing Customer,1956,F,0,Unknown,Single,Less than $40K,Blue,56,3,2802,61,0.858
708614058,Existing Customer,1965,F,2,Graduate,Divorced,Less than $40K,Blue,45,2,1960,67,0.862
718088133,Existing Customer,1981,F,3,Unknown,Divorced,Less than $40K,Blue,36,1,2348,27,0.452
720614658,Existing Customer,1981,M,2,High School,Divorced,$60K - $80K,Blue,25,4,2978,95,0
716695533,Existing Customer,1972,F,3,College,Married,Less than $40K,Blue,29,3,2017,75,0.772
717091533,Existing Customer,1992,F,1,Graduate,Single,Unknown,Blue,36,2,13613,84,0.086
713231658,Existing Customer,1976,F,2,Doctorate,Single,Less than $40K,Blue,33,2,5553,52,0.201
715675458,Existing Customer,1970,M,1,High School,Unknown,$80K - $120K,Blue,41,1,6346,85,0.091
712463883,Existing Customer,1976,M,2,Unknown,Married,$120K +,Silver,38,2,34516,63,0.041
708489258,Existing Customer,1981,F,3,Graduate,Married,Less than $40K,Blue,27,3,1438.3,72,0.687
708403308,Existing Customer,1984,M,3,Unknown,Single,$40K - $60K,Silver,24,1,15133,68,0.11
769684158,Existing Customer,1979,M,4,College,Single,$40K - $60K,Blue,36,3,2502,75,0.595
710349258,Existing Customer,1976,F,3,High School,Single,Less than $40K,Blue,36,2,2589,68,0.793
713940033,Existing Customer,1974,F,3,Graduate,Single,Less than $40K,Blue,36,1,2049,79,0.713
713482608,Existing Customer,1974,M,4,College,Married,$40K - $60K,Blue,35,1,3560,79,0.211
714571008,Existing Customer,1972,F,3,Unknown,Married,Less than $40K,Blue,36,2,1438.3,78,0
715354008,Existing Customer,1978,M,3,Graduate,Unknown,$120K +,Blue,36,1,25937,68,0
819363708,Existing Customer,1978,M,1,Post-Graduate,Single,$60K - $80K,Blue,38,2,2387,67,0.621
712014708,Existing Customer,1973,M,4,Graduate,Married,Less than $40K,Blue,36,1,2912,90,0.515
788717358,Existing Customer,1968,M,2,Uneducated,Single,$60K - $80K,Blue,38,2,7062,68,0.178
710413533,Existing Customer,1965,M,2,Graduate,Married,$80K - $120K,Blue,51,3,12186,66,0.089
718515483,Attrited Customer,1957,M,0,Graduate,Single,Less than $40K,Blue,52,3,3570,47,0.705
715059258,Existing Customer,1983,F,3,Doctorate,Single,Unknown,Blue,32,4,3072,82,0.641
713852958,Existing Customer,1970,F,2,Graduate,Single,Unknown,Silver,41,3,31501,81,0.057
767835558,Existing Customer,1979,F,2,Unknown,Married,Less than $40K,Blue,36,1,5928,69,0.425
721531683,Existing Customer,1977,F,4,Graduate,Single,Unknown,Blue,36,1,8482,81,0
720660558,Existing Customer,1971,M,2,Uneducated,Married,$120K +,Blue,36,3,23911,89,0.088
814845933,Existing Customer,1959,M,0,Graduate,Single,$80K - $120K,Blue,56,3,1438.3,74,0
773155533,Existing Customer,1972,F,3,Unknown,Single,Less than $40K,Blue,42,3,3261,89,0.25
711199908,Existing Customer,1980,M,2,Graduate,Single,$60K - $80K,Blue,30,1,2317,71,0.532
721398858,Existing Customer,1978,M,2,Unknown,Single,$120K +,Blue,34,3,33913,76,0
715664808,Attrited Customer,1978,M,2,Graduate,Single,$80K - $120K,Blue,30,3,34516,51,0
715500558,Existing Customer,1976,F,3,Graduate,Married,Unknown,Blue,36,1,1637,78,0.473
719239158,Existing Customer,1973,M,3,High School,Married,$60K - $80K,Blue,39,3,5448,72,0
820633833,Existing Customer,1957,F,1,Graduate,Single,$40K - $60K,Blue,56,2,5152,72,0.184
720551733,Attrited Customer,1975,F,4,Doctorate,Married,Unknown,Blue,26,3,15195,41,0
718487958,Existing Customer,1968,F,2,High School,Married,Less than $40K,Blue,41,3,2799,76,0.466
710533233,Attrited Customer,1983,F,1,Graduate,Married,Less than $40K,Blue,29,3,1438.3,47,0
778878633,Existing Customer,1970,M,3,Unknown,Married,$80K - $120K,Blue,32,3,1817,67,0.487
720197058,Attrited Customer,1974,F,3,Graduate,Unknown,Unknown,Blue,33,3,3443,45,0
716317458,Attrited Customer,1970,F,2,Post-Graduate,Single,Less than $40K,Blue,36,3,4281,44,0
718569258,Existing Customer,1965,F,2,Unknown,Married,Less than $40K,Blue,36,3,2029,73,0.48
711649908,Existing Customer,1988,F,3,Graduate,Married,Unknown,Blue,15,3,1438.3,67,0.734
720879708,Existing Customer,1969,M,2,High School,Single,$80K - $120K,Blue,44,2,28186,64,0.046
815761908,Existing Customer,1975,F,3,Unknown,Married,Unknown,Silver,41,3,34516,72,0
711850533,Existing Customer,1975,F,4,Uneducated,Single,Unknown,Blue,36,1,3818,71,0
721028283,Existing Customer,1981,F,4,High School,Married,$40K - $60K,Blue,28,1,11494,86,0.101
710763783,Existing Customer,1972,M,2,High School,Married,$80K - $120K,Blue,32,1,28142,47,0.027
720432858,Existing Customer,1981,F,4,Post-Graduate,Married,Less than $40K,Blue,36,1,2316,63,0.652
772525308,Existing Customer,1978,M,3,College,Single,$40K - $60K,Blue,33,2,10533,69,0.16
767354208,Existing Customer,1973,M,4,Graduate,Married,$80K - $120K,Blue,41,2,14322,75,0
715670058,Existing Customer,1971,M,3,Graduate,Married,$120K +,Blue,38,2,34516,76,0.048
713856708,Existing Customer,1973,M,4,High School,Married,$80K - $120K,Blue,36,1,6798,79,0.37
758086458,Existing Customer,1975,F,3,Graduate,Married,Unknown,Blue,39,3,1438.3,62,0
717035283,Attrited Customer,1975,M,1,Graduate,Single,$60K - $80K,Blue,37,3,2445,39,0.347
709604958,Existing Customer,1970,F,3,Graduate,Single,$40K - $60K,Blue,36,3,2585,64,0.715
714931458,Existing Customer,1969,F,2,Post-Graduate,Single,Unknown,Blue,42,2,1438.3,78,0
711047658,Existing Customer,1975,F,3,High School,Married,Less than $40K,Blue,38,2,1781,83,0.738
718110858,Attrited Customer,1979,M,4,Unknown,Married,$40K - $60K,Blue,36,3,1606,41,0
716385858,Existing Customer,1979,F,4,Graduate,Married,Less than $40K,Blue,28,2,2205,90,0.565
708812133,Existing Customer,1972,F,3,Graduate,Married,Unknown,Blue,39,3,2270,75,0.726
787655058,Existing Customer,1977,F,2,Uneducated,Single,Less than $40K,Blue,37,2,2568,85,0.73
803113383,Attrited Customer,1966,F,1,Uneducated,Single,Less than $40K,Blue,49,4,3292,54,0
721273008,Attrited Customer,1967,F,1,College,Unknown,Less than $40K,Silver,43,3,10797,38,0.116
715762083,Existing Customer,1975,M,0,Uneducated,Single,$60K - $80K,Silver,36,3,30501,45,0.067
711629733,Existing Customer,1976,F,2,Graduate,Married,Less than $40K,Blue,34,3,5371,66,0.279
718410258,Existing Customer,1984,M,3,High School,Unknown,$80K - $120K,Blue,28,4,13441,80,0
719745558,Existing Customer,1969,M,3,Graduate,Single,$60K - $80K,Blue,36,2,9137,77,0.189
820282383,Attrited Customer,1976,F,2,Graduate,Married,Less than $40K,Blue,40,3,5848,32,0.43
793543758,Existing Customer,1974,M,2,Graduate,Single,$120K +,Blue,41,2,10614,77,0.074
778224858,Existing Customer,1979,F,2,College,Unknown,Unknown,Blue,32,3,4035,89,0.249
712555233,Existing Customer,1962,F,0,Graduate,Single,$40K - $60K,Blue,48,1,4205,38,0.169
718516533,Existing Customer,1975,F,2,Graduate,Single,Less than $40K,Blue,36,2,2586,78,0.849
708923658,Existing Customer,1980,F,3,Unknown,Unknown,Less than $40K,Blue,28,2,7234,92,0.196
717708783,Existing Customer,1964,M,2,Graduate,Single,$120K +,Silver,51,3,34516,77,0.041
780688383,Existing Customer,1986,M,1,Graduate,Unknown,$80K - $120K,Blue,24,2,21114,56,0
718821783,Existing Customer,1968,M,1,Unknown,Married,$40K - $60K,Blue,48,1,2522,73,0.676
718163808,Existing Customer,1984,M,1,Graduate,Single,$80K - $120K,Blue,24,3,11309,71,0
712693908,Attrited Customer,1978,M,3,Graduate,Married,$120K +,Blue,31,4,13883,32,0.056
711286533,Existing Customer,1978,M,3,Graduate,Unknown,$60K - $80K,Blue,31,1,13448,62,0
711655683,Existing Customer,1966,M,1,Uneducated,Single,$60K - $80K,Silver,46,2,25991,62,0
718188858,Existing Customer,1969,F,0,Graduate,Single,Less than $40K,Blue,36,1,2537,84,0.432
718514283,Existing Customer,1975,M,4,High School,Single,$40K - $60K,Blue,36,2,1438.3,67,0.552
708642708,Attrited Customer,1981,F,2,Uneducated,Married,Unknown,Blue,36,2,13019,33,0
811475733,Attrited Customer,1968,F,1,College,Married,$40K - $60K,Blue,48,2,3339,48,0
712089108,Existing Customer,1972,M,3,Uneducated,Divorced,$80K - $120K,Blue,37,3,28390,76,0.04
710761533,Existing Customer,1977,M,2,Graduate,Unknown,$80K - $120K,Blue,33,2,23665,87,0.069
714963558,Existing Customer,1975,M,3,Graduate,Single,$40K - $60K,Blue,36,2,1438.3,71,0
714834258,Existing Customer,1978,F,4,High School,Unknown,Less than $40K,Blue,36,2,2459,83,0.458
713788083,Attrited Customer,1993,F,1,Graduate,Single,Less than $40K,Blue,36,2,1624,35,0
719583558,Existing Customer,1972,F,3,Uneducated,Married,$40K - $60K,Blue,40,2,8900,70,0.191
744705408,Existing Customer,1973,F,4,Graduate,Single,Unknown,Blue,41,3,5239,61,0.224
713240133,Existing Customer,1979,F,3,High School,Married,Less than $40K,Blue,36,3,9351,60,0.158
815015283,Existing Customer,1978,F,4,Graduate,Married,Less than $40K,Blue,38,2,2655,62,0.621
718072758,Existing Customer,1970,M,2,Post-Graduate,Married,$120K +,Blue,45,2,3173,73,0.793
709127808,Existing Customer,1973,M,3,Post-Graduate,Divorced,$60K - $80K,Blue,35,2,6243,57,0.213
715080258,Existing Customer,1984,F,1,High School,Single,Unknown,Blue,36,2,6730,89,0.162
709567758,Existing Customer,1981,F,3,Uneducated,Married,Less than $40K,Blue,29,1,2490,71,0.894
780067158,Attrited Customer,1970,F,2,Uneducated,Single,Less than $40K,Blue,36,3,1746,47,0.634
715357308,Existing Customer,1977,M,2,Graduate,Married,$60K - $80K,Blue,36,1,4141,65,0.344
720559908,Existing Customer,1963,F,2,Uneducated,Divorced,Less than $40K,Silver,46,1,11684,61,0.056
720339558,Existing Customer,1974,F,2,Graduate,Single,Less than $40K,Blue,36,1,2363,71,0.209
809599158,Attrited Customer,1973,M,4,Uneducated,Single,$80K - $120K,Silver,43,3,34516,28,0
793269933,Existing Customer,1975,M,3,Graduate,Unknown,$60K - $80K,Silver,40,3,28829,78,0
809978733,Existing Customer,1988,F,2,High School,Single,$40K - $60K,Blue,28,2,1438.3,77,0.519
788996058,Existing Customer,1974,F,2,High School,Married,Less than $40K,Blue,34,2,2730,69,0.722
712575708,Existing Customer,1966,F,2,High School,Married,Less than $40K,Blue,36,1,1994,82,0.589
789625383,Existing Customer,1973,M,3,Uneducated,Married,$80K - $120K,Blue,42,3,9727,62,0.167
719730258,Existing Customer,1980,M,4,Uneducated,Divorced,$60K - $80K,Silver,36,2,33771,75,0
793717608,Existing Customer,1982,M,0,Doctorate,Single,$60K - $80K,Blue,33,2,10452,79,0.107
709798908,Attrited Customer,1976,F,4,Unknown,Single,Less than $40K,Blue,32,3,2858,43,0
716077458,Existing Customer,1975,M,3,Uneducated,Married,$40K - $60K,Blue,36,2,4707,71,0.238
813435108,Existing Customer,1972,F,1,Graduate,Single,Less than $40K,Blue,44,2,3537,78,0
708084558,Attrited Customer,1975,M,3,Doctorate,Divorced,$80K - $120K,Blue,38,3,8258,23,0.214
719880408,Existing Customer,1975,F,4,Graduate,Married,Less than $40K,Blue,35,3,3072,57,0.524
719343633,Existing Customer,1973,M,3,High School,Unknown,Less than $40K,Blue,38,3,8892,89,0.1
718711158,Attrited Customer,1969,M,3,Graduate,Married,$120K +,Blue,36,2,3841,51,0.655
717443658,Existing Customer,1984,F,0,Graduate,Divorced,$40K - $60K,Blue,28,3,1920,81,0
715976433,Existing Customer,1979,M,3,High School,Unknown,Less than $40K,Blue,31,2,7802,75,0.242
719038008,Existing Customer,1973,F,4,Graduate,Single,Less than $40K,Blue,35,2,1705,41,0.699
709143183,Attrited Customer,1969,F,2,Doctorate,Married,$40K - $60K,Blue,43,2,1822,39,0.881
710186958,Existing Customer,1976,F,3,Unknown,Single,Unknown,Blue,32,3,9294,82,0.215
709274583,Existing Customer,1981,M,2,High School,Married,$120K +,Blue,27,3,12248,91,0.108
816864483,Existing Customer,1982,F,4,Uneducated,Single,$40K - $60K,Blue,34,2,10264,74,0.078
708271833,Existing Customer,1979,M,3,Graduate,Single,$40K - $60K,Silver,36,2,15069,67,0.122
821759658,Attrited Customer,1980,F,4,High School,Divorced,$40K - $60K,Blue,37,2,4650,54,0.044
820920408,Existing Customer,1968,F,2,Graduate,Single,Less than $40K,Blue,48,2,3685,59,0
718403358,Existing Customer,1972,F,2,High School,Divorced,$40K - $60K,Blue,33,2,7231,67,0.348
713476758,Existing Customer,1977,M,4,Unknown,Married,$60K - $80K,Blue,32,1,10007,77,0.158
720690933,Existing Customer,1969,M,4,Uneducated,Married,$60K - $80K,Blue,39,1,2641,67,0.6
719252583,Existing Customer,1992,F,1,High School,Single,Less than $40K,Blue,20,2,3095,92,0.481
712783083,Attrited Customer,1973,F,4,High School,Married,Less than $40K,Blue,37,2,3607,35,0
771204108,Existing Customer,1985,F,2,Uneducated,Single,Unknown,Blue,23,1,1954,67,0.603
817247658,Existing Customer,1976,M,3,High School,Unknown,$60K - $80K,Blue,27,2,21317,67,0
821749608,Attrited Customer,1980,M,3,Graduate,Single,$80K - $120K,Blue,37,3,19402,51,0
714389883,Existing Customer,1976,M,4,Graduate,Single,$80K - $120K,Blue,36,3,8063,77,0.184
713648208,Existing Customer,1981,F,2,Graduate,Unknown,$40K - $60K,Blue,32,2,3097,86,0.778
826261008,Attrited Customer,1973,F,3,Graduate,Unknown,Less than $40K,Blue,44,3,1438.3,46,0
824163333,Existing Customer,1978,F,5,Uneducated,Single,Less than $40K,Blue,39,2,3161,66,0.767
709444983,Attrited Customer,1983,F,3,Uneducated,Single,$40K - $60K,Blue,30,2,2435,32,0.999
711154908,Existing Customer,1962,F,0,Unknown,Single,Less than $40K,Blue,40,2,1845,76,0.583
769575783,Attrited Customer,1972,F,3,College,Married,Less than $40K,Blue,41,3,1603,43,0.467
720334833,Existing Customer,1982,F,5,College,Single,Less than $40K,Blue,30,1,4710,91,0.397
709563258,Attrited Customer,1971,F,2,Uneducated,Single,Unknown,Blue,41,3,2751,40,0.819
708205083,Existing Customer,1983,F,1,High School,Married,Less than $40K,Blue,28,4,1438.3,81,0
715276683,Existing Customer,1969,M,2,High School,Married,$60K - $80K,Blue,45,1,24287,69,0.069
721254858,Existing Customer,1979,F,5,Graduate,Married,Less than $40K,Blue,18,1,1694,70,0.634
712257258,Attrited Customer,1971,F,1,High School,Single,Less than $40K,Blue,36,2,1457,39,0
789616158,Existing Customer,1988,M,3,Unknown,Divorced,Unknown,Blue,27,1,25045,52,0
708773583,Existing Customer,1969,F,3,Graduate,Unknown,$40K - $60K,Blue,45,2,10859,64,0.157
711110733,Existing Customer,1976,M,3,High School,Married,$40K - $60K,Silver,33,2,16928,66,0.09
714043008,Existing Customer,1984,M,2,High School,Single,$40K - $60K,Blue,30,3,4297,76,0
780602733,Existing Customer,1979,M,3,Uneducated,Single,$60K - $80K,Blue,30,2,8302,66,0.156
823557333,Existing Customer,1978,F,2,Uneducated,Unknown,Less than $40K,Blue,39,3,2734,86,0.921
772825308,Existing Customer,1981,M,3,Graduate,Divorced,$80K - $120K,Blue,31,2,27374,60,0.055
713251008,Existing Customer,1978,F,2,Uneducated,Married,Unknown,Blue,38,3,2960,63,0.626
711175083,Existing Customer,1967,M,3,Doctorate,Single,$60K - $80K,Blue,41,2,9110,75,0
756477333,Existing Customer,1979,F,4,Uneducated,Married,Less than $40K,Blue,35,3,1539,71,0
712294983,Existing Customer,1982,F,2,Graduate,Married,$40K - $60K,Blue,36,2,1947,71,0.596
717023508,Existing Customer,1976,F,3,Unknown,Unknown,$40K - $60K,Blue,36,1,2667,85,0.582
709869708,Existing Customer,1967,F,3,College,Single,Less than $40K,Blue,45,1,3062,71,0.666
772133808,Existing Customer,1974,F,3,Post-Graduate,Single,$40K - $60K,Blue,36,5,3114,62,0.34
768196008,Existing Customer,1967,M,1,Uneducated,Single,$60K - $80K,Blue,48,2,14948,56,0.144
708916083,Attrited Customer,1972,F,0,Doctorate,Unknown,Less than $40K,Blue,37,2,1749,38,0
789526458,Existing Customer,1977,M,3,Unknown,Married,$40K - $60K,Blue,36,2,2534,57,0.673
716079708,Existing Customer,1975,F,3,College,Single,Less than $40K,Blue,36,2,2503,65,0.948
720087708,Existing Customer,1983,F,3,High School,Married,Less than $40K,Blue,31,3,1854,89,0
714259533,Existing Customer,1978,F,2,Graduate,Married,Less than $40K,Blue,35,1,4092,88,0.152
714691683,Existing Customer,1959,M,1,Graduate,Single,$60K - $80K,Blue,54,1,13284,76,0.046
768420558,Existing Customer,1962,F,0,Graduate,Single,Less than $40K,Blue,53,3,4830,63,0.304
778364583,Attrited Customer,1976,F,2,Graduate,Married,Less than $40K,Blue,25,2,5911,31,0.155
719186433,Existing Customer,1968,F,1,College,Single,Unknown,Blue,44,2,11012,86,0.121
719951208,Existing Customer,1978,M,4,Graduate,Single,$60K - $80K,Blue,24,3,19188,69,0
720182658,Existing Customer,1977,F,3,Uneducated,Single,Unknown,Blue,31,2,18056,72,0.052
789022233,Existing Customer,1971,F,2,Uneducated,Single,Less than $40K,Blue,37,5,1438.3,69,0.524
778353183,Existing Customer,1990,F,0,High School,Married,Less than $40K,Blue,13,2,3201,77,0.307
713789883,Existing Customer,1971,F,4,High School,Married,$40K - $60K,Blue,36,1,1479,75,0.679
773018583,Existing Customer,1983,F,4,Graduate,Married,Less than $40K,Blue,30,1,3144,75,0.705
771354633,Existing Customer,1963,M,1,College,Single,$80K - $120K,Blue,45,3,1854,73,0.798
717308433,Attrited Customer,1972,M,5,Uneducated,Unknown,$60K - $80K,Blue,43,3,1960,39,0
712271958,Existing Customer,1984,M,3,Uneducated,Unknown,$80K - $120K,Blue,36,2,9782,75,0.183
716736858,Existing Customer,1974,F,4,Graduate,Married,Less than $40K,Blue,39,3,3144,80,0
713796033,Attrited Customer,1974,M,2,Graduate,Married,$40K - $60K,Blue,42,3,4738,36,0
710812533,Attrited Customer,1975,F,3,High School,Single,Unknown,Silver,36,2,34516,46,0.004
782555058,Existing Customer,1986,F,1,Unknown,Married,Less than $40K,Blue,29,2,1438.3,92,0.595
714864333,Attrited Customer,1978,M,2,College,Divorced,$120K +,Blue,37,1,34516,38,0
787918158,Existing Customer,1989,F,0,Uneducated,Married,Less than $40K,Blue,23,2,2156,66,0.517
779070033,Existing Customer,1958,F,0,College,Single,Less than $40K,Blue,44,4,1938,56,0
789945933,Existing Customer,1960,F,1,Graduate,Single,Less than $40K,Blue,52,3,1438.3,67,0
720810783,Attrited Customer,1967,F,2,Graduate,Married,Unknown,Blue,44,3,3781,43,0.448
715627833,Existing Customer,1973,M,3,High School,Married,$60K - $80K,Gold,37,2,34516,75,0.056
809538783,Existing Customer,1972,M,1,High School,Single,$120K +,Blue,44,2,1438.3,72,0.736
715987758,Attrited Customer,1972,M,3,Graduate,Single,$80K - $120K,Blue,36,2,3261,50,0
711967158,Existing Customer,1986,F,3,Graduate,Single,Less than $40K,Blue,23,3,2211,79,0.62
712325433,Existing Customer,1982,F,2,Unknown,Single,Unknown,Blue,28,2,1493,80,0.53
716470683,Existing Customer,1973,F,3,Post-Graduate,Married,Unknown,Blue,36,1,20631,77,0.099
713289183,Existing Customer,1968,F,3,Doctorate,Married,Less than $40K,Blue,33,2,2255,76,0.73
711549408,Existing Customer,1970,M,3,Uneducated,Married,$80K - $120K,Blue,42,1,1507,90,0.638
709523508,Existing Customer,1956,F,0,Uneducated,Unknown,Less than $40K,Silver,53,1,11097,83,0
717578358,Existing Customer,1972,F,4,Graduate,Married,Unknown,Blue,40,1,8162,80,0.209
711673983,Existing Customer,1977,M,4,Unknown,Single,$60K - $80K,Blue,36,1,18721,81,0.084
713388108,Attrited Customer,1959,F,0,High School,Unknown,Less than $40K,Blue,51,2,5210,36,0
715679733,Existing Customer,1978,F,2,Uneducated,Single,Less than $40K,Blue,36,2,1736,67,0.872
779694183,Existing Customer,1970,M,3,College,Married,$80K - $120K,Blue,34,2,1864,73,0.766
788544108,Existing Customer,1978,F,2,High School,Single,Less than $40K,Blue,37,3,6611,74,0.157
715583283,Existing Customer,1987,F,0,Graduate,Married,Unknown,Blue,13,1,7942,66,0.263
719917233,Attrited Customer,1972,M,3,Post-Graduate,Married,$80K - $120K,Blue,36,3,13382,45,0.087
717103758,Attrited Customer,1958,M,0,Graduate,Single,Unknown,Blue,55,0,18550,42,0
714621183,Existing Customer,1982,F,3,Graduate,Single,Less than $40K,Blue,36,3,2650,80,0.621
721365033,Attrited Customer,1984,M,3,Uneducated,Single,$40K - $60K,Blue,36,2,1696,43,0
712999008,Existing Customer,1981,F,3,Graduate,Single,Less than $40K,Blue,33,1,2628,72,0.674
780790008,Existing Customer,1975,F,3,Unknown,Married,$40K - $60K,Blue,39,3,1457,69,0.386
779499933,Existing Customer,1975,M,5,Uneducated,Unknown,$80K - $120K,Blue,28,1,34516,94,0.036
717200508,Existing Customer,1981,F,4,Uneducated,Single,Unknown,Blue,32,1,3056,73,0.667
716995083,Existing Customer,1969,M,2,High School,Single,$80K - $120K,Blue,44,2,2650,64,0.396
718137183,Existing Customer,1963,F,1,College,Married,Less than $40K,Blue,38,2,3331,92,0.676
787507833,Existing Customer,1972,F,1,Uneducated,Unknown,Less than $40K,Blue,38,2,3343,63,0.544
810974958,Attrited Customer,1970,M,2,High School,Married,$60K - $80K,Blue,46,3,4123,40,0.427
717967833,Existing Customer,1966,F,1,Unknown,Married,Less than $40K,Blue,36,1,2677,81,0.581
712267983,Attrited Customer,1964,F,0,Graduate,Single,Less than $40K,Blue,45,3,3023,42,0.833
717376758,Existing Customer,1965,F,2,High School,Married,Less than $40K,Blue,47,3,2238,72,0.592
718250883,Attrited Customer,1962,F,2,High School,Married,Unknown,Blue,51,3,3875,49,0.361
717491058,Existing Customer,1979,M,2,Post-Graduate,Single,$60K - $80K,Blue,26,2,20803,60,0.084
802243458,Attrited Customer,1973,M,2,Doctorate,Single,$40K - $60K,Blue,42,3,2760,34,0
714485508,Existing Customer,1976,M,3,Doctorate,Single,$80K - $120K,Blue,36,2,9086,81,0.138
711377808,Existing Customer,1974,M,3,Graduate,Unknown,$60K - $80K,Blue,36,3,21142,66,0
718565733,Existing Customer,1959,M,0,Unknown,Single,Less than $40K,Blue,36,2,3653,67,0.484
712723608,Existing Customer,1977,F,3,Uneducated,Unknown,Less than $40K,Blue,36,2,1713,66,0
789948408,Existing Customer,1966,M,2,Graduate,Single,$80K - $120K,Blue,46,1,34516,74,0.05
734909358,Existing Customer,1978,M,4,Graduate,Single,$80K - $120K,Blue,33,1,6548,79,0.19
719267283,Existing Customer,1986,F,2,Doctorate,Married,$40K - $60K,Blue,27,1,1953,71,0.796
780684933,Existing Customer,1972,M,3,High School,Unknown,$40K - $60K,Blue,38,1,3051,69,0.584
720330558,Attrited Customer,1977,M,3,Graduate,Married,$80K - $120K,Blue,25,2,25256,40,0.038
720784833,Attrited Customer,1973,F,3,Graduate,Single,Unknown,Blue,36,3,1630,43,0.763
789059958,Existing Customer,1979,M,4,High School,Married,$120K +,Gold,30,2,34516,75,0.03
797138883,Existing Customer,1978,M,4,Unknown,Married,$40K - $60K,Blue,37,2,10800,77,0.138
721448283,Attrited Customer,1982,F,1,Graduate,Single,Less than $40K,Blue,26,3,1876,47,0.819
710552733,Attrited Customer,1979,M,5,Unknown,Married,$60K - $80K,Blue,36,3,4963,40,0
742778358,Existing Customer,1977,M,1,Graduate,Single,$60K - $80K,Blue,37,1,16739,69,0.073
713933658,Existing Customer,1965,F,0,Graduate,Single,Less than $40K,Blue,45,6,2463,70,0.658
788142483,Existing Customer,1975,M,3,College,Single,$80K - $120K,Silver,38,3,34516,73,0.037
789705408,Existing Customer,1971,M,2,College,Married,$60K - $80K,Blue,37,1,4743,55,0.356
780378633,Existing Customer,1978,M,3,College,Unknown,$60K - $80K,Blue,33,3,9382,71,0.155
817422408,Existing Customer,1976,F,3,Uneducated,Single,Less than $40K,Blue,30,2,2059,71,0.543
781297983,Existing Customer,1963,M,2,Unknown,Divorced,$60K - $80K,Blue,52,2,20410,78,0.059
710671608,Existing Customer,1982,F,2,Graduate,Divorced,Less than $40K,Blue,31,3,6798,69,0.135
719967708,Existing Customer,1977,F,2,Unknown,Single,Less than $40K,Blue,32,1,6472,66,0.329
711879633,Existing Customer,1976,M,3,High School,Single,Less than $40K,Blue,29,1,2766,70,0.718
716444733,Existing Customer,1966,F,2,Graduate,Married,Less than $40K,Blue,46,3,1438.3,79,0
718460958,Existing Customer,1972,F,2,College,Married,Less than $40K,Blue,35,3,3283,64,0.565
789953733,Existing Customer,1975,F,3,Graduate,Married,Less than $40K,Blue,37,1,2470,78,0.794
770278833,Existing Customer,1978,M,4,Unknown,Married,$120K +,Blue,37,1,20695,82,0.06
787291308,Existing Customer,1979,F,5,Graduate,Married,Less than $40K,Blue,36,2,4228,79,0.404
710644158,Existing Customer,1976,M,3,Graduate,Unknown,$80K - $120K,Blue,28,3,31743,73,0.042
717095733,Existing Customer,1973,F,4,Unknown,Unknown,Less than $40K,Blue,29,3,3212,69,0.784
813338733,Existing Customer,1974,F,3,Unknown,Single,Unknown,Blue,42,2,5884,82,0.235
787536933,Existing Customer,1977,F,3,Unknown,Single,Less than $40K,Blue,33,2,1724,80,0
714384783,Attrited Customer,1962,F,1,Graduate,Married,Less than $40K,Blue,36,3,2468,37,0
713847858,Attrited Customer,1972,F,3,Graduate,Divorced,Less than $40K,Blue,36,3,1438.3,43,0
809809008,Existing Customer,1974,F,5,Graduate,Married,Less than $40K,Blue,42,1,3111,68,0.495
719446833,Existing Customer,1963,F,1,High School,Married,Less than $40K,Blue,46,1,2799,83,0.547
720570333,Existing Customer,1973,F,3,College,Married,Less than $40K,Blue,36,3,1912,81,0.608
815308683,Existing Customer,1975,M,3,College,Married,$80K - $120K,Blue,41,3,18927,54,0.047
810875958,Attrited Customer,1970,F,3,Graduate,Married,Less than $40K,Blue,46,4,2016,44,0.196
717775608,Existing Customer,1970,M,2,Post-Graduate,Unknown,$80K - $120K,Blue,43,2,4830,80,0.408
718766058,Attrited Customer,1965,M,2,Graduate,Single,$80K - $120K,Blue,36,2,1438.3,37,0
710656683,Existing Customer,1971,F,3,High School,Single,Less than $40K,Blue,36,3,1986,64,0.813
768390708,Existing Customer,1974,M,2,Unknown,Single,$80K - $120K,Blue,41,1,2877,68,0.395
713263758,Existing Customer,1968,F,1,College,Single,Less than $40K,Blue,45,2,2312,78,0.864
754564308,Existing Customer,1975,F,3,Graduate,Married,$40K - $60K,Blue,39,3,2644,66,0.804
827890758,Existing Customer,1982,F,1,Uneducated,Single,Less than $40K,Blue,35,3,2062,63,0.631
779945508,Existing Customer,1971,F,1,Graduate,Married,Less than $40K,Blue,35,2,3510,81,0.536
720807183,Existing Customer,1966,M,2,Graduate,Single,$80K - $120K,Blue,36,2,15026,63,0.061
709309308,Attrited Customer,1971,M,3,College,Unknown,$80K - $120K,Blue,37,3,27186,34,0
715844733,Existing Customer,1976,M,5,High School,Married,$60K - $80K,Blue,36,3,2174,71,0.403
712332183,Existing Customer,1979,M,3,College,Single,$80K - $120K,Blue,36,1,29535,74,0.03
790123983,Existing Customer,1971,F,2,High School,Single,Less than $40K,Blue,43,2,2974,88,0.703
711721458,Attrited Customer,1971,F,2,Graduate,Unknown,Less than $40K,Blue,36,2,1438.3,43,0
716860233,Existing Customer,1970,F,3,Uneducated,Married,Less than $40K,Blue,39,3,8148,87,0.086
714678408,Existing Customer,1973,F,4,Post-Graduate,Married,Less than $40K,Blue,31,6,2646,83,0.749
708798483,Attrited Customer,1984,F,3,Unknown,Single,Unknown,Blue,24,3,2054,43,0
708501783,Attrited Customer,1978,M,2,High School,Married,$120K +,Blue,36,2,34516,40,0.043
713645883,Existing Customer,1984,F,1,High School,Single,Less than $40K,Blue,23,3,1879,88,0.791
718622658,Existing Customer,1976,M,4,High School,Single,$80K - $120K,Blue,34,2,15913,86,0.107
710641008,Existing Customer,1977,F,2,High School,Single,Less than $40K,Blue,36,3,8685,56,0
718547358,Existing Customer,1961,F,2,Uneducated,Unknown,$40K - $60K,Blue,52,3,2676,69,0.65
716177583,Existing Customer,1963,F,1,Post-Graduate,Single,Less than $40K,Blue,36,2,1438.3,89,0
713417433,Existing Customer,1979,M,2,Graduate,Single,$40K - $60K,Blue,28,1,1711,77,0
713043183,Existing Customer,1960,M,0,High School,Single,$40K - $60K,Blue,48,2,2572,84,0.766
719328858,Attrited Customer,1965,M,4,High School,Married,$60K - $80K,Blue,43,2,4535,40,0
718501983,Existing Customer,1977,M,2,Graduate,Married,$60K - $80K,Blue,36,6,5950,89,0.188
803800533,Attrited Customer,1982,M,1,Unknown,Single,$40K - $60K,Blue,33,3,2088,59,0.467
771790083,Existing Customer,1978,F,3,Unknown,Married,Less than $40K,Silver,32,3,10466,64,0.199
712817808,Existing Customer,1982,M,2,Graduate,Married,$60K - $80K,Blue,23,2,4761,53,0.328
811697958,Existing Customer,1971,F,4,Unknown,Married,Less than $40K,Blue,45,1,1488,65,0.507
817089408,Existing Customer,1977,M,2,College,Married,$60K - $80K,Blue,27,1,19114,69,0.092
803406558,Existing Customer,1991,F,1,Uneducated,Single,Unknown,Blue,24,5,7536,86,0.169
717297708,Existing Customer,1974,F,1,Graduate,Single,Unknown,Blue,37,3,2441,74,0.685
808756458,Existing Customer,1974,M,3,Graduate,Married,$80K - $120K,Blue,42,3,13189,83,0.091
718352358,Attrited Customer,1972,F,3,Post-Graduate,Married,Less than $40K,Blue,35,3,1914,41,0
780638958,Existing Customer,1979,F,2,Graduate,Divorced,$40K - $60K,Blue,31,2,2468,77,0.75
721026033,Existing Customer,1964,F,1,Unknown,Single,Less than $40K,Blue,44,3,2564,43,0.491
719894433,Attrited Customer,1978,F,4,Unknown,Married,Less than $40K,Blue,24,2,1679,43,0.566
812493033,Existing Customer,1977,F,3,High School,Single,$40K - $60K,Blue,37,1,3410,63,0.326
718256658,Existing Customer,1976,F,3,Uneducated,Married,Less than $40K,Blue,38,5,2728,75,0
711421233,Existing Customer,1970,M,3,High School,Single,$60K - $80K,Blue,43,3,7119,84,0.213
710335983,Existing Customer,1964,F,0,High School,Divorced,Less than $40K,Blue,36,1,3532,64,0.246
720108783,Existing Customer,1961,F,1,Uneducated,Single,Unknown,Blue,50,3,7459,68,0.23
818259558,Existing Customer,1957,F,0,Graduate,Single,Less than $40K,Blue,56,2,2294,79,0.69
708511983,Existing Customer,1984,M,3,Graduate,Married,$80K - $120K,Blue,18,3,1663,82,0
708838908,Existing Customer,1972,F,3,Unknown,Single,$40K - $60K,Blue,42,3,5129,61,0.322
778720533,Attrited Customer,1968,F,4,Graduate,Married,Less than $40K,Blue,37,2,1722,35,0
793015083,Existing Customer,1975,F,4,Graduate,Married,Unknown,Blue,40,3,2586,77,0.491
821336133,Existing Customer,1971,F,2,High School,Single,Less than $40K,Blue,46,3,8708,60,0.114
713905608,Existing Customer,1965,F,3,Unknown,Single,Less than $40K,Blue,50,2,8869,63,0
779164608,Existing Customer,1976,F,3,Graduate,Married,Less than $40K,Blue,34,2,2641,77,0.506
714835833,Existing Customer,1978,M,4,High School,Divorced,$80K - $120K,Blue,36,3,34516,73,0.03
823863033,Existing Customer,1969,M,2,Unknown,Married,$80K - $120K,Silver,48,6,34516,73,0.043
713321508,Existing Customer,1974,F,3,Unknown,Single,Less than $40K,Blue,36,1,1965,87,0.598
708992733,Existing Customer,1971,F,0,High School,Married,Less than $40K,Blue,36,3,1513,98,0
709488108,Attrited Customer,1979,M,4,College,Single,$40K - $60K,Blue,36,2,10543,39,0
716094333,Existing Customer,1972,M,1,Graduate,Single,$80K - $120K,Blue,42,2,17764,57,0.082
778567983,Existing Customer,1971,F,2,Graduate,Single,$40K - $60K,Blue,43,1,1438.3,77,0
712178883,Existing Customer,1972,F,2,College,Single,$40K - $60K,Blue,36,2,6371,79,0.305
717490008,Existing Customer,1978,M,4,Graduate,Divorced,$80K - $120K,Blue,36,1,19188,52,0.085
718282983,Existing Customer,1961,M,0,College,Unknown,Less than $40K,Blue,47,3,3076,75,0.734
747208083,Existing Customer,1972,M,4,Graduate,Single,$40K - $60K,Blue,42,3,2822,68,0.532
820276908,Attrited Customer,1979,F,4,College,Married,$40K - $60K,Blue,37,3,4139,41,0
719960133,Existing Customer,1979,M,3,College,Single,$80K - $120K,Silver,26,2,34516,68,0.026
711062958,Existing Customer,1978,M,3,Graduate,Single,$120K +,Blue,23,2,4121,49,0.506
714917583,Existing Customer,1979,F,2,Doctorate,Unknown,Less than $40K,Silver,36,1,10074,65,0.107
767256933,Existing Customer,1978,M,5,Uneducated,Married,$60K - $80K,Blue,36,2,2621,85,0.228
712568358,Existing Customer,1974,M,1,High School,Married,$60K - $80K,Blue,29,2,3394,69,0
789182358,Existing Customer,1965,M,1,Uneducated,Single,$80K - $120K,Blue,45,1,17628,76,0.08
716989683,Existing Customer,1965,M,2,Doctorate,Single,$80K - $120K,Blue,48,3,4480,74,0.55
827968383,Existing Customer,1978,F,3,High School,Unknown,Less than $40K,Blue,39,3,3370,70,0.678
819647358,Attrited Customer,1983,M,2,Unknown,Single,$60K - $80K,Blue,33,3,12871,53,0
788966958,Existing Customer,1974,F,1,Graduate,Married,Unknown,Blue,34,2,3112,86,0.65
789502308,Attrited Customer,1964,F,3,Unknown,Single,Less than $40K,Blue,49,3,1551,46,0.509
756458508,Existing Customer,1977,M,3,Graduate,Single,$60K - $80K,Blue,37,2,1682,67,0.553
714643983,Existing Customer,1979,F,1,High School,Married,Less than $40K,Blue,36,3,2758,73,0.731
711606558,Existing Customer,1972,F,1,High School,Married,Less than $40K,Blue,39,2,1909,83,0.454
824155458,Existing Customer,1973,M,2,High School,Married,$80K - $120K,Blue,44,1,11332,72,0.145
710445183,Existing Customer,1977,M,5,Doctorate,Single,$120K +,Blue,31,1,7567,60,0.33
802834158,Attrited Customer,1979,M,4,Unknown,Married,$60K - $80K,Blue,36,2,6743,30,0.258
712038258,Attrited Customer,1973,M,4,Unknown,Single,$80K - $120K,Blue,36,3,32838,42,0.052
712864683,Attrited Customer,1979,F,3,Doctorate,Single,Less than $40K,Blue,30,3,1438.3,37,0
813971283,Existing Customer,1978,M,4,Unknown,Married,$80K - $120K,Blue,38,1,2510,63,0.601
764211033,Existing Customer,1971,F,3,Uneducated,Unknown,Less than $40K,Blue,43,2,3199,87,0.787
721424583,Existing Customer,1986,F,1,High School,Married,Less than $40K,Blue,26,2,1918,76,0.469
713886333,Attrited Customer,1974,M,2,High School,Married,$60K - $80K,Blue,39,3,18660,43,0.039
711741708,Attrited Customer,1980,M,3,Post-Graduate,Unknown,$80K - $120K,Blue,33,2,7591,42,0
794217108,Existing Customer,1978,M,2,College,Single,$120K +,Blue,37,3,14315,67,0.094
715339758,Existing Customer,1957,F,1,High School,Divorced,Unknown,Blue,36,3,18038,64,0.066
709610283,Existing Customer,1979,F,4,Graduate,Single,Less than $40K,Blue,34,2,1853,72,0
714575208,Existing Customer,1972,M,5,Doctorate,Single,$40K - $60K,Blue,43,1,4951,62,0.404
716758908,Existing Customer,1975,M,3,Uneducated,Single,$120K +,Blue,27,2,34516,71,0.064
778915233,Attrited Customer,1970,F,0,Graduate,Married,Less than $40K,Blue,32,2,1757,47,0.188
789466008,Existing Customer,1974,M,5,Graduate,Married,$60K - $80K,Blue,38,3,24033,75,0.025
716635758,Existing Customer,1983,F,2,Unknown,Single,$40K - $60K,Blue,29,3,3276,68,0.712
771819258,Existing Customer,1969,M,1,Unknown,Married,$120K +,Blue,40,1,3614,82,0
713451408,Existing Customer,1974,M,4,High School,Divorced,$60K - $80K,Blue,36,1,1943,70,0.851
780146658,Attrited Customer,1981,F,2,Post-Graduate,Married,$40K - $60K,Blue,25,2,3795,32,0.663
711675108,Existing Customer,1978,F,3,Graduate,Single,Less than $40K,Blue,30,3,4075,71,0.537
755467683,Attrited Customer,1973,F,1,Graduate,Single,Less than $40K,Blue,41,2,3001,42,0.161
792864858,Existing Customer,1974,M,4,Unknown,Unknown,Less than $40K,Blue,37,3,5726,58,0.146
713009208,Existing Customer,1967,F,3,Graduate,Single,Less than $40K,Blue,44,2,2077,66,0.787
772231233,Existing Customer,1980,F,2,Graduate,Married,Less than $40K,Blue,30,2,2157,85,0.334
720510333,Existing Customer,1981,F,3,College,Unknown,$40K - $60K,Blue,20,2,2037,84,0.662
780199233,Existing Customer,1988,M,2,Doctorate,Single,$120K +,Blue,23,1,14914,87,0.074
711700158,Existing Customer,1974,F,2,High School,Single,Less than $40K,Blue,39,3,1580,70,0.392
788275083,Existing Customer,1975,M,3,College,Married,$60K - $80K,Blue,38,3,15483,80,0.111
708804633,Attrited Customer,1977,F,2,Doctorate,Divorced,Less than $40K,Blue,36,2,1916,39,0
714479358,Attrited Customer,1970,M,3,Graduate,Single,$80K - $120K,Blue,36,3,3610,34,0.43
711406758,Existing Customer,1973,F,3,Graduate,Married,Less than $40K,Blue,36,2,1667,80,0
821424483,Existing Customer,1970,F,1,High School,Single,Less than $40K,Blue,47,3,1438.3,70,0
769438608,Attrited Customer,1973,F,1,Graduate,Married,Less than $40K,Blue,42,3,1942,42,0.443
822068583,Existing Customer,1973,F,4,Uneducated,Single,Unknown,Blue,44,3,2231,48,0
711371208,Existing Customer,1971,F,4,College,Married,Unknown,Blue,36,2,6465,68,0.288
788832033,Existing Customer,1986,M,2,High School,Unknown,$40K - $60K,Blue,19,3,8599,64,0.109
713452533,Existing Customer,1986,F,4,Graduate,Single,Less than $40K,Blue,22,3,1438.3,64,0
720212508,Existing Customer,1970,F,1,Graduate,Single,Less than $40K,Blue,37,3,4402,76,0.158
717825033,Existing Customer,1971,M,0,Unknown,Divorced,$60K - $80K,Blue,36,3,5444,80,0.459
779926608,Existing Customer,1971,F,2,High School,Married,Less than $40K,Blue,36,2,1438.3,82,0
713608383,Attrited Customer,1967,F,1,Unknown,Married,Less than $40K,Blue,40,1,1438.3,36,0
710125608,Existing Customer,1976,F,5,Unknown,Single,Less than $40K,Blue,36,2,2679,73,0.582
712724733,Existing Customer,1990,F,0,Post-Graduate,Single,Less than $40K,Blue,19,3,2766,71,0.626
718286658,Existing Customer,1979,M,3,Graduate,Single,$60K - $80K,Silver,22,3,25293,80,0.045
714195108,Existing Customer,1976,F,2,Post-Graduate,Single,Unknown,Blue,37,3,2707,70,0.663
720867708,Attrited Customer,1976,F,4,Graduate,Unknown,Less than $40K,Blue,33,3,1748,41,0.631
752573508,Existing Customer,1976,F,3,High School,Single,$40K - $60K,Blue,26,2,4034,72,0.463
768661758,Existing Customer,1968,M,0,Uneducated,Divorced,$120K +,Blue,47,2,26129,75,0.067
721126833,Attrited Customer,1970,M,2,High School,Married,$80K - $120K,Blue,41,2,14902,39,0
716093133,Existing Customer,1983,F,2,Uneducated,Single,$40K - $60K,Blue,31,2,12228,68,0.175
771092433,Existing Customer,1966,F,2,Graduate,Single,Less than $40K,Blue,42,3,1724,67,0
712807758,Attrited Customer,1974,F,3,Graduate,Single,Less than $40K,Blue,39,3,1438.3,32,0
721514883,Existing Customer,1983,M,1,Graduate,Single,$80K - $120K,Blue,25,0,16665,78,0.069
824140908,Attrited Customer,1969,M,3,Uneducated,Single,$120K +,Blue,48,3,20974,27,0
712971708,Existing Customer,1978,F,5,Unknown,Single,Less than $40K,Blue,26,0,3139,80,0.347
716471508,Existing Customer,1967,M,2,Unknown,Single,$120K +,Blue,36,1,19865,83,0
782548758,Existing Customer,1979,F,5,High School,Divorced,Less than $40K,Blue,36,2,2069,82,0.623
720444408,Attrited Customer,1986,F,1,College,Single,Less than $40K,Blue,25,2,2231,42,0.803
717389433,Existing Customer,1959,F,0,High School,Single,Unknown,Silver,51,1,33371,67,0
714292533,Existing Customer,1973,F,3,College,Married,Less than $40K,Blue,36,1,2544,64,0
709585758,Existing Customer,1980,M,4,High School,Single,$120K +,Blue,28,1,34516,86,0
712096758,Existing Customer,1972,F,2,Graduate,Unknown,$40K - $60K,Blue,36,3,5370,81,0.122
811463283,Existing Customer,1967,M,0,Graduate,Single,$80K - $120K,Blue,42,1,22437,50,0.062
789358908,Attrited Customer,1968,F,3,College,Married,Less than $40K,Blue,43,2,3573,36,0
718146258,Existing Customer,1970,M,2,Graduate,Divorced,$60K - $80K,Blue,41,3,1959,71,0
710779083,Existing Customer,1962,F,0,Graduate,Married,Less than $40K,Blue,48,3,1661,77,0
709166883,Existing Customer,1982,F,3,Uneducated,Single,Unknown,Blue,27,2,5363,78,0
712554183,Existing Customer,1956,F,2,College,Single,$40K - $60K,Blue,54,3,3009,71,0.24
721315233,Existing Customer,1974,M,4,High School,Single,$40K - $60K,Silver,32,3,18535,70,0.064
714766383,Existing Customer,1979,M,3,High School,Single,Less than $40K,Blue,24,3,2171,77,0.652
797491683,Attrited Customer,1976,M,5,Unknown,Married,$80K - $120K,Silver,39,2,34516,49,0.057
714157908,Existing Customer,1964,F,0,Unknown,Married,Less than $40K,Blue,42,1,2376,71,0.638
714588408,Existing Customer,1970,F,3,Uneducated,Married,Less than $40K,Blue,43,3,2882,68,0
719627133,Existing Customer,1971,F,1,Graduate,Single,Less than $40K,Blue,37,3,3277,59,0.757
714125883,Existing Customer,1974,M,2,Unknown,Married,$80K - $120K,Blue,36,2,2514,71,0.734
712865583,Existing Customer,1964,F,5,Graduate,Married,$40K - $60K,Blue,49,2,3301,69,0.762
779363283,Existing Customer,1973,M,3,Post-Graduate,Single,$60K - $80K,Blue,34,3,12391,86,0.063
779224758,Existing Customer,1974,F,2,Doctorate,Single,Less than $40K,Blue,37,3,2168,86,0.685
718775808,Existing Customer,1979,F,3,Unknown,Married,Unknown,Blue,31,1,7762,77,0.17
710267583,Existing Customer,1976,F,3,Doctorate,Divorced,Unknown,Blue,33,3,12587,83,0.065
711305208,Existing Customer,1969,M,2,Unknown,Married,$60K - $80K,Blue,36,3,14785,70,0.074
717531483,Existing Customer,1984,M,2,High School,Single,$60K - $80K,Blue,21,2,3433,87,0.281
709170108,Attrited Customer,1961,F,1,Unknown,Single,$40K - $60K,Blue,41,2,2425,36,0
716056158,Attrited Customer,1958,M,0,Graduate,Single,$60K - $80K,Blue,51,3,11619,49,0
711326583,Existing Customer,1959,F,0,High School,Single,Less than $40K,Blue,50,3,3989,68,0
715406658,Attrited Customer,1974,F,1,Unknown,Single,Less than $40K,Blue,37,2,2173,45,0.274
712814658,Existing Customer,1971,F,0,Graduate,Married,Less than $40K,Blue,43,1,2393,82,0.626
773228133,Attrited Customer,1982,F,2,Graduate,Married,Less than $40K,Blue,29,2,1677,41,0
710453283,Existing Customer,1981,F,3,Uneducated,Single,Less than $40K,Blue,27,4,2035,82,0
795266208,Existing Customer,1982,M,3,College,Single,$120K +,Blue,30,2,8842,79,0
779090883,Existing Customer,1979,F,2,Unknown,Unknown,Less than $40K,Blue,23,3,2483,64,0.522
712309758,Existing Customer,1956,M,0,Graduate,Single,$40K - $60K,Blue,49,2,13921,75,0.086
716625033,Attrited Customer,1989,F,1,Graduate,Single,Less than $40K,Blue,36,3,2761,43,0
790112133,Existing Customer,1974,F,2,Post-Graduate,Single,$40K - $60K,Blue,40,3,2623,83,0.628
797238108,Existing Customer,1972,F,4,Unknown,Divorced,Less than $40K,Blue,43,1,3232,74,0.255
716782758,Attrited Customer,1973,M,3,Graduate,Single,$60K - $80K,Blue,42,2,19075,32,0
715588008,Existing Customer,1976,M,4,College,Married,$80K - $120K,Blue,31,3,31978,51,0.052
713977308,Existing Customer,1959,M,1,Graduate,Single,$120K +,Blue,53,3,34516,76,0.06
719059083,Existing Customer,1976,F,3,High School,Unknown,Less than $40K,Blue,33,1,6225,71,0.256
708797583,Attrited Customer,1972,F,4,Unknown,Single,Unknown,Blue,31,3,2672,39,0
708809283,Attrited Customer,1980,F,4,Graduate,Divorced,$40K - $60K,Blue,33,3,10360,28,0.243
771529608,Existing Customer,1971,M,2,High School,Married,$120K +,Blue,38,6,10747,63,0.096
715776033,Existing Customer,1975,M,5,Uneducated,Single,$60K - $80K,Blue,33,1,3135,68,0
778619358,Existing Customer,1979,F,3,Uneducated,Single,Less than $40K,Blue,22,1,1438.3,79,0.598
715717608,Existing Customer,1980,F,4,Uneducated,Unknown,Less than $40K,Blue,32,3,3189,86,0
789204933,Existing Customer,1956,M,1,Uneducated,Single,Less than $40K,Blue,55,2,8963,76,0
711100608,Attrited Customer,1966,M,1,Uneducated,Single,$60K - $80K,Blue,48,2,1723,43,0
713591283,Existing Customer,1985,F,3,Uneducated,Married,Unknown,Blue,23,6,2161,77,0.65
719344608,Existing Customer,1975,F,3,Graduate,Single,Less than $40K,Blue,27,3,3901,72,0.257
787659483,Existing Customer,1963,F,1,Doctorate,Married,Less than $40K,Blue,48,2,1438.3,60,0.557
822948708,Existing Customer,1979,F,3,Uneducated,Divorced,Less than $40K,Blue,38,2,3131,62,0.271
710080383,Existing Customer,1983,F,2,Graduate,Single,$40K - $60K,Blue,36,2,2331,69,0.733
715596783,Existing Customer,1992,F,1,Uneducated,Married,Less than $40K,Blue,18,3,1895,72,0.605
798773208,Existing Customer,1975,F,4,Unknown,Divorced,Unknown,Blue,40,2,26496,75,0.053
768624258,Attrited Customer,1966,F,2,Graduate,Single,Less than $40K,Blue,49,1,1583,36,0.148
721412208,Existing Customer,1964,F,2,High School,Married,Less than $40K,Blue,36,2,1438.3,79,0.629
708129933,Existing Customer,1976,F,4,Graduate,Single,Less than $40K,Blue,36,3,2072,64,0.745
719703483,Existing Customer,1974,F,1,Doctorate,Divorced,Less than $40K,Blue,37,3,2707,73,0.505
708290208,Existing Customer,1978,F,3,High School,Married,Less than $40K,Silver,31,3,13608,76,0.087
710431158,Existing Customer,1969,F,3,Unknown,Single,Unknown,Blue,36,1,10273,70,0.161
816528333,Existing Customer,1957,F,0,High School,Single,Less than $40K,Blue,56,6,2609,59,0.427
778760808,Existing Customer,1969,F,2,Graduate,Married,Less than $40K,Blue,39,1,8431,37,0.221
718025808,Existing Customer,1960,M,0,High School,Divorced,$60K - $80K,Blue,51,3,5852,55,0.331
815860008,Existing Customer,1981,F,3,Uneducated,Married,Less than $40K,Blue,35,2,3140,78,0.695
780126033,Attrited Customer,1971,M,4,Unknown,Married,$40K - $60K,Blue,35,1,12914,54,0.095
720135333,Existing Customer,1976,F,5,Graduate,Single,Less than $40K,Blue,34,1,8694,49,0.111
719174433,Attrited Customer,1985,F,1,Unknown,Single,Less than $40K,Blue,24,1,1735,35,0
821521983,Existing Customer,1970,F,3,High School,Single,Unknown,Blue,46,1,2286,89,0.718
716961933,Existing Customer,1978,F,2,Graduate,Married,Less than $40K,Blue,36,2,3589,70,0.504
712834533,Existing Customer,1970,F,2,Unknown,Single,Less than $40K,Blue,39,2,2673,75,0.477
710544033,Existing Customer,1974,M,2,Unknown,Married,$80K - $120K,Blue,36,1,9437,78,0.214
710622333,Existing Customer,1982,F,2,High School,Single,$40K - $60K,Blue,28,2,2751,67,0.821
714277758,Existing Customer,1981,M,1,High School,Single,$40K - $60K,Blue,28,2,11557,75,0.091
713166333,Existing Customer,1983,F,2,High School,Married,Unknown,Blue,27,2,14831,73,0.088
714346608,Attrited Customer,1970,F,2,Graduate,Single,$40K - $60K,Blue,36,1,1495,50,0
778284783,Existing Customer,1977,M,5,Unknown,Married,$60K - $80K,Blue,34,3,2791,70,0.709
714721608,Existing Customer,1983,M,3,Graduate,Single,$120K +,Blue,29,3,9703,81,0.097
716453883,Existing Customer,1974,M,5,Unknown,Single,$120K +,Blue,39,3,3889,63,0.473
713876958,Existing Customer,1989,F,0,Unknown,Single,Unknown,Blue,26,2,14140,76,0.06
794967408,Existing Customer,1968,M,3,Post-Graduate,Married,$80K - $120K,Blue,47,2,9106,74,0.107
798481383,Attrited Customer,1981,F,3,Uneducated,Married,Less than $40K,Blue,34,1,2694,38,0
718697583,Existing Customer,1976,M,3,Graduate,Divorced,$60K - $80K,Blue,36,3,19629,79,0
711799458,Existing Customer,1980,M,4,Graduate,Single,$40K - $60K,Blue,36,1,6507,89,0.223
823904133,Attrited Customer,1968,F,2,College,Single,Unknown,Blue,49,2,10195,54,0
718005108,Existing Customer,1977,F,5,College,Married,Less than $40K,Blue,34,1,2096,68,0.816
717877533,Existing Customer,1982,F,2,Graduate,Single,$40K - $60K,Blue,36,1,11314,70,0
711883833,Existing Customer,1971,F,1,Uneducated,Single,Less than $40K,Blue,37,1,1837,88,0.362
711646908,Attrited Customer,1982,M,3,Unknown,Single,$60K - $80K,Blue,23,2,7821,43,0.322
718171308,Attrited Customer,1977,F,3,Graduate,Married,Less than $40K,Blue,36,3,1984,46,0
709627983,Existing Customer,1965,F,3,Post-Graduate,Single,Less than $40K,Blue,36,3,2535,68,0.67
716580933,Existing Customer,1958,M,0,Uneducated,Single,$40K - $60K,Blue,36,3,1970,65,0.621
713600958,Existing Customer,1971,M,1,Unknown,Married,$120K +,Blue,38,5,34516,65,0.06
772248408,Existing Customer,1981,F,3,Graduate,Single,Less than $40K,Blue,29,1,2694,56,0.68
720196158,Existing Customer,1973,M,3,Unknown,Single,$60K - $80K,Blue,40,3,4476,67,0
770024733,Attrited Customer,1968,F,2,Uneducated,Single,$40K - $60K,Blue,47,2,1699,49,0
710912733,Existing Customer,1977,F,1,Uneducated,Married,Less than $40K,Blue,36,2,1953,91,0.902
712860858,Existing Customer,1965,F,2,Graduate,Unknown,Unknown,Blue,45,1,5264,70,0
708702258,Attrited Customer,1981,F,3,Uneducated,Single,Unknown,Blue,36,2,3698,31,0.129
797169633,Existing Customer,1980,M,4,Graduate,Single,$120K +,Blue,35,3,34516,51,0.024
709922508,Existing Customer,1981,F,4,Unknown,Married,Less than $40K,Blue,28,1,2712,79,0
712802733,Existing Customer,1976,F,4,High School,Divorced,Less than $40K,Blue,36,1,5486,70,0.125
716981358,Existing Customer,1981,F,2,Post-Graduate,Married,Less than $40K,Blue,32,3,2107,73,0.447
758787333,Existing Customer,1969,M,3,Uneducated,Unknown,$120K +,Blue,45,1,18096,68,0.133
720519333,Attrited Customer,1962,F,2,Unknown,Single,Unknown,Blue,45,3,2721,48,0.693
717387933,Existing Customer,1972,F,2,High School,Divorced,Less than $40K,Blue,36,3,2976,57,0.758
738195708,Existing Customer,1974,M,2,Graduate,Divorced,$80K - $120K,Blue,40,1,16741,56,0.073
708560733,Existing Customer,1979,F,3,Graduate,Divorced,Less than $40K,Blue,36,2,3714,85,0.678
717001908,Attrited Customer,1980,F,5,Graduate,Married,Less than $40K,Blue,28,2,6936,44,0
768972558,Existing Customer,1978,M,5,High School,Married,$120K +,Blue,37,3,11099,77,0
716899233,Existing Customer,1981,F,4,Graduate,Single,Less than $40K,Gold,20,4,15987,70,0.123
715567608,Existing Customer,1976,F,1,High School,Unknown,Less than $40K,Blue,35,4,4406,76,0.283
713264583,Existing Customer,1978,M,2,High School,Married,$120K +,Silver,23,3,34516,71,0.033
716769783,Existing Customer,1973,F,2,Graduate,Married,Unknown,Blue,40,2,5104,78,0.144
719564208,Attrited Customer,1975,F,1,Uneducated,Single,$40K - $60K,Blue,30,2,7195,47,0
716680983,Existing Customer,1980,F,3,Doctorate,Married,Less than $40K,Blue,36,1,1956,70,0.538
715719033,Existing Customer,1983,F,3,Post-Graduate,Married,Less than $40K,Blue,32,3,3317,74,0.759
713229633,Attrited Customer,1976,F,0,Unknown,Married,$40K - $60K,Blue,30,2,2759,47,0
788246958,Existing Customer,1977,F,2,Graduate,Married,Unknown,Blue,36,1,6038,81,0
720419358,Existing Customer,1986,F,2,Uneducated,Single,Less than $40K,Blue,36,2,2942,71,0.714
772545858,Existing Customer,1972,F,4,Graduate,Married,Less than $40K,Blue,39,2,5095,89,0
771431133,Existing Customer,1974,F,4,Graduate,Unknown,Less than $40K,Blue,35,2,1438.3,69,0
717800358,Existing Customer,1973,M,3,High School,Single,$80K - $120K,Blue,36,3,10111,68,0.086
798041508,Attrited Customer,1971,F,4,Graduate,Single,Less than $40K,Blue,44,3,3201,42,0.786
710626758,Existing Customer,1977,M,4,Uneducated,Unknown,$60K - $80K,Blue,36,1,2761,65,0
718982058,Existing Customer,1984,M,3,Graduate,Divorced,$40K - $60K,Blue,36,2,5987,72,0.235
791822733,Existing Customer,1974,F,3,High School,Single,Unknown,Blue,41,1,5630,81,0.133
718762308,Existing Customer,1986,F,1,Graduate,Single,Unknown,Blue,36,2,6622,60,0.321
716841783,Existing Customer,1970,M,0,Graduate,Married,$120K +,Blue,36,2,18733,85,0.069
794524833,Existing Customer,1985,F,3,Graduate,Single,$40K - $60K,Blue,18,3,2265,73,0.594
721359183,Existing Customer,1988,F,2,Unknown,Married,$40K - $60K,Blue,19,3,2907,76,0.529
715014633,Attrited Customer,1989,F,0,Uneducated,Married,Unknown,Blue,36,3,8791,51,0
714372333,Attrited Customer,1962,F,0,Doctorate,Married,Less than $40K,Blue,52,4,2302,40,0
766946058,Existing Customer,1970,F,2,Unknown,Unknown,$40K - $60K,Blue,44,6,5489,75,0.303
708549033,Existing Customer,1971,F,1,High School,Married,Less than $40K,Blue,32,1,2055,70,0.621
708378108,Existing Customer,1982,F,1,Post-Graduate,Married,$40K - $60K,Blue,36,3,2147,76,0.359
826168083,Existing Customer,1972,F,4,Unknown,Divorced,Less than $40K,Blue,45,3,1757,72,0.744
779320008,Attrited Customer,1978,M,3,College,Married,$80K - $120K,Blue,25,3,2900,31,0.868
715312158,Existing Customer,1980,F,2,Graduate,Single,Less than $40K,Blue,29,2,2670,59,0.779
711688983,Existing Customer,1970,M,2,Unknown,Divorced,$80K - $120K,Blue,38,2,21382,66,0.079
714393708,Existing Customer,1967,F,0,College,Married,$40K - $60K,Blue,46,2,2254,84,0.236
789477483,Existing Customer,1981,F,5,Unknown,Single,Unknown,Blue,31,3,4433,76,0.336
712481733,Existing Customer,1966,F,2,Graduate,Married,Less than $40K,Blue,36,2,1438.3,77,0.514
713153733,Attrited Customer,1972,F,2,Graduate,Unknown,Less than $40K,Blue,29,3,2520,36,0.585
780201633,Attrited Customer,1980,F,3,Graduate,Single,$40K - $60K,Blue,31,3,5655,51,0.204
709285683,Existing Customer,1973,M,4,Unknown,Divorced,$60K - $80K,Blue,31,1,1438.3,74,0
789823383,Existing Customer,1977,F,3,Unknown,Single,Less than $40K,Blue,34,3,2786,82,0.587
709980783,Existing Customer,1970,F,3,High School,Divorced,Less than $40K,Blue,36,3,3961,63,0.437
772054458,Existing Customer,1978,M,3,Unknown,Unknown,$60K - $80K,Blue,32,1,2476,65,0.785
788095158,Attrited Customer,1969,M,3,Uneducated,Married,$80K - $120K,Blue,44,3,11606,39,0
717045033,Existing Customer,1976,F,3,Unknown,Married,Unknown,Blue,36,1,8459,87,0.089
710503308,Existing Customer,1973,F,2,Graduate,Single,Unknown,Blue,29,1,9554,71,0.245
757167633,Existing Customer,1971,M,2,Uneducated,Single,$60K - $80K,Blue,43,3,4388,81,0.146
779739783,Existing Customer,1978,M,2,Graduate,Married,$60K - $80K,Blue,28,3,19826,73,0.07
758653833,Existing Customer,1987,F,1,Graduate,Married,$40K - $60K,Blue,27,1,2173,83,0
771288258,Existing Customer,1973,F,3,Unknown,Unknown,$40K - $60K,Blue,36,2,2545,68,0.744
716855058,Attrited Customer,1972,F,4,Graduate,Married,Less than $40K,Blue,38,2,1757,45,0
708433683,Existing Customer,1967,M,2,Graduate,Married,$80K - $120K,Blue,37,2,3164,86,0.696
713175483,Existing Customer,1977,F,2,Graduate,Married,Less than $40K,Blue,40,2,6022,74,0.145
709500183,Attrited Customer,1975,F,3,College,Married,Less than $40K,Blue,36,3,1804,44,0
789238683,Existing Customer,1968,M,2,Uneducated,Divorced,$120K +,Blue,42,2,22664,89,0
710502258,Existing Customer,1982,M,3,Graduate,Single,$60K - $80K,Blue,36,3,2527,85,0.872
715445058,Attrited Customer,1972,F,0,Doctorate,Married,Less than $40K,Blue,40,4,3547,45,0.71
719464758,Existing Customer,1969,F,1,College,Single,Less than $40K,Blue,43,2,1438.3,83,0.42
708442158,Existing Customer,1970,F,1,College,Married,Unknown,Blue,38,2,6182,61,0.245
718524783,Attrited Customer,1981,M,3,High School,Unknown,$80K - $120K,Blue,34,3,29715,39,0
717093858,Existing Customer,1972,F,2,College,Married,Less than $40K,Blue,36,3,2154,63,0.692
711654558,Existing Customer,1975,M,3,Graduate,Unknown,$60K - $80K,Blue,36,3,2179,69,0.749
718924983,Existing Customer,1962,M,0,Uneducated,Single,$60K - $80K,Blue,48,1,4906,80,0.265
717463608,Existing Customer,1983,F,1,Unknown,Married,$40K - $60K,Blue,26,3,2346,79,0.6
715779333,Existing Customer,1976,F,3,Graduate,Single,Less than $40K,Blue,36,2,4753,71,0
708117933,Attrited Customer,1977,F,2,Graduate,Divorced,Less than $40K,Blue,36,2,1880,34,0
789563658,Existing Customer,1957,M,0,College,Single,Less than $40K,Silver,56,4,12155,60,0
709239483,Existing Customer,1972,F,1,Graduate,Married,$40K - $60K,Blue,36,3,2721,88,0.561
766456683,Existing Customer,1970,F,1,Graduate,Married,Less than $40K,Blue,44,2,6160,80,0.367
779703258,Existing Customer,1980,F,4,Graduate,Single,Less than $40K,Blue,24,3,2069,70,0.673
709719333,Existing Customer,1980,M,2,High School,Single,$80K - $120K,Blue,29,3,28422,80,0.044
717016833,Existing Customer,1982,M,4,Uneducated,Married,$80K - $120K,Blue,27,4,1438.3,69,0
711017433,Existing Customer,1980,M,3,Graduate,Divorced,Less than $40K,Blue,23,2,1438.3,68,0
712777233,Attrited Customer,1956,M,0,Graduate,Single,Unknown,Blue,48,4,1671,51,0
712706058,Attrited Customer,1977,F,5,Graduate,Single,Less than $40K,Blue,37,2,1491,46,0
720905133,Attrited Customer,1978,M,3,Graduate,Unknown,$80K - $120K,Blue,29,2,11422,45,0.096
712947333,Attrited Customer,1967,F,4,Unknown,Married,Less than $40K,Blue,43,3,5139,44,0
806995683,Existing Customer,1960,M,0,Doctorate,Single,$60K - $80K,Blue,56,1,4783,50,0.526
720575058,Existing Customer,1974,M,3,Unknown,Single,$60K - $80K,Blue,36,2,2589,83,0.654
770828358,Existing Customer,1983,M,1,Graduate,Unknown,$80K - $120K,Blue,25,2,8138,61,0
721361433,Existing Customer,1970,F,3,Graduate,Married,Unknown,Blue,37,1,4502,87,0.396
770268933,Existing Customer,1977,M,5,Unknown,Married,$60K - $80K,Silver,38,2,33521,66,0.028
789209283,Existing Customer,1973,F,3,High School,Single,Less than $40K,Blue,37,3,4361,84,0.185
716204883,Existing Customer,1968,M,4,College,Unknown,$60K - $80K,Blue,44,3,7026,66,0.246
715506258,Existing Customer,1971,M,2,High School,Married,$80K - $120K,Blue,36,2,16388,83,0.122
711871758,Attrited Customer,1991,F,1,Graduate,Married,Less than $40K,Blue,36,2,2905,39,0.866
772655733,Existing Customer,1980,M,1,Uneducated,Single,$80K - $120K,Blue,31,2,2404,75,0.785
719519058,Attrited Customer,1966,F,4,High School,Married,Less than $40K,Blue,36,2,1477,49,0
716873733,Attrited Customer,1978,F,4,Post-Graduate,Divorced,Less than $40K,Blue,30,3,3556,53,0.708
780383358,Existing Customer,1973,M,3,Graduate,Married,$60K - $80K,Blue,38,1,5649,72,0.132
718522308,Existing Customer,1980,F,3,Post-Graduate,Unknown,$40K - $60K,Blue,29,1,14345,72,0.067
716308683,Existing Customer,1974,F,3,High School,Married,Less than $40K,Blue,36,2,6524,66,0.305
719056833,Existing Customer,1966,F,1,Unknown,Married,Less than $40K,Blue,46,1,2281,66,0.403
712303908,Existing Customer,1974,F,4,College,Married,Less than $40K,Blue,38,1,2633,66,0.731
715572783,Existing Customer,1970,M,3,Graduate,Married,$80K - $120K,Blue,31,1,7693,93,0
713641233,Existing Customer,1977,F,3,High School,Single,Unknown,Blue,31,6,10262,65,0.184
712854633,Existing Customer,1972,F,2,Unknown,Single,Unknown,Blue,39,1,11320,57,0
779340183,Existing Customer,1968,F,1,College,Single,Less than $40K,Blue,35,2,2482,72,0.369
771952683,Existing Customer,1974,F,3,High School,Married,Less than $40K,Blue,36,2,3035,63,0
716639058,Existing Customer,1970,M,2,Graduate,Single,$120K +,Blue,40,3,26308,53,0
779027733,Existing Customer,1968,F,4,Unknown,Single,Less than $40K,Blue,34,2,6721,51,0.166
713368833,Existing Customer,1972,M,2,College,Single,$60K - $80K,Blue,41,3,6205,64,0.36
713926308,Existing Customer,1986,F,3,Uneducated,Single,Less than $40K,Blue,36,2,2624,61,0.556
720206658,Attrited Customer,1981,F,3,Graduate,Married,Less than $40K,Blue,29,2,1479,44,0.31
708720558,Existing Customer,1977,M,3,College,Married,$60K - $80K,Blue,30,2,4489,64,0
713857758,Attrited Customer,1968,F,1,Graduate,Married,Unknown,Blue,36,3,5842,44,0.034
711255858,Existing Customer,1979,F,4,Unknown,Married,Less than $40K,Blue,30,2,8777,83,0.19
798717783,Existing Customer,1970,F,2,Unknown,Single,Less than $40K,Blue,45,6,3250,84,0
710674533,Attrited Customer,1975,M,1,Uneducated,Married,$60K - $80K,Blue,34,3,15060,42,0
718642458,Existing Customer,1981,M,4,High School,Unknown,$80K - $120K,Blue,36,1,2126,72,0.621
709788783,Existing Customer,1974,M,4,Unknown,Divorced,$40K - $60K,Blue,35,2,4907,71,0.158
752199183,Existing Customer,1970,F,1,Uneducated,Married,Unknown,Blue,44,2,3553,89,0
789707433,Existing Customer,1980,F,4,High School,Single,Unknown,Blue,28,2,2515,68,0.522
717448383,Attrited Customer,1980,M,4,Unknown,Single,$80K - $120K,Blue,28,2,4428,36,0
779468808,Existing Customer,1978,M,1,High School,Married,$40K - $60K,Blue,25,3,1616,78,0
790000608,Existing Customer,1957,F,1,Graduate,Single,Less than $40K,Blue,56,1,6723,67,0.144
770917608,Existing Customer,1979,F,1,Uneducated,Married,Less than $40K,Blue,29,4,2756,62,0.693
716307558,Attrited Customer,1971,F,3,High School,Married,Less than $40K,Blue,40,2,2897,46,0.52
719048133,Existing Customer,1969,F,2,Uneducated,Married,Less than $40K,Blue,42,3,5456,65,0
771488583,Existing Customer,1975,F,1,Graduate,Single,$40K - $60K,Blue,34,2,3569,72,0
717202908,Existing Customer,1982,M,5,College,Married,$80K - $120K,Blue,29,3,34198,59,0.053
720696558,Existing Customer,1977,M,2,Graduate,Single,$80K - $120K,Blue,31,2,34516,85,0.038
788989083,Existing Customer,1964,F,3,College,Single,$40K - $60K,Blue,44,1,2817,82,0.662
720398958,Existing Customer,1968,F,1,Uneducated,Single,Less than $40K,Blue,43,2,2126,70,0.591
716530533,Existing Customer,1978,F,2,Uneducated,Single,Less than $40K,Blue,36,1,2573,77,0.637
714499908,Existing Customer,1976,F,3,Unknown,Married,$40K - $60K,Blue,31,5,2016,63,0.646
708879483,Existing Customer,1973,F,1,College,Divorced,Less than $40K,Blue,36,3,4006,89,0.411
716044383,Existing Customer,1980,F,3,High School,Unknown,Unknown,Blue,36,1,5869,65,0
781320783,Attrited Customer,1974,M,2,Graduate,Divorced,$80K - $120K,Blue,41,2,4586,43,0
711657783,Existing Customer,1971,F,2,College,Single,Less than $40K,Blue,41,3,1438.3,67,0
715423233,Existing Customer,1975,M,5,Unknown,Married,$60K - $80K,Blue,35,3,1790,57,0.445
719264058,Existing Customer,1970,F,0,Graduate,Married,Unknown,Blue,36,2,5862,51,0.393
711120333,Existing Customer,1978,M,5,Unknown,Married,$60K - $80K,Blue,36,5,7411,80,0.181
714100008,Attrited Customer,1974,F,2,College,Married,Less than $40K,Blue,36,2,5667,38,0.444
798030933,Existing Customer,1974,M,4,College,Single,$60K - $80K,Blue,41,2,15594,75,0
708223383,Attrited Customer,1974,F,3,High School,Married,Unknown,Blue,39,3,11410,38,0.086
708705783,Attrited Customer,1974,M,3,Doctorate,Married,$60K - $80K,Blue,36,3,1584,41,0.766
778949133,Existing Customer,1977,M,1,Uneducated,Married,$80K - $120K,Blue,29,3,13298,66,0.127
709017258,Attrited Customer,1970,F,2,Unknown,Married,Less than $40K,Blue,36,2,2114,45,0
709161108,Attrited Customer,1977,M,1,Unknown,Single,$60K - $80K,Blue,33,2,2540,31,0
716842908,Existing Customer,1980,F,5,Uneducated,Single,Less than $40K,Blue,30,2,1762,80,0.596
787513533,Existing Customer,1974,F,1,Uneducated,Married,Less than $40K,Blue,36,3,2245,54,0.669
717949983,Existing Customer,1974,M,1,Uneducated,Married,$40K - $60K,Blue,36,2,8168,82,0.262
714089658,Attrited Customer,1980,M,2,Graduate,Single,$60K - $80K,Blue,36,2,2238,42,0
718863258,Attrited Customer,1967,F,2,Doctorate,Married,Less than $40K,Blue,41,2,3881,38,0.649
717549408,Existing Customer,1977,M,4,Graduate,Married,$80K - $120K,Blue,36,1,20485,51,0
807600633,Existing Customer,1977,F,2,Doctorate,Divorced,Unknown,Blue,39,4,9856,83,0.068
770293758,Existing Customer,1977,M,3,High School,Single,Less than $40K,Blue,38,1,2111,82,0.496
765584208,Existing Customer,1978,F,3,Unknown,Divorced,Less than $40K,Blue,30,2,2905,84,0.716
811989858,Existing Customer,1972,M,4,Uneducated,Unknown,$60K - $80K,Silver,44,3,32244,65,0
721276383,Existing Customer,1974,F,2,Post-Graduate,Divorced,$40K - $60K,Blue,33,2,5624,66,0.216
708585933,Existing Customer,1977,F,4,High School,Single,Less than $40K,Blue,36,2,1656,77,0.863
713283933,Attrited Customer,1979,M,2,Uneducated,Married,$40K - $60K,Blue,30,3,3032,44,0
714915633,Attrited Customer,1979,M,0,High School,Single,$60K - $80K,Blue,36,3,15699,40,0
709236633,Existing Customer,1981,F,3,Uneducated,Divorced,$40K - $60K,Blue,28,1,6608,58,0.344
827948133,Existing Customer,1974,F,3,Graduate,Single,Less than $40K,Blue,43,2,5062,68,0.281
718946358,Existing Customer,1977,M,3,Uneducated,Single,$40K - $60K,Blue,30,3,1547,63,0
714400308,Existing Customer,1961,F,0,Uneducated,Single,Less than $40K,Silver,49,1,11060,83,0.149
789670533,Existing Customer,1980,F,2,High School,Married,$40K - $60K,Blue,26,1,1438.3,67,0
770942283,Existing Customer,1975,F,2,Unknown,Single,Less than $40K,Blue,33,3,3670,68,0
827074758,Existing Customer,1979,F,3,Uneducated,Single,Less than $40K,Blue,38,1,1538,61,0.564
818326083,Existing Customer,1967,F,3,High School,Married,$40K - $60K,Blue,49,1,1438.3,91,0.616
712292133,Attrited Customer,1976,F,3,College,Married,Less than $40K,Blue,36,2,2330,40,0.985
709449333,Existing Customer,1972,M,1,High School,Single,$60K - $80K,Blue,40,2,3170,72,0.45
788840283,Existing Customer,1979,F,2,Post-Graduate,Divorced,Less than $40K,Blue,26,2,2120,86,0.72
716013858,Existing Customer,1968,M,0,Graduate,Single,$80K - $120K,Blue,34,1,20231,78,0.071
712229283,Attrited Customer,1973,F,4,Doctorate,Unknown,Unknown,Blue,24,2,1438.3,46,0
751422258,Existing Customer,1976,F,4,Graduate,Married,Less than $40K,Blue,38,3,5583,71,0
715691808,Existing Customer,1980,F,3,Uneducated,Divorced,Less than $40K,Blue,30,3,7764,72,0.08
794273283,Attrited Customer,1970,M,3,Uneducated,Single,$80K - $120K,Blue,45,3,25670,51,0
788838033,Attrited Customer,1976,M,2,College,Single,$60K - $80K,Blue,29,2,3841,48,0
712778658,Existing Customer,1969,F,3,Graduate,Married,Less than $40K,Blue,39,3,2001,63,0.454
789580908,Existing Customer,1977,F,3,High School,Single,Less than $40K,Blue,37,2,8512,81,0.173
778965183,Existing Customer,1974,F,3,Uneducated,Divorced,$40K - $60K,Blue,30,3,5869,85,0.429
714462558,Existing Customer,1977,F,5,Unknown,Married,Unknown,Blue,36,2,5791,67,0
789013833,Attrited Customer,1971,M,2,High School,Married,$120K +,Silver,37,2,34516,41,0.012
800869758,Existing Customer,1972,M,3,Unknown,Married,$80K - $120K,Blue,43,1,2191,76,0.645
807426033,Existing Customer,1984,M,2,Unknown,Single,$60K - $80K,Blue,32,1,2865,61,0.41
720091083,Existing Customer,1978,M,4,Graduate,Married,$120K +,Blue,31,1,6467,61,0.292
711918033,Attrited Customer,1984,F,3,Unknown,Married,Less than $40K,Blue,17,1,1468,32,0.732
709679658,Existing Customer,1963,F,2,Graduate,Single,$40K - $60K,Blue,50,3,5386,84,0
779296908,Existing Customer,1975,F,3,Graduate,Single,Less than $40K,Blue,28,3,1438.3,66,0.4
720682308,Existing Customer,1962,F,0,Uneducated,Single,Unknown,Blue,46,1,5402,83,0.165
714084483,Attrited Customer,1972,F,3,Uneducated,Single,Unknown,Blue,36,2,3855,34,0.055
719495958,Attrited Customer,1979,F,1,Unknown,Married,Less than $40K,Blue,36,3,2983,46,0
789775308,Existing Customer,1967,F,2,Doctorate,Divorced,Less than $40K,Blue,43,1,1438.3,77,0.779
714726858,Attrited Customer,1990,F,0,Post-Graduate,Divorced,Less than $40K,Blue,36,3,4871,34,0
709749483,Existing Customer,1981,F,2,Graduate,Unknown,Less than $40K,Blue,29,1,2636,70,0.741
710926383,Existing Customer,1989,F,2,Post-Graduate,Married,$40K - $60K,Blue,24,3,1553,68,0.758
717172308,Attrited Customer,1976,F,3,High School,Married,$40K - $60K,Blue,37,2,3304,32,0
771795933,Attrited Customer,1972,M,4,Unknown,Single,$120K +,Blue,38,3,34516,55,0.073
785024808,Existing Customer,1968,F,1,High School,Single,Less than $40K,Blue,47,2,3378,83,0.632
710277183,Existing Customer,1987,F,3,Uneducated,Single,$40K - $60K,Blue,27,2,2313,68,0.767
714647808,Existing Customer,1972,F,0,Graduate,Single,Less than $40K,Blue,39,3,2434,73,0
709857033,Existing Customer,1961,F,1,College,Single,$40K - $60K,Blue,50,1,1438.3,84,0
714283458,Existing Customer,1981,M,2,College,Single,$80K - $120K,Blue,36,1,14544,92,0
804829533,Attrited Customer,1962,M,0,High School,Single,$60K - $80K,Blue,54,6,24621,51,0.019
716702358,Existing Customer,1977,F,2,Unknown,Married,Less than $40K,Blue,33,3,2337,83,0.299
720028683,Existing Customer,1972,F,2,High School,Married,$40K - $60K,Blue,39,3,2720,61,0.708
757044033,Existing Customer,1977,M,2,Graduate,Unknown,$80K - $120K,Blue,37,1,1965,57,0.52
719672283,Existing Customer,1974,M,4,Graduate,Married,$60K - $80K,Silver,39,2,33122,63,0.048
719054733,Existing Customer,1969,F,0,Post-Graduate,Single,Less than $40K,Blue,40,3,1438.3,69,0.554
793336383,Existing Customer,1974,F,1,High School,Married,Less than $40K,Blue,41,3,2709,92,0.751
795599883,Attrited Customer,1964,F,2,Uneducated,Married,Unknown,Blue,51,6,2404,51,0.118
715650783,Existing Customer,1980,M,2,High School,Married,$60K - $80K,Blue,36,2,4499,75,0
711819708,Attrited Customer,1988,F,3,Post-Graduate,Unknown,Unknown,Blue,25,2,4734,55,0.532
713041683,Attrited Customer,1966,M,2,Graduate,Married,$120K +,Blue,36,2,4697,34,0
779544708,Existing Customer,1971,M,2,Unknown,Married,$120K +,Gold,35,5,34516,77,0.019
712967508,Existing Customer,1974,M,3,Doctorate,Unknown,$60K - $80K,Blue,36,1,2572,86,0.425
710231433,Existing Customer,1965,M,1,Uneducated,Unknown,$60K - $80K,Blue,43,1,3110,75,0.765
817960533,Existing Customer,1980,M,4,Unknown,Married,$60K - $80K,Blue,36,3,1734,84,0.494
713431008,Existing Customer,1975,F,5,High School,Married,Unknown,Blue,36,3,3562,77,0
709663608,Attrited Customer,1978,F,1,Graduate,Married,Less than $40K,Blue,36,2,1536,36,0
754851783,Existing Customer,1982,M,4,High School,Married,$60K - $80K,Blue,32,2,19198,90,0.116
808743558,Existing Customer,1979,F,3,High School,Married,Unknown,Blue,37,3,4540,66,0.554
778905033,Existing Customer,1976,F,5,Graduate,Divorced,Less than $40K,Blue,26,5,1438.3,60,0.852
720844008,Existing Customer,1967,F,4,Graduate,Single,Less than $40K,Blue,45,2,1990,87,0.878
714286383,Existing Customer,1962,M,0,High School,Single,$120K +,Blue,36,3,3422,65,0.304
718767183,Existing Customer,1976,F,4,Post-Graduate,Unknown,Less than $40K,Blue,36,3,2192,89,0.668
712707408,Existing Customer,1978,F,2,Unknown,Married,Less than $40K,Blue,33,2,5152,57,0.332
789859833,Existing Customer,1980,M,4,Doctorate,Unknown,Less than $40K,Blue,31,2,2515,67,0.703
812411058,Attrited Customer,1972,F,0,Uneducated,Single,Less than $40K,Blue,44,3,2094,46,0
712311258,Existing Customer,1973,F,3,Uneducated,Single,$40K - $60K,Blue,36,3,1906,54,0.661
778397358,Attrited Customer,1979,M,5,Unknown,Married,$60K - $80K,Blue,22,2,5096,43,0
715340733,Existing Customer,1982,M,1,High School,Unknown,$40K - $60K,Blue,28,2,2222,62,0
797495958,Existing Customer,1979,F,3,Unknown,Unknown,$40K - $60K,Blue,36,2,3015,80,0
720384633,Existing Customer,1973,M,3,Uneducated,Single,$40K - $60K,Blue,36,3,3786,70,0
810868758,Existing Customer,1982,M,3,Uneducated,Married,$40K - $60K,Blue,34,1,12078,52,0.14
719105433,Existing Customer,1973,F,3,College,Single,Unknown,Blue,38,3,6448,85,0.169
715609533,Attrited Customer,1974,F,3,Unknown,Single,Less than $40K,Blue,35,3,5398,36,0
712160058,Attrited Customer,1962,F,2,Uneducated,Married,Less than $40K,Blue,51,5,1438.3,44,0
779130108,Attrited Customer,1988,F,0,Uneducated,Single,$40K - $60K,Blue,15,2,1438.3,49,0
712335858,Existing Customer,1973,F,4,Graduate,Married,Less than $40K,Blue,36,3,2620,67,0.794
789643383,Existing Customer,1972,M,2,Uneducated,Married,$60K - $80K,Blue,35,3,13435,56,0
717733158,Existing Customer,1978,F,3,Doctorate,Married,Less than $40K,Blue,29,2,3186,84,0.79
713205108,Existing Customer,1979,F,4,Graduate,Married,$40K - $60K,Blue,27,1,1950,76,0.545
719749083,Existing Customer,1958,M,0,Doctorate,Single,Less than $40K,Blue,54,2,7098,59,0.313
811762383,Existing Customer,1979,F,2,Graduate,Married,Less than $40K,Blue,37,2,2250,71,0.795
708710283,Existing Customer,1976,M,5,Doctorate,Married,$120K +,Silver,36,1,34516,75,0.059
708542283,Existing Customer,1963,F,1,Doctorate,Married,Less than $40K,Blue,47,3,2495,70,0.826
720667383,Existing Customer,1982,F,2,High School,Married,Less than $40K,Blue,32,3,3086,81,0.717
822952158,Existing Customer,1968,F,2,Graduate,Married,Less than $40K,Blue,49,2,1520,73,0
716922633,Attrited Customer,1983,M,2,Uneducated,Single,$120K +,Blue,30,3,4043,47,0.623
709081683,Existing Customer,1956,M,1,High School,Single,Less than $40K,Blue,54,1,4599,69,0.313
710211783,Attrited Customer,1983,F,4,Unknown,Married,Less than $40K,Blue,26,2,1438.3,39,0
720364158,Existing Customer,1966,F,3,Graduate,Unknown,Unknown,Blue,36,3,7869,83,0.159
713064783,Existing Customer,1961,F,1,Unknown,Unknown,$40K - $60K,Blue,48,3,5362,83,0.384
709873683,Existing Customer,1961,M,0,Doctorate,Unknown,$40K - $60K,Silver,53,2,16541,82,0.086
758106108,Existing Customer,1976,F,2,Uneducated,Single,Less than $40K,Blue,38,2,7486,70,0.235
711445233,Existing Customer,1979,F,5,Uneducated,Single,Less than $40K,Blue,36,3,1438.3,78,0
778912683,Existing Customer,1970,F,2,Graduate,Single,Unknown,Blue,32,3,8365,88,0.18
780496833,Attrited Customer,1965,F,1,College,Single,Less than $40K,Blue,43,2,2846,44,0
720057183,Existing Customer,1972,F,4,Doctorate,Single,Less than $40K,Blue,42,1,7789,70,0.123
789081408,Attrited Customer,1977,F,4,Uneducated,Single,Less than $40K,Blue,32,3,1438.3,45,0.118
720634683,Attrited Customer,1973,F,2,College,Married,Unknown,Blue,37,2,2220,45,0
808732458,Existing Customer,1973,M,3,Unknown,Married,$120K +,Blue,43,3,6626,49,0.235
719947533,Existing Customer,1975,F,2,Graduate,Married,Unknown,Blue,36,2,5547,79,0
715452408,Existing Customer,1984,F,2,Graduate,Divorced,Less than $40K,Blue,36,3,1734,67,0.569
718103733,Existing Customer,1980,F,4,Unknown,Married,Less than $40K,Blue,31,3,2934,66,0.318
788705358,Existing Customer,1977,M,4,High School,Married,$120K +,Blue,33,1,14527,58,0.142
772105608,Existing Customer,1973,F,4,Uneducated,Single,Less than $40K,Blue,37,3,2646,80,0.33
718396533,Existing Customer,1974,M,3,College,Single,$80K - $120K,Blue,38,3,8185,83,0.19
712949733,Existing Customer,1975,M,5,High School,Single,$40K - $60K,Blue,37,2,6340,61,0.313
772036233,Existing Customer,1959,M,1,Graduate,Single,$80K - $120K,Blue,51,2,5711,72,0
713285058,Existing Customer,1975,F,3,Doctorate,Single,Less than $40K,Blue,34,3,2258,76,0.709
710289783,Attrited Customer,1978,F,2,Uneducated,Divorced,Less than $40K,Blue,25,2,2086,48,0.962
780390108,Existing Customer,1977,F,3,College,Married,$40K - $60K,Blue,34,1,3256,81,0.311
720585183,Existing Customer,1971,M,3,High School,Married,$60K - $80K,Blue,35,3,14854,68,0.144
711831558,Existing Customer,1972,M,4,College,Divorced,$120K +,Blue,41,1,7184,58,0.168
710854008,Existing Customer,1973,M,3,Unknown,Unknown,$40K - $60K,Blue,37,2,6541,63,0.171
717017808,Existing Customer,1959,M,0,Uneducated,Single,$40K - $60K,Blue,52,1,9065,83,0.071
823615983,Attrited Customer,1967,M,2,Uneducated,Single,$40K - $60K,Blue,50,1,3682,35,0.684
807587433,Attrited Customer,1965,F,2,Doctorate,Married,Less than $40K,Blue,51,6,1438.3,40,0
709987683,Attrited Customer,1975,F,4,Graduate,Married,Unknown,Blue,36,3,2286,40,0
714435408,Existing Customer,1964,M,3,High School,Single,$80K - $120K,Blue,38,3,12663,54,0.081
718994583,Existing Customer,1973,F,2,College,Single,Less than $40K,Blue,35,3,1438.3,69,0.567
793616883,Existing Customer,1982,F,5,Graduate,Single,Less than $40K,Blue,33,2,1438.3,78,0.464
779978283,Existing Customer,1976,F,3,High School,Married,Unknown,Blue,34,2,5056,78,0
713370033,Attrited Customer,1968,F,0,Graduate,Single,Less than $40K,Blue,40,1,1438.3,53,0
710482533,Existing Customer,1995,M,0,Unknown,Married,$120K +,Blue,17,2,30928,72,0.065
778830933,Existing Customer,1981,M,3,Graduate,Married,$80K - $120K,Blue,21,2,1804,78,0.576
736145283,Existing Customer,1978,M,2,College,Married,$80K - $120K,Blue,24,1,1669,59,0
778718658,Existing Customer,1988,F,2,High School,Divorced,Unknown,Blue,15,3,9725,65,0
719482008,Existing Customer,1976,M,1,Uneducated,Single,$60K - $80K,Blue,35,3,21696,76,0.048
715004808,Existing Customer,1972,F,2,High School,Married,Less than $40K,Blue,39,3,2992,84,0.617
720014358,Existing Customer,1983,F,1,Doctorate,Single,Less than $40K,Blue,26,2,1934,78,0.509
718208358,Existing Customer,1978,M,5,Uneducated,Married,$120K +,Blue,31,3,34516,57,0.024
713380308,Existing Customer,1979,F,4,Uneducated,Single,Less than $40K,Blue,36,2,1734,76,0
716477133,Existing Customer,1979,F,4,Uneducated,Single,Less than $40K,Blue,32,3,1438.3,75,0.583
713949858,Attrited Customer,1982,F,2,Doctorate,Married,Less than $40K,Blue,36,3,1438.3,42,0.616
827619933,Existing Customer,1973,M,2,Uneducated,Single,$40K - $60K,Blue,44,1,9673,87,0
779135808,Existing Customer,1965,F,2,Doctorate,Single,$40K - $60K,Blue,38,1,3609,81,0.284
719751483,Attrited Customer,1982,F,2,Uneducated,Single,Less than $40K,Blue,36,3,1438.3,48,0.4
708219858,Existing Customer,1982,M,2,Graduate,Single,$40K - $60K,Blue,26,3,6423,70,0
779681433,Attrited Customer,1973,F,3,Graduate,Married,$40K - $60K,Blue,31,3,14899,26,0
720169383,Existing Customer,1969,F,2,College,Married,$40K - $60K,Blue,41,1,3224,74,0.655
718056033,Existing Customer,1977,F,3,High School,Married,Less than $40K,Blue,34,3,4135,56,0.388
789226683,Existing Customer,1977,M,1,Unknown,Married,$60K - $80K,Blue,33,2,4969,82,0.239
822902508,Existing Customer,1980,F,3,College,Single,$40K - $60K,Blue,37,3,8376,77,0.146
780462183,Existing Customer,1977,M,2,Unknown,Single,$80K - $120K,Blue,31,5,3454,67,0.598
715502808,Existing Customer,1979,M,3,High School,Married,$80K - $120K,Blue,36,3,25944,76,0.077
788755158,Existing Customer,1972,M,3,High School,Married,$60K - $80K,Blue,29,3,1438.3,80,0.372
780038058,Attrited Customer,1983,F,0,High School,Single,Less than $40K,Blue,22,2,1556,46,0
709536483,Attrited Customer,1964,M,3,Graduate,Married,$60K - $80K,Blue,49,0,8701,41,0.025
712563408,Attrited Customer,1988,M,2,Uneducated,Single,$40K - $60K,Blue,18,1,5600,46,0.449
771222558,Existing Customer,1976,F,3,Graduate,Unknown,Less than $40K,Blue,32,1,2900,79,0.696
708145908,Existing Customer,1960,F,0,Graduate,Married,$40K - $60K,Blue,50,3,4906,71,0.445
717755058,Existing Customer,1980,F,4,Doctorate,Single,Less than $40K,Blue,36,3,2687,76,0.49
789109983,Existing Customer,1981,F,3,High School,Divorced,$40K - $60K,Blue,28,1,4464,73,0.318
802600233,Existing Customer,1970,F,2,Graduate,Single,$40K - $60K,Blue,45,1,1438.3,59,0.604
720449208,Existing Customer,1987,F,1,College,Married,Less than $40K,Blue,16,1,2221,64,0.817
719557983,Existing Customer,1979,M,4,Uneducated,Married,$60K - $80K,Blue,36,3,2966,83,0.799
766111383,Existing Customer,1983,F,2,High School,Married,$40K - $60K,Blue,31,2,1593,67,0.685
789367083,Existing Customer,1980,F,2,Uneducated,Single,Less than $40K,Blue,31,3,2450,64,0.608
710538183,Existing Customer,1968,F,3,Graduate,Divorced,Less than $40K,Blue,42,2,1529,83,0.368
708534033,Existing Customer,1976,F,3,Graduate,Single,$40K - $60K,Blue,36,2,6274,82,0.141
716739258,Existing Customer,1978,F,4,Unknown,Single,Less than $40K,Blue,33,2,1438.3,62,0
788940558,Existing Customer,1980,F,3,Graduate,Married,Less than $40K,Blue,27,1,2134,75,0.508
714722808,Existing Customer,1971,M,1,College,Married,$80K - $120K,Blue,33,3,17158,91,0.071
713249883,Existing Customer,1970,F,2,Uneducated,Married,$40K - $60K,Blue,36,3,3359,81,0.26
714207483,Existing Customer,1974,M,3,Graduate,Married,$80K - $120K,Blue,41,1,11997,80,0.119
720068808,Existing Customer,1980,F,2,Graduate,Married,Less than $40K,Blue,32,3,3302,65,0.6
778601733,Attrited Customer,1966,F,3,High School,Single,$40K - $60K,Blue,47,4,2687,34,0.629
709779258,Existing Customer,1968,F,3,Post-Graduate,Married,Less than $40K,Blue,43,3,1438.3,71,0
713696808,Attrited Customer,1975,F,3,High School,Married,Less than $40K,Blue,39,3,1801,42,0.175
720044658,Attrited Customer,1968,M,1,Post-Graduate,Single,$60K - $80K,Blue,46,2,4573,46,0.454
716373483,Attrited Customer,1973,F,5,Graduate,Married,Less than $40K,Blue,40,3,2860,45,0.88
714305508,Existing Customer,1975,F,3,Uneducated,Married,$40K - $60K,Blue,36,3,13387,81,0
712202433,Existing Customer,1975,F,2,High School,Single,Less than $40K,Blue,36,3,2283,68,0.447
716600733,Attrited Customer,1974,F,4,Unknown,Married,Less than $40K,Blue,36,3,2033,43,0.112
778372158,Existing Customer,1972,F,5,High School,Married,$40K - $60K,Blue,33,3,2506,91,0.618
714176133,Existing Customer,1974,F,1,Uneducated,Single,Less than $40K,Blue,36,2,1438.3,87,0.511
708969633,Existing Customer,1979,M,4,Uneducated,Unknown,$80K - $120K,Blue,36,5,2447,80,0.897
715765758,Existing Customer,1967,F,2,Uneducated,Single,Less than $40K,Blue,41,2,1438.3,72,0.566
803097333,Existing Customer,1980,M,2,Graduate,Married,$80K - $120K,Blue,35,3,10873,82,0.139
710411358,Attrited Customer,1982,F,4,College,Married,$40K - $60K,Blue,28,2,7596,45,0.289
715660308,Attrited Customer,1967,F,3,College,Married,Less than $40K,Blue,44,3,2921,33,0.826
711866358,Existing Customer,1979,F,3,High School,Single,$40K - $60K,Blue,30,2,10136,78,0
710738883,Existing Customer,1969,F,3,High School,Married,Less than $40K,Blue,36,2,2187,61,0.5
717822108,Existing Customer,1961,F,0,Uneducated,Single,Less than $40K,Blue,48,2,3302,85,0.762
714407058,Existing Customer,1981,M,3,Uneducated,Divorced,$80K - $120K,Blue,29,2,30997,81,0.075
710744433,Existing Customer,1973,F,1,Uneducated,Single,Less than $40K,Blue,38,2,2578,78,0.94
778959258,Attrited Customer,1970,F,1,Unknown,Married,Less than $40K,Blue,32,3,1438.3,45,0
713320008,Existing Customer,1973,M,3,Graduate,Single,$80K - $120K,Blue,37,3,3034,66,0.154
766795983,Existing Customer,1975,F,1,Unknown,Single,Less than $40K,Blue,40,2,1438.3,91,0
716256483,Existing Customer,1971,F,2,Graduate,Single,Unknown,Blue,36,2,2611,80,0.699
712364283,Existing Customer,1967,F,2,Doctorate,Married,$40K - $60K,Blue,43,3,2222,79,0.629
714620358,Attrited Customer,1984,F,2,Graduate,Divorced,Less than $40K,Blue,30,3,3328,47,0.756
709145958,Attrited Customer,1978,F,3,Unknown,Married,Less than $40K,Blue,36,2,2440,42,0.411
709787733,Existing Customer,1967,F,4,College,Single,Unknown,Blue,48,2,9723,76,0.134
809071083,Existing Customer,1961,F,1,Graduate,Single,Less than $40K,Blue,55,1,2346,90,0.916
721165608,Existing Customer,1970,M,2,Graduate,Married,$60K - $80K,Silver,36,6,26142,78,0
716668308,Attrited Customer,1982,F,4,High School,Single,Unknown,Blue,36,2,12405,39,0
708760458,Existing Customer,1974,M,1,High School,Single,$80K - $120K,Blue,36,3,17655,79,0
720333783,Existing Customer,1970,F,2,Unknown,Married,Less than $40K,Blue,33,1,4941,50,0.159
789212883,Attrited Customer,1991,F,1,Uneducated,Divorced,Less than $40K,Blue,19,1,1644,44,0
711341433,Existing Customer,1987,F,2,Graduate,Single,Unknown,Blue,24,3,3095,77,0.649
720235608,Existing Customer,1961,F,0,Graduate,Unknown,Less than $40K,Blue,36,3,3828,58,0
716890533,Existing Customer,1972,F,2,Uneducated,Single,Less than $40K,Blue,36,2,2182,86,0.789
708491508,Existing Customer,1970,M,2,Unknown,Single,$60K - $80K,Blue,42,3,13906,68,0.103
718542858,Existing Customer,1971,M,1,High School,Married,$80K - $120K,Blue,36,3,10588,84,0.094
717750858,Existing Customer,1989,F,2,Post-Graduate,Single,Less than $40K,Blue,16,3,2973,78,0.823
712450008,Attrited Customer,1971,F,2,Post-Graduate,Married,Unknown,Blue,36,2,4045,41,0
827628408,Existing Customer,1981,M,4,Graduate,Married,$80K - $120K,Blue,36,3,2165,64,0.677
713492583,Attrited Customer,1987,F,2,Graduate,Married,Less than $40K,Blue,29,2,5845,35,0
718054833,Existing Customer,1971,M,2,Unknown,Single,$120K +,Blue,37,3,15341,65,0.066
788770908,Existing Customer,1976,M,4,College,Married,$60K - $80K,Blue,26,2,3035,67,0.494
710175783,Existing Customer,1976,F,3,High School,Single,Unknown,Blue,25,2,1986,59,0.525
715429608,Existing Customer,1976,F,3,College,Married,Less than $40K,Blue,37,3,4602,66,0.33
714058308,Attrited Customer,1978,F,5,Uneducated,Single,Less than $40K,Blue,36,3,2689,53,0.887
717965808,Existing Customer,1956,M,0,Unknown,Single,$40K - $60K,Blue,54,1,9383,73,0.088
709265208,Existing Customer,1974,F,4,Graduate,Single,Less than $40K,Blue,37,3,1438.3,59,0.542
713114133,Attrited Customer,1979,F,2,Uneducated,Single,Less than $40K,Blue,23,2,1443,38,0
721349883,Existing Customer,1970,F,4,Graduate,Single,Less than $40K,Blue,39,2,2847,59,0.731
758965158,Existing Customer,1977,M,5,High School,Single,$80K - $120K,Blue,37,2,15638,83,0.111
749722908,Existing Customer,1978,M,2,Post-Graduate,Married,$120K +,Blue,36,3,10700,68,0.126
709495833,Attrited Customer,1977,F,2,Graduate,Single,Less than $40K,Blue,36,2,1438.3,36,0
717575958,Attrited Customer,1971,F,1,Post-Graduate,Married,$40K - $60K,Blue,41,3,1694,42,0.283
714406158,Attrited Customer,1968,F,3,High School,Divorced,Unknown,Blue,36,3,7939,42,0
767243208,Existing Customer,1979,F,3,Graduate,Single,Less than $40K,Blue,35,2,2555,79,0.621
711515433,Existing Customer,1966,F,2,Unknown,Single,Less than $40K,Blue,36,1,2850,85,0.883
720190908,Existing Customer,1962,M,1,High School,Single,$60K - $80K,Blue,51,2,8973,72,0.145
818814933,Existing Customer,1963,F,1,Unknown,Single,$40K - $60K,Blue,53,3,6960,79,0.221
719794383,Existing Customer,1961,F,2,College,Married,Less than $40K,Blue,41,2,4167,85,0
709766808,Existing Customer,1972,F,2,Uneducated,Married,Unknown,Blue,36,3,5099,82,0.231
709666908,Existing Customer,1979,F,4,Graduate,Divorced,Unknown,Blue,36,3,2782,93,0.641
794653983,Existing Customer,1977,F,3,Graduate,Married,Less than $40K,Blue,27,1,1480,80,0.687
716593533,Existing Customer,1965,M,1,High School,Single,$80K - $120K,Blue,45,1,5070,76,0
714113658,Existing Customer,1969,M,2,Unknown,Single,$80K - $120K,Blue,41,3,2757,76,0.517
708776658,Existing Customer,1967,M,2,Unknown,Married,$80K - $120K,Blue,43,3,5774,70,0.263
712225008,Existing Customer,1966,M,2,Graduate,Married,$60K - $80K,Blue,44,6,6054,80,0.182
787450758,Existing Customer,1964,M,1,Unknown,Single,$60K - $80K,Blue,43,3,19090,88,0
789099783,Existing Customer,1978,F,2,Unknown,Married,Less than $40K,Blue,31,3,2069,70,0.406
711751533,Existing Customer,1974,F,4,Graduate,Married,Less than $40K,Blue,37,1,2447,75,0.806
708367908,Existing Customer,1965,F,1,Uneducated,Married,Less than $40K,Blue,47,1,3022,82,0.538
714951858,Existing Customer,1977,F,2,Graduate,Married,Less than $40K,Blue,36,1,4473,56,0
720436008,Existing Customer,1967,F,1,Doctorate,Unknown,Less than $40K,Blue,43,6,5267,81,0
718984533,Existing Customer,1984,M,3,Graduate,Single,$80K - $120K,Blue,29,2,7199,100,0.177
716982483,Existing Customer,1972,F,2,Graduate,Married,Less than $40K,Blue,38,4,1438.3,79,0
708681708,Attrited Customer,1970,F,2,Unknown,Single,Less than $40K,Blue,43,3,3245,29,0
720202008,Existing Customer,1974,F,5,Unknown,Single,$40K - $60K,Blue,40,3,3888,88,0.647
714483033,Existing Customer,1976,F,5,Unknown,Married,Unknown,Blue,40,2,14728,85,0
711468708,Attrited Customer,1983,F,4,High School,Single,$40K - $60K,Blue,31,3,1438.3,52,0
821724483,Attrited Customer,1973,M,4,Unknown,Single,$40K - $60K,Blue,43,3,11272,34,0.155
716402508,Existing Customer,1972,F,3,Graduate,Unknown,Less than $40K,Blue,36,3,2705,87,0.621
721189008,Existing Customer,1980,M,4,Graduate,Married,$80K - $120K,Blue,27,2,12270,67,0
712867983,Existing Customer,1967,F,2,Uneducated,Single,Less than $40K,Blue,43,1,3006,66,0.211
713814408,Existing Customer,1982,M,2,Uneducated,Single,$80K - $120K,Blue,36,2,7901,66,0.15
716671983,Existing Customer,1983,M,0,High School,Single,$80K - $120K,Blue,29,3,5983,65,0.315
708252108,Existing Customer,1957,M,0,College,Single,$40K - $60K,Blue,53,3,7362,65,0.259
717212958,Existing Customer,1966,M,2,Doctorate,Single,$80K - $120K,Blue,36,3,3046,57,0.793
713048733,Existing Customer,1971,M,2,Uneducated,Married,$120K +,Blue,40,1,34516,75,0.054
779841483,Attrited Customer,1966,F,1,Doctorate,Married,Unknown,Blue,39,3,12972,36,0.11
710701233,Existing Customer,1977,F,5,Graduate,Single,Unknown,Blue,37,1,17785,72,0.071
718837683,Existing Customer,1966,M,2,High School,Single,$120K +,Blue,49,3,3029,50,0.497
718127958,Existing Customer,1963,M,0,Graduate,Divorced,Unknown,Blue,36,2,9097,85,0.182
718685358,Existing Customer,1970,F,2,Uneducated,Single,Less than $40K,Blue,44,1,1438.3,84,0
771559158,Existing Customer,1963,M,3,Uneducated,Unknown,$80K - $120K,Blue,46,1,2375,80,0.49
710138883,Attrited Customer,1974,F,3,Graduate,Unknown,Less than $40K,Blue,36,2,8109,43,0
711197658,Existing Customer,1968,F,1,Post-Graduate,Single,$40K - $60K,Blue,43,1,2618,68,0.774
709045683,Existing Customer,1979,F,3,Uneducated,Married,Unknown,Blue,30,2,3549,63,0
708272808,Existing Customer,1976,M,5,Graduate,Single,Less than $40K,Blue,36,2,2718,59,0.542
720292983,Existing Customer,1961,F,0,Graduate,Married,Less than $40K,Blue,51,1,2230,61,0.805
709112508,Attrited Customer,1979,F,3,College,Single,Less than $40K,Blue,36,3,3802,36,0.342
712840608,Existing Customer,1966,F,2,Uneducated,Married,Less than $40K,Blue,43,2,2736,85,0.363
788920308,Existing Customer,1970,F,2,High School,Married,Less than $40K,Blue,37,2,2258,75,0.554
718160358,Attrited Customer,1970,F,1,Graduate,Married,Less than $40K,Blue,39,3,1438.3,35,0
719325783,Attrited Customer,1956,M,2,Unknown,Single,Less than $40K,Blue,36,2,2954,28,0.852
712885533,Existing Customer,1971,M,4,Graduate,Married,$80K - $120K,Blue,31,3,11882,62,0.124
719268333,Existing Customer,1972,F,3,Uneducated,Married,Less than $40K,Blue,36,3,1438.3,88,0
721004133,Existing Customer,1983,F,2,Graduate,Single,Less than $40K,Blue,25,2,1438.3,73,0.374
714103908,Existing Customer,1967,F,3,Doctorate,Single,Less than $40K,Blue,36,2,2778,74,0.267
771502383,Existing Customer,1967,F,1,High School,Married,Less than $40K,Blue,42,5,2474,80,0.622
713014533,Existing Customer,1967,F,3,Unknown,Single,$40K - $60K,Blue,43,3,5632,64,0.283
713980383,Attrited Customer,1972,F,3,Graduate,Single,Unknown,Blue,38,2,11025,28,0
711294258,Existing Customer,1978,F,1,Graduate,Single,Less than $40K,Blue,38,3,2642,88,0.9
719954733,Existing Customer,1978,M,2,Graduate,Married,$80K - $120K,Blue,28,6,30357,68,0.041
711561933,Existing Customer,1964,F,1,Uneducated,Divorced,Less than $40K,Blue,47,6,2201,70,0.645
826077033,Attrited Customer,1975,F,2,Unknown,Married,Less than $40K,Blue,42,0,2002,39,0
711555483,Existing Customer,1978,F,3,High School,Unknown,Unknown,Blue,36,3,8777,83,0.287
715194183,Attrited Customer,1968,F,2,Unknown,Single,Less than $40K,Blue,36,3,2575,43,0.16
716929233,Existing Customer,1978,F,3,Post-Graduate,Single,$40K - $60K,Blue,24,3,5182,92,0.31
709014558,Existing Customer,1972,M,2,Uneducated,Married,$60K - $80K,Blue,42,3,3783,82,0
710636208,Existing Customer,1970,M,3,Uneducated,Married,$120K +,Blue,40,5,34516,74,0
815525508,Existing Customer,1975,F,3,High School,Unknown,Less than $40K,Blue,41,1,1515,60,0
718746933,Existing Customer,1965,F,3,High School,Married,Less than $40K,Blue,47,3,2865,66,0.706
715686183,Existing Customer,1975,F,4,Graduate,Single,$40K - $60K,Blue,34,2,2711,65,0
741778458,Existing Customer,1967,F,2,Unknown,Single,Less than $40K,Blue,47,2,2341,57,0.662
801056358,Existing Customer,1970,M,1,High School,Single,$80K - $120K,Blue,45,1,13287,75,0.14
709486158,Existing Customer,1988,F,3,Graduate,Married,Less than $40K,Blue,20,1,1438.3,72,0
713826183,Attrited Customer,1980,M,3,High School,Unknown,$40K - $60K,Blue,33,3,1639,44,0
803342358,Existing Customer,1966,M,3,Graduate,Married,$60K - $80K,Blue,49,1,5668,56,0.444
780292683,Attrited Customer,1966,M,1,Uneducated,Single,$120K +,Blue,41,4,24542,24,0.096
788646858,Existing Customer,1980,F,3,Graduate,Married,Less than $40K,Blue,29,3,1959,61,0.647
711116133,Attrited Customer,1971,F,1,Uneducated,Single,Less than $40K,Blue,37,2,1838,47,0
708584208,Attrited Customer,1985,F,2,Graduate,Unknown,Less than $40K,Blue,36,2,3111,41,0.809
789097833,Existing Customer,1982,F,0,High School,Single,Less than $40K,Blue,27,3,3927,93,0.183
709443633,Existing Customer,1983,F,1,Uneducated,Married,Less than $40K,Blue,26,1,4345,62,0.193
767280633,Existing Customer,1975,F,2,Graduate,Unknown,Less than $40K,Blue,39,2,3003,96,0.484
713096583,Attrited Customer,1981,F,1,High School,Single,Less than $40K,Blue,36,3,1438.3,40,0.378
721033908,Existing Customer,1963,M,1,Uneducated,Single,$60K - $80K,Blue,46,3,2541,82,0.414
756025233,Attrited Customer,1978,F,4,Uneducated,Single,Less than $40K,Blue,36,3,2422,44,0.419
711977508,Attrited Customer,1965,F,2,Uneducated,Single,Less than $40K,Blue,43,2,1440,40,0.841
772076208,Existing Customer,1963,M,4,College,Single,$80K - $120K,Blue,47,3,26108,70,0.044
710666583,Attrited Customer,1992,F,1,Uneducated,Single,Less than $40K,Blue,36,2,2516,36,0.919
712369308,Attrited Customer,1973,F,4,Doctorate,Divorced,$40K - $60K,Blue,35,3,3646,38,0.287
794784633,Existing Customer,1960,F,0,Uneducated,Single,$40K - $60K,Blue,55,1,2214,77,0.959
716437533,Existing Customer,1970,M,2,College,Single,$80K - $120K,Blue,43,3,11862,88,0
715109508,Existing Customer,1977,F,3,College,Married,Unknown,Blue,36,1,8729,96,0.163
795392433,Existing Customer,1986,F,2,Uneducated,Single,Unknown,Blue,29,1,2423,69,0
712721358,Attrited Customer,1973,F,3,Uneducated,Divorced,Less than $40K,Blue,36,3,4073,43,0.618
720118908,Existing Customer,1995,M,0,Graduate,Married,Less than $40K,Blue,36,2,9916,65,0
799486158,Existing Customer,1982,F,1,Graduate,Married,Less than $40K,Blue,29,2,1438.3,65,0.66
718980633,Existing Customer,1983,M,2,College,Married,$80K - $120K,Blue,36,3,6452,84,0.178
717336408,Attrited Customer,1970,F,1,Doctorate,Single,Less than $40K,Blue,45,3,1952,44,0.723
709546608,Existing Customer,1984,F,2,Uneducated,Married,Less than $40K,Blue,36,5,1438.3,64,0.45
823624158,Existing Customer,1968,F,2,Doctorate,Single,Unknown,Blue,49,2,4500,78,0
771688983,Existing Customer,1968,F,2,High School,Single,Less than $40K,Blue,41,1,2252,68,0.804
708701358,Existing Customer,1982,F,2,Uneducated,Single,Less than $40K,Blue,36,2,2370,79,0.857
712048008,Existing Customer,1965,F,4,High School,Single,$40K - $60K,Blue,44,2,2610,69,0.762
710712783,Existing Customer,1969,F,4,Unknown,Married,Less than $40K,Blue,41,3,2294,76,0.779
716626008,Existing Customer,1970,F,2,Graduate,Divorced,Unknown,Blue,36,3,5062,102,0.328
718284408,Existing Customer,1978,F,3,Unknown,Married,Less than $40K,Blue,30,2,2415,68,0.601
717414933,Existing Customer,1970,F,1,High School,Single,Less than $40K,Blue,45,3,2918,61,0.702
713032233,Existing Customer,1968,F,2,Graduate,Single,Less than $40K,Blue,36,1,2708,83,0.839
714234858,Existing Customer,1967,F,3,High School,Married,Less than $40K,Blue,36,1,3666,84,0.474
714818058,Existing Customer,1985,F,4,High School,Married,$40K - $60K,Blue,30,3,1438.3,74,0
708731658,Attrited Customer,1968,F,0,High School,Married,Less than $40K,Blue,41,3,1438.3,42,0
708706833,Attrited Customer,1982,F,3,Uneducated,Divorced,Unknown,Blue,36,3,2809,40,0
780100533,Existing Customer,1975,M,3,Graduate,Married,$80K - $120K,Blue,31,2,26303,67,0.09
711712983,Existing Customer,1965,M,2,Graduate,Single,$80K - $120K,Blue,46,2,15982,80,0
712549758,Existing Customer,1981,F,4,Graduate,Married,Unknown,Blue,25,2,25060,61,0
713348433,Existing Customer,1979,F,3,High School,Single,$40K - $60K,Blue,29,3,1545,62,0.486
820599333,Existing Customer,1978,F,5,Graduate,Single,Less than $40K,Blue,38,2,1438.3,85,0.42
787261008,Existing Customer,1978,M,1,Post-Graduate,Unknown,$60K - $80K,Blue,37,3,4112,75,0.274
778343958,Existing Customer,1974,F,3,Graduate,Married,Less than $40K,Blue,27,3,1451,72,0
788407833,Existing Customer,1972,F,4,Graduate,Single,Unknown,Blue,42,3,16424,79,0.083
760807608,Existing Customer,1973,F,4,Uneducated,Married,Less than $40K,Blue,41,3,2340,83,0.718
771108933,Existing Customer,1974,F,4,Graduate,Married,Less than $40K,Blue,34,3,1926,71,0.456
715954158,Attrited Customer,1973,M,3,Post-Graduate,Married,$40K - $60K,Blue,36,2,2954,29,0.315
715499058,Attrited Customer,1985,F,2,High School,Married,$40K - $60K,Blue,36,3,1848,33,0
717995958,Existing Customer,1974,F,3,Unknown,Married,Unknown,Blue,38,1,1634,72,0.895
718736883,Existing Customer,1972,F,3,Uneducated,Single,Less than $40K,Blue,36,1,4328,61,0.476
721045608,Existing Customer,1970,F,3,High School,Married,Less than $40K,Blue,32,3,2943,75,0.724
715215108,Existing Customer,1967,F,2,Unknown,Married,Less than $40K,Blue,46,3,2611,68,0.602
795823383,Existing Customer,1978,F,4,Graduate,Single,Less than $40K,Blue,37,1,2419,63,0
718338708,Existing Customer,1972,F,1,Graduate,Married,$40K - $60K,Blue,38,2,5481,73,0
713588958,Existing Customer,1981,F,4,Unknown,Single,Less than $40K,Blue,25,1,2129,70,0.708
710120358,Existing Customer,1981,M,3,Unknown,Married,$60K - $80K,Blue,27,2,9026,37,0.256
809582058,Existing Customer,1973,M,2,Unknown,Unknown,$40K - $60K,Blue,43,2,1761,73,0.709
709199358,Attrited Customer,1961,M,1,Uneducated,Married,Less than $40K,Blue,36,3,3316,19,0
821889858,Attrited Customer,1971,F,1,Doctorate,Single,Unknown,Blue,46,4,1970,44,0.75
815324433,Existing Customer,1975,F,4,High School,Married,Less than $40K,Blue,41,3,1438.3,86,0
793656633,Existing Customer,1986,F,3,Uneducated,Married,Unknown,Blue,29,3,2278,76,0.572
713246208,Existing Customer,1956,M,1,Unknown,Single,$40K - $60K,Blue,56,2,13364,54,0.099
711493158,Existing Customer,1969,M,3,Graduate,Single,$60K - $80K,Blue,36,2,2801,90,0.881
721163133,Existing Customer,1977,M,2,Graduate,Single,Unknown,Blue,36,3,28292,60,0
826417233,Existing Customer,1986,F,4,College,Married,Less than $40K,Blue,31,3,2933,71,0.345
711619608,Existing Customer,1976,M,3,Graduate,Married,$80K - $120K,Blue,36,3,21630,84,0
712244733,Existing Customer,1965,F,1,Unknown,Married,Less than $40K,Blue,45,1,3132,73,0.712
709638783,Existing Customer,1971,F,1,High School,Married,$40K - $60K,Blue,43,3,2961,92,0.692
720296808,Attrited Customer,1969,F,3,Graduate,Married,Unknown,Blue,39,3,4173,47,0.424
718926258,Existing Customer,1984,F,1,High School,Single,Unknown,Blue,28,3,2458,90,0.261
714706083,Existing Customer,1977,M,2,College,Married,$60K - $80K,Blue,36,3,12229,75,0.082
721473783,Existing Customer,1986,F,3,Graduate,Married,Less than $40K,Blue,21,1,2272,75,0.266
712230408,Existing Customer,1979,M,4,Uneducated,Married,$120K +,Blue,37,2,6953,80,0.208
716186883,Existing Customer,1973,F,4,College,Married,$40K - $60K,Blue,37,6,1792,78,0.521
715204083,Existing Customer,1974,F,4,Doctorate,Single,Less than $40K,Blue,36,2,2765,80,0.326
709283358,Attrited Customer,1978,F,4,Unknown,Married,Less than $40K,Blue,29,2,2895,42,0
817887408,Existing Customer,1982,F,1,Uneducated,Single,Less than $40K,Blue,34,1,6904,84,0.166
789481233,Attrited Customer,1982,M,2,High School,Married,$40K - $60K,Blue,30,3,2220,55,0
718184883,Existing Customer,1973,F,3,High School,Married,Less than $40K,Blue,34,2,1495,63,0
821157183,Existing Customer,1979,F,5,Unknown,Married,Less than $40K,Blue,37,2,2541,88,0.55
709837308,Existing Customer,1987,F,3,Graduate,Single,Unknown,Blue,19,1,7531,71,0
779491908,Existing Customer,1974,F,4,Post-Graduate,Unknown,Unknown,Blue,29,2,8644,59,0.161
718399233,Existing Customer,1978,F,4,College,Single,$40K - $60K,Blue,36,3,1531,77,0
779447358,Existing Customer,1971,F,2,Graduate,Married,Less than $40K,Blue,32,3,2884,93,0.73
710661333,Attrited Customer,1966,F,2,Unknown,Single,Unknown,Blue,36,3,10241,47,0.151
789114408,Existing Customer,1971,F,1,Post-Graduate,Single,$40K - $60K,Blue,38,1,4182,82,0
710570058,Attrited Customer,1977,F,1,Graduate,Single,Less than $40K,Blue,25,2,3101,37,0
712681608,Existing Customer,1967,F,3,Uneducated,Single,Less than $40K,Blue,36,4,4542,70,0.298
709086933,Existing Customer,1981,F,3,College,Single,Less than $40K,Blue,22,2,3372,72,0.746
709179708,Existing Customer,1981,M,2,Graduate,Divorced,$60K - $80K,Blue,36,1,3099,75,0
711206958,Existing Customer,1980,F,3,High School,Divorced,Unknown,Blue,31,1,2416,73,0.54
823928058,Existing Customer,1969,F,2,Uneducated,Married,Less than $40K,Blue,48,2,5299,79,0.109
796330983,Existing Customer,1980,F,4,Graduate,Single,Less than $40K,Blue,35,1,2138,85,0.6
771284658,Attrited Customer,1974,F,1,Unknown,Married,Less than $40K,Blue,35,2,1850,41,0.484
779307558,Existing Customer,1968,F,1,College,Unknown,$40K - $60K,Blue,35,3,3585,81,0
788846508,Existing Customer,1973,F,4,Uneducated,Married,$40K - $60K,Blue,32,1,2690,81,0.707
783500283,Existing Customer,1959,M,0,Graduate,Unknown,$80K - $120K,Blue,56,3,29100,74,0.042
802247658,Attrited Customer,1962,M,2,Uneducated,Single,$40K - $60K,Blue,53,5,2699,43,0.897
795573333,Existing Customer,1980,M,3,High School,Married,$80K - $120K,Blue,35,2,8376,67,0.139
721366308,Existing Customer,1971,M,3,Unknown,Single,$40K - $60K,Blue,39,3,13509,64,0.152
720377433,Existing Customer,1983,F,3,Graduate,Married,Less than $40K,Blue,36,2,2396,74,0.925
711243108,Existing Customer,1971,M,1,Doctorate,Married,$80K - $120K,Blue,36,3,18964,78,0.116
789351783,Existing Customer,1981,F,5,Graduate,Married,Less than $40K,Blue,30,2,2114,88,0.765
719699208,Existing Customer,1982,F,4,Uneducated,Single,Less than $40K,Blue,36,3,1623,65,0.449
720774183,Existing Customer,1981,F,1,High School,Divorced,Less than $40K,Blue,30,2,2579,69,0.76
713590158,Attrited Customer,1980,M,4,Graduate,Single,$60K - $80K,Blue,34,2,5045,40,0.412
715547058,Attrited Customer,1986,F,0,Graduate,Married,Less than $40K,Blue,36,3,2089,51,0
815596608,Existing Customer,1973,F,5,Uneducated,Married,$40K - $60K,Blue,43,1,2866,72,0.321
718921683,Existing Customer,1972,M,4,Unknown,Married,$80K - $120K,Blue,38,6,9738,49,0.188
720031908,Existing Customer,1966,M,2,Doctorate,Married,$60K - $80K,Blue,36,1,4370,74,0
716716083,Existing Customer,1963,M,3,Unknown,Single,$80K - $120K,Blue,36,2,3355,84,0.56
819969933,Existing Customer,1978,F,2,High School,Single,$40K - $60K,Blue,38,2,5070,67,0
714382608,Existing Customer,1986,F,2,Graduate,Married,Less than $40K,Blue,36,2,2572,85,0.451
720092283,Existing Customer,1981,F,3,Graduate,Single,Less than $40K,Blue,31,2,2016,78,0.485
720531633,Attrited Customer,1966,F,1,Graduate,Unknown,Less than $40K,Blue,36,2,3552,36,0.709
718508883,Attrited Customer,1978,F,3,Unknown,Single,Less than $40K,Blue,36,3,2325,47,0.102
708794133,Existing Customer,1975,F,4,High School,Unknown,Less than $40K,Blue,37,1,2533,50,0.843
713447583,Existing Customer,1973,F,3,High School,Single,$40K - $60K,Blue,36,3,3871,58,0.531
716107158,Attrited Customer,1989,F,0,Graduate,Single,Less than $40K,Blue,20,1,3983,46,0.108
712713108,Existing Customer,1960,F,0,Graduate,Married,Unknown,Blue,36,2,2035,85,0.925
719245083,Existing Customer,1968,F,1,Uneducated,Single,Less than $40K,Blue,39,3,1773,74,0.868
708269583,Existing Customer,1979,F,3,Uneducated,Divorced,Less than $40K,Blue,28,2,2029,86,0.679
720234708,Attrited Customer,1976,M,2,High School,Single,$120K +,Blue,33,3,15490,50,0
709436883,Existing Customer,1965,F,2,Uneducated,Single,$40K - $60K,Blue,48,2,2941,87,0.55
714140133,Existing Customer,1979,F,4,Graduate,Unknown,Less than $40K,Blue,32,1,2314,74,0.669
716136333,Attrited Customer,1981,F,4,Uneducated,Single,Less than $40K,Blue,24,2,4212,41,0.598
715031433,Existing Customer,1964,M,2,Graduate,Married,$80K - $120K,Blue,36,3,6248,60,0.239
810667158,Existing Customer,1981,M,2,High School,Divorced,$40K - $60K,Blue,35,1,2430,75,0.401
715253433,Existing Customer,1973,M,4,Unknown,Single,$80K - $120K,Blue,38,2,5543,79,0.248
809937933,Existing Customer,1979,F,3,Graduate,Married,$40K - $60K,Blue,37,3,2470,82,0.815
708997833,Existing Customer,1972,F,4,Doctorate,Single,$40K - $60K,Blue,39,3,3255,62,0.185
718296558,Attrited Customer,1977,F,4,Unknown,Married,$40K - $60K,Blue,31,3,1691,33,0.785
780086658,Attrited Customer,1978,M,4,Doctorate,Unknown,$60K - $80K,Blue,28,2,18229,39,0
708754833,Existing Customer,1973,F,3,Uneducated,Single,Unknown,Blue,40,4,2827,72,0.418
788638908,Existing Customer,1978,F,2,Graduate,Divorced,Less than $40K,Blue,30,2,2351,71,0.905
715607958,Existing Customer,1976,F,2,Graduate,Married,Less than $40K,Blue,36,1,4202,78,0.524
708515358,Existing Customer,1981,F,1,High School,Married,Less than $40K,Blue,36,3,4712,82,0
716357058,Existing Customer,1968,M,3,Uneducated,Single,$80K - $120K,Blue,36,3,2611,56,0.301
714569958,Existing Customer,1983,F,2,Unknown,Single,Less than $40K,Blue,28,2,3206,65,0.767
716822583,Existing Customer,1982,F,2,High School,Single,Less than $40K,Blue,36,2,5245,74,0.153
721109358,Existing Customer,1982,M,3,High School,Married,$60K - $80K,Blue,27,2,2583,87,0
827635083,Existing Customer,1962,F,0,Graduate,Unknown,Unknown,Blue,55,3,1438.3,75,0.525
715492983,Existing Customer,1981,M,3,Post-Graduate,Married,$120K +,Blue,36,2,7464,62,0.337
712234308,Existing Customer,1967,F,3,Graduate,Married,Unknown,Blue,36,1,4928,90,0.366
708334158,Existing Customer,1975,F,3,Graduate,Divorced,Less than $40K,Blue,34,2,9863,58,0.07
812488608,Existing Customer,1977,F,3,College,Unknown,Less than $40K,Blue,39,1,5024,73,0.44
793345008,Existing Customer,1977,F,3,Uneducated,Single,Less than $40K,Blue,38,1,1438.3,80,0
715487733,Attrited Customer,1977,F,4,Graduate,Married,$40K - $60K,Blue,36,3,1452,42,0
788856408,Existing Customer,1971,F,5,Uneducated,Married,Unknown,Blue,34,5,3317,75,0.314
708154833,Attrited Customer,1982,F,2,Graduate,Single,Less than $40K,Blue,27,3,1438.3,46,0.564
721147383,Existing Customer,1984,F,2,High School,Single,Less than $40K,Blue,22,2,2448,81,0.711
803973483,Existing Customer,1972,F,3,Unknown,Single,Less than $40K,Blue,44,2,1546,83,0
788941983,Attrited Customer,1985,F,3,Graduate,Single,$40K - $60K,Blue,22,3,2013,50,0
715603233,Existing Customer,1968,F,3,Uneducated,Married,$40K - $60K,Blue,42,1,2293,74,0.637
709945458,Existing Customer,1969,M,3,Uneducated,Single,$60K - $80K,Blue,40,1,1438.3,82,0.356
714614133,Attrited Customer,1968,F,3,Unknown,Married,Less than $40K,Blue,36,3,2819,39,0
768167358,Existing Customer,1984,M,4,Doctorate,Single,$60K - $80K,Blue,31,3,1702,86,0.598
737967708,Existing Customer,1969,F,1,Unknown,Married,$40K - $60K,Blue,45,1,1611,86,0.582
712920633,Existing Customer,1972,F,2,Unknown,Married,$40K - $60K,Blue,35,1,1438.3,79,0
780373233,Existing Customer,1982,F,4,Unknown,Single,Less than $40K,Blue,29,3,2863,90,0.678
721384308,Existing Customer,1982,F,1,Uneducated,Married,$40K - $60K,Blue,36,1,3272,86,0.71
712242633,Existing Customer,1979,F,2,Unknown,Single,Less than $40K,Blue,36,1,2677,76,0.94
713610933,Existing Customer,1981,F,2,Uneducated,Married,Less than $40K,Blue,26,2,2708,90,0
714257958,Existing Customer,1980,F,3,Doctorate,Single,Less than $40K,Blue,31,2,1738,68,0
772172883,Existing Customer,1975,F,2,Uneducated,Unknown,$40K - $60K,Blue,35,2,6145,93,0.22
720204558,Existing Customer,1976,F,2,High School,Married,Less than $40K,Blue,36,1,1640,77,0.609
779635533,Existing Customer,1983,F,3,Graduate,Single,Unknown,Blue,21,1,2348,71,0.438
804658833,Existing Customer,1968,F,3,Unknown,Married,Less than $40K,Blue,48,1,1657,73,0
756691608,Existing Customer,1984,F,3,Graduate,Married,Unknown,Blue,30,3,4554,81,0.171
806219808,Existing Customer,1969,M,3,College,Unknown,$120K +,Blue,47,6,5119,88,0.385
826266483,Existing Customer,1982,F,2,College,Single,Unknown,Blue,35,2,10600,81,0.056
775152708,Attrited Customer,1972,M,3,Post-Graduate,Unknown,$80K - $120K,Blue,39,3,20769,43,0.043
787596558,Existing Customer,1971,M,1,Uneducated,Married,$120K +,Blue,23,2,7116,85,0.138
803205258,Existing Customer,1970,F,3,Graduate,Single,Unknown,Blue,45,3,2420,86,0.983
716041908,Existing Customer,1967,F,1,High School,Single,Less than $40K,Blue,43,2,2082,75,0.387
708837858,Existing Customer,1977,F,4,Doctorate,Unknown,Less than $40K,Blue,34,2,2718,68,0.632
828227433,Existing Customer,1971,M,2,High School,Single,$60K - $80K,Blue,46,2,5626,84,0.138
714487458,Attrited Customer,1972,F,5,Graduate,Divorced,$40K - $60K,Blue,40,4,2920,39,0
711390333,Attrited Customer,1962,M,0,Post-Graduate,Married,$80K - $120K,Blue,46,4,6526,45,0.075
787974108,Attrited Customer,1984,F,1,High School,Single,$40K - $60K,Blue,27,2,1793,40,0.442
714036258,Existing Customer,1974,F,3,Unknown,Single,Less than $40K,Blue,36,1,2798,64,0.702
788752833,Existing Customer,1969,F,2,High School,Divorced,Less than $40K,Blue,32,3,2427,69,0.651
773108958,Existing Customer,1966,F,2,Uneducated,Married,$40K - $60K,Blue,48,1,3011,75,0.71
782437008,Existing Customer,1980,F,3,College,Married,Unknown,Blue,35,2,2255,83,0.784
710729358,Attrited Customer,1981,F,2,High School,Single,Unknown,Blue,30,3,6479,42,0
827423433,Existing Customer,1980,F,4,Graduate,Divorced,Less than $40K,Blue,37,1,7492,67,0.187
756919683,Existing Customer,1973,F,2,Unknown,Married,Less than $40K,Blue,41,1,3632,86,0.356
779219208,Existing Customer,1983,F,2,High School,Single,Less than $40K,Blue,28,1,1744,86,0
712342833,Existing Customer,1969,F,2,Graduate,Married,Unknown,Blue,36,3,5905,80,0.381
721121283,Existing Customer,1984,F,2,Graduate,Single,$40K - $60K,Blue,24,1,2573,81,0.497
790006383,Existing Customer,1976,M,0,Unknown,Married,$80K - $120K,Blue,37,3,9654,67,0.211
756989583,Existing Customer,1980,M,4,Graduate,Unknown,$40K - $60K,Blue,24,2,1605,68,0
717477783,Attrited Customer,1972,F,4,Unknown,Single,Less than $40K,Silver,37,2,10195,36,0.234
716614683,Existing Customer,1972,M,3,College,Single,$60K - $80K,Gold,36,3,34516,73,0.036
789942033,Attrited Customer,1978,M,4,Graduate,Single,$60K - $80K,Blue,34,3,10573,43,0
740784258,Existing Customer,1974,F,2,College,Single,Less than $40K,Blue,40,3,1789,90,0.608
711336033,Existing Customer,1995,F,0,Unknown,Single,Unknown,Blue,36,3,7595,72,0.136
768141558,Existing Customer,1970,M,3,College,Single,$40K - $60K,Blue,45,3,3272,74,0.579
717179508,Existing Customer,1988,F,0,Graduate,Single,Less than $40K,Blue,26,1,2382,68,0.657
716520033,Existing Customer,1969,M,2,Post-Graduate,Married,$80K - $120K,Blue,36,4,1981,61,0.731
783625008,Existing Customer,1970,M,2,Post-Graduate,Single,$120K +,Blue,45,2,22294,71,0
769330908,Existing Customer,1972,F,4,High School,Married,Less than $40K,Blue,43,3,2574,62,0.604
789396783,Existing Customer,1991,F,0,High School,Single,Less than $40K,Blue,20,3,2112,78,0.525
709310433,Existing Customer,1956,F,0,Unknown,Single,Less than $40K,Blue,56,2,5441,76,0.149
713094483,Existing Customer,1978,F,3,Unknown,Married,$40K - $60K,Blue,32,2,4391,78,0
770753733,Existing Customer,1979,F,5,College,Single,Less than $40K,Blue,28,3,3044,85,0.613
712659408,Existing Customer,1964,M,1,High School,Married,$40K - $60K,Blue,45,3,2721,81,0.793
768475383,Existing Customer,1959,F,0,Unknown,Single,$40K - $60K,Blue,56,1,4467,74,0
779655183,Existing Customer,1973,M,4,College,Single,$80K - $120K,Blue,31,1,5033,82,0
711278283,Existing Customer,1960,F,1,High School,Unknown,Less than $40K,Blue,50,1,8604,65,0.125
713345508,Existing Customer,1978,F,2,High School,Single,Less than $40K,Blue,36,3,2325,83,0.715
711379083,Existing Customer,1961,F,0,Doctorate,Single,Less than $40K,Blue,42,3,2758,74,0.518
789144633,Existing Customer,1976,M,1,Graduate,Married,$80K - $120K,Blue,34,2,9705,34,0.088
708393633,Existing Customer,1980,F,0,High School,Married,Less than $40K,Blue,31,2,2685,94,0.613
708657033,Existing Customer,1961,F,2,College,Single,Less than $40K,Blue,54,3,2694,71,0.714
717949008,Attrited Customer,1981,F,4,High School,Single,$40K - $60K,Blue,29,2,1554,43,0.265
788866983,Existing Customer,1958,F,0,Unknown,Single,Less than $40K,Blue,48,2,1438.3,61,0
751283658,Existing Customer,1979,F,4,Unknown,Single,$40K - $60K,Blue,35,3,1786,73,0.737
718243533,Existing Customer,1973,M,3,Post-Graduate,Divorced,$60K - $80K,Blue,36,3,2648,74,0
779754408,Existing Customer,1977,M,3,Graduate,Single,$40K - $60K,Blue,33,2,2477,69,0.857
794866983,Existing Customer,1970,F,1,Doctorate,Married,Unknown,Blue,45,2,7336,67,0.141
711832533,Existing Customer,1979,M,3,High School,Single,$80K - $120K,Silver,32,3,34516,62,0.04
788552658,Existing Customer,1975,F,4,Uneducated,Married,Less than $40K,Blue,30,3,2479,86,0.71
715415508,Existing Customer,1979,F,4,Graduate,Single,Unknown,Blue,36,3,9396,71,0.199
719962458,Existing Customer,1977,F,2,Graduate,Unknown,Less than $40K,Blue,34,2,2561,70,0.582
712734933,Attrited Customer,1978,F,2,College,Married,Less than $40K,Blue,36,2,4020,39,0
717410508,Existing Customer,1978,M,3,Unknown,Married,$60K - $80K,Silver,30,3,25856,70,0.05
711796683,Existing Customer,1971,F,2,Graduate,Single,Less than $40K,Blue,38,4,7398,73,0.214
709407933,Existing Customer,1970,M,3,High School,Single,$80K - $120K,Silver,38,3,34516,80,0.052
810493458,Existing Customer,1969,F,1,Uneducated,Single,Unknown,Blue,47,1,4058,72,0.332
720494058,Existing Customer,1970,F,2,College,Married,Less than $40K,Blue,25,3,3042,79,0
717050883,Existing Customer,1961,F,1,High School,Single,Less than $40K,Blue,36,2,2688,71,0.602
713163258,Attrited Customer,1983,F,2,Unknown,Married,Unknown,Blue,33,3,3388,52,0
715659333,Existing Customer,1978,F,4,High School,Single,$40K - $60K,Blue,36,3,4902,69,0.513
712414908,Existing Customer,1976,F,4,Unknown,Married,Unknown,Blue,37,2,3241,80,0
720175008,Existing Customer,1973,F,2,Doctorate,Married,$40K - $60K,Blue,34,1,5069,66,0.364
719876808,Existing Customer,1978,M,3,Unknown,Divorced,$80K - $120K,Blue,36,2,13625,62,0
713334483,Attrited Customer,1975,M,1,Post-Graduate,Single,$60K - $80K,Blue,32,2,8766,35,0
708360108,Existing Customer,1971,M,1,College,Single,$40K - $60K,Blue,41,1,2800,90,0.478
720676158,Existing Customer,1987,F,4,Uneducated,Single,Unknown,Blue,21,3,9005,89,0.221
716631708,Existing Customer,1965,M,2,High School,Married,$60K - $80K,Blue,36,3,2713,67,0.734
713025558,Attrited Customer,1968,F,5,Doctorate,Single,Less than $40K,Blue,38,2,1438.3,47,0
710506683,Existing Customer,1974,F,4,High School,Single,$40K - $60K,Blue,39,1,1746,75,0
712428333,Existing Customer,1972,M,3,Uneducated,Single,$80K - $120K,Blue,41,3,2930,75,0.649
718041033,Existing Customer,1974,F,4,Graduate,Married,Less than $40K,Blue,36,1,2178,76,0.668
709169133,Existing Customer,1986,F,1,High School,Married,Unknown,Blue,23,3,1438.3,82,0
718164858,Existing Customer,1979,F,4,Post-Graduate,Married,Less than $40K,Blue,34,3,2021,97,0.634
809565183,Attrited Customer,1969,F,1,Graduate,Single,Less than $40K,Blue,47,3,1842,43,0.339
778377183,Existing Customer,1972,M,3,Graduate,Single,$120K +,Blue,29,2,18284,92,0.063
712845258,Existing Customer,1980,M,2,Uneducated,Married,$80K - $120K,Gold,33,3,34516,71,0.048
716915133,Existing Customer,1979,F,2,Unknown,Single,Less than $40K,Blue,36,3,1696,70,0
771403008,Existing Customer,1969,M,2,Graduate,Unknown,$60K - $80K,Blue,40,1,7215,75,0
787441383,Existing Customer,1969,F,0,Graduate,Married,Less than $40K,Blue,37,1,1793,62,0.716
711345258,Existing Customer,1969,F,2,High School,Married,$40K - $60K,Blue,44,3,5731,85,0
713685033,Attrited Customer,1977,F,2,Graduate,Married,Less than $40K,Blue,33,2,2417,38,0
718205283,Existing Customer,1973,F,3,College,Single,$40K - $60K,Blue,37,3,1438.3,76,0
708337683,Existing Customer,1970,M,2,Uneducated,Single,$60K - $80K,Blue,40,2,21800,62,0.041
720941433,Attrited Customer,1968,F,3,High School,Married,Less than $40K,Blue,41,3,1547,43,0
710201058,Existing Customer,1975,F,4,Graduate,Married,Less than $40K,Blue,38,3,1485,65,0.496
785218458,Existing Customer,1977,M,2,Graduate,Married,$40K - $60K,Blue,38,1,2505,77,0.911
770740308,Existing Customer,1972,F,4,Graduate,Unknown,$40K - $60K,Blue,35,3,2631,92,0.646
787493808,Attrited Customer,1973,F,4,Graduate,Unknown,Less than $40K,Blue,36,2,2700,49,0.919
708846183,Existing Customer,1973,M,4,College,Single,$60K - $80K,Blue,30,2,3307,68,0.676
810586833,Existing Customer,1983,F,3,Graduate,Divorced,Unknown,Blue,33,2,29638,78,0.029
711151383,Attrited Customer,1987,F,1,Post-Graduate,Single,Less than $40K,Blue,26,2,2066,37,0.168
712425258,Existing Customer,1975,F,4,Unknown,Single,Less than $40K,Blue,26,1,1859,72,0.742
772063308,Existing Customer,1976,M,2,Graduate,Single,$60K - $80K,Blue,34,1,13362,79,0
718574808,Existing Customer,1988,F,2,Graduate,Single,Less than $40K,Blue,17,3,2431,74,0.759
717131283,Existing Customer,1978,F,4,High School,Divorced,$40K - $60K,Blue,34,1,6034,67,0.262
798996183,Existing Customer,1960,F,0,Unknown,Married,Less than $40K,Blue,55,2,2194,80,0.689
716831508,Existing Customer,1974,F,3,High School,Single,$40K - $60K,Blue,34,1,1963,59,0.776
715297908,Attrited Customer,1980,F,4,College,Unknown,Unknown,Blue,22,2,1438.3,52,0.782
813234108,Existing Customer,1976,F,3,Uneducated,Married,Less than $40K,Blue,40,1,2922,70,0.415
711027183,Existing Customer,1971,M,4,College,Single,$40K - $60K,Blue,45,3,6943,80,0.086
718812708,Attrited Customer,1964,M,2,Graduate,Single,$120K +,Blue,44,3,34516,48,0.006
709505808,Attrited Customer,1976,F,3,College,Single,Unknown,Blue,33,3,4345,31,0.506
711267633,Attrited Customer,1971,F,3,Graduate,Divorced,Less than $40K,Blue,40,4,4248,36,0.074
719613783,Existing Customer,1970,F,1,Doctorate,Married,Less than $40K,Blue,42,2,1438.3,64,0
719035758,Existing Customer,1968,F,3,Uneducated,Divorced,Less than $40K,Blue,43,1,2383,78,0.636
708473133,Existing Customer,1966,F,1,Graduate,Married,Less than $40K,Blue,45,2,1677,68,0
712996833,Existing Customer,1981,F,1,High School,Married,Unknown,Blue,33,2,2392,86,0.472
720963258,Attrited Customer,1969,F,3,College,Married,Less than $40K,Blue,40,2,3474,37,0
819606258,Existing Customer,1973,M,4,Unknown,Married,$60K - $80K,Blue,43,3,8737,55,0.186
714634983,Attrited Customer,1977,F,1,Unknown,Single,Unknown,Blue,36,3,3517,48,0
806428908,Existing Customer,1961,F,1,Graduate,Single,Unknown,Blue,55,3,13397,75,0
710903358,Existing Customer,1956,F,0,Unknown,Single,Less than $40K,Blue,55,2,6352,77,0.218
712676208,Existing Customer,1975,F,5,High School,Single,Less than $40K,Blue,36,3,1787,79,0.741
709005633,Attrited Customer,1959,M,0,High School,Single,$60K - $80K,Blue,51,2,18734,52,0
712102983,Existing Customer,1974,F,2,College,Married,Less than $40K,Blue,36,3,1438.3,87,0
754480233,Existing Customer,1971,M,2,Post-Graduate,Divorced,$40K - $60K,Blue,43,2,3525,62,0
719042208,Existing Customer,1978,M,4,Doctorate,Unknown,$60K - $80K,Blue,33,3,2067,65,0.605
716251608,Existing Customer,1976,F,4,Unknown,Married,Less than $40K,Blue,36,1,2051,87,0
715537383,Existing Customer,1975,M,3,College,Single,$120K +,Blue,30,1,27378,78,0.069
709460883,Attrited Customer,1983,F,2,Doctorate,Married,Less than $40K,Blue,28,2,1614,46,0
789325008,Existing Customer,1972,M,3,College,Single,Less than $40K,Blue,38,3,7862,82,0.253
719195733,Existing Customer,1974,M,3,College,Married,$60K - $80K,Blue,36,1,4284,85,0.444
787665258,Attrited Customer,1974,F,3,Unknown,Married,Less than $40K,Blue,37,2,1438.3,36,0
710226708,Existing Customer,1966,F,2,Uneducated,Divorced,Less than $40K,Blue,49,2,1438.3,93,0.473
711982383,Existing Customer,1959,M,1,Graduate,Single,$60K - $80K,Blue,49,3,21805,79,0.081
716345283,Existing Customer,1966,M,2,Uneducated,Single,$60K - $80K,Blue,36,1,4712,66,0.407
816850458,Attrited Customer,1988,M,2,Unknown,Married,$60K - $80K,Blue,28,2,1698,40,0
710842308,Existing Customer,1980,F,5,Uneducated,Single,$40K - $60K,Blue,26,3,2264,83,0.41
713132133,Existing Customer,1967,F,1,Unknown,Married,Less than $40K,Blue,39,2,2720,81,0.623
788874333,Existing Customer,1966,M,3,Post-Graduate,Unknown,$120K +,Blue,40,1,15631,67,0.083
717987258,Existing Customer,1978,F,3,Unknown,Single,$40K - $60K,Blue,36,2,2594,67,0.65
793712658,Attrited Customer,1969,M,3,Graduate,Married,$80K - $120K,Blue,46,2,15011,36,0.168
708324483,Existing Customer,1974,F,4,Unknown,Single,Less than $40K,Blue,39,3,1548,71,0
768612258,Existing Customer,1969,F,3,Unknown,Single,Less than $40K,Blue,46,3,2700,78,0.601
719659758,Existing Customer,1976,F,4,High School,Married,$40K - $60K,Blue,35,1,2919,72,0.572
711313158,Existing Customer,1971,F,4,Unknown,Single,Unknown,Blue,44,1,10721,74,0
716483358,Existing Customer,1977,M,3,Graduate,Single,$40K - $60K,Blue,29,1,6125,68,0.217
719829633,Existing Customer,1979,F,2,Unknown,Married,Less than $40K,Blue,29,3,3200,79,0.542
812465958,Existing Customer,1968,F,3,Post-Graduate,Divorced,Unknown,Blue,48,2,12286,83,0.081
786536808,Existing Customer,1970,M,2,College,Married,$80K - $120K,Blue,45,3,21543,82,0
807369708,Existing Customer,1969,M,3,College,Married,$120K +,Blue,47,2,6355,74,0
711397533,Existing Customer,1969,F,2,High School,Married,Less than $40K,Blue,41,2,5616,62,0.429
711740508,Existing Customer,1971,F,1,Unknown,Married,$40K - $60K,Blue,40,2,2661,82,0.592
715233108,Existing Customer,1983,M,1,College,Married,$60K - $80K,Blue,36,1,2836,83,0.304
813807258,Existing Customer,1971,F,2,High School,Married,$40K - $60K,Blue,45,3,1438.3,82,0
769183908,Existing Customer,1970,F,2,Doctorate,Single,Unknown,Blue,45,3,2109,58,0.324
718451133,Existing Customer,1973,M,2,Graduate,Single,$60K - $80K,Blue,40,5,14951,68,0.095
721115733,Existing Customer,1974,M,3,Unknown,Married,$60K - $80K,Blue,36,3,1591,79,0.562
720085233,Attrited Customer,1970,F,2,Doctorate,Divorced,Unknown,Blue,40,3,8930,38,0.282
717036408,Existing Customer,1985,F,1,Uneducated,Single,Unknown,Blue,36,3,4685,81,0.347
714427608,Existing Customer,1976,F,5,Post-Graduate,Married,Unknown,Blue,29,3,2555,78,0.267
780019908,Existing Customer,1968,F,1,Graduate,Single,Less than $40K,Blue,43,3,2172,82,0.297
827898033,Attrited Customer,1967,F,1,Uneducated,Married,Unknown,Blue,50,0,2912,54,0
720302883,Existing Customer,1968,F,3,Graduate,Married,Less than $40K,Blue,35,3,3390,78,0.643
715893633,Existing Customer,1974,F,4,Doctorate,Single,Less than $40K,Blue,36,3,2193,81,0.494
720730683,Existing Customer,1970,F,2,Graduate,Married,Unknown,Blue,36,3,17412,84,0.042
720638283,Existing Customer,1981,F,4,College,Single,Less than $40K,Blue,20,3,2801,83,0.618
789053883,Existing Customer,1978,M,3,Post-Graduate,Single,$60K - $80K,Blue,31,2,11186,84,0.199
719286708,Existing Customer,1971,F,1,Graduate,Single,Less than $40K,Blue,39,5,2434,76,0.551
713952558,Attrited Customer,1968,F,3,Doctorate,Single,Unknown,Blue,43,3,1790,40,0.823
793395933,Existing Customer,1962,F,1,High School,Single,Less than $40K,Blue,53,3,2716,69,0.641
813895458,Existing Customer,1972,F,0,Unknown,Single,Unknown,Blue,43,3,2874,89,0
771733608,Attrited Customer,1974,F,1,Graduate,Married,$40K - $60K,Blue,35,3,1438.3,40,0
710102208,Existing Customer,1965,M,2,Graduate,Single,$60K - $80K,Blue,36,2,18776,75,0
719511783,Existing Customer,1973,F,1,Unknown,Married,Unknown,Blue,41,2,1438.3,78,0.832
712849158,Attrited Customer,1966,M,0,High School,Divorced,$80K - $120K,Blue,44,3,19793,44,0.126
783070833,Existing Customer,1987,F,4,Graduate,Single,$40K - $60K,Blue,28,2,2472,86,0.768
713419908,Existing Customer,1963,F,2,High School,Married,Unknown,Blue,50,2,12362,72,0
789345408,Existing Customer,1982,F,2,College,Married,$40K - $60K,Blue,29,3,1438.3,53,0.502
720992883,Existing Customer,1974,F,4,Graduate,Married,Less than $40K,Blue,37,3,3189,76,0.584
803652633,Existing Customer,1974,F,2,Uneducated,Single,Less than $40K,Blue,41,2,2092,70,0.753
789248958,Existing Customer,1984,F,2,High School,Married,$40K - $60K,Blue,26,2,2946,89,0.854
716178483,Existing Customer,1980,F,4,Uneducated,Unknown,$40K - $60K,Blue,29,3,2430,71,0
715440558,Existing Customer,1971,F,1,Graduate,Married,Less than $40K,Blue,36,1,4143,74,0.456
711535158,Attrited Customer,1975,F,1,College,Unknown,Unknown,Blue,35,3,2197,42,0.21
713647083,Existing Customer,1968,F,2,Uneducated,Single,Unknown,Blue,36,2,9314,80,0.189
718311933,Attrited Customer,1968,F,4,Doctorate,Married,Less than $40K,Blue,37,2,3719,43,0.677
718404783,Attrited Customer,1962,F,0,Unknown,Married,Unknown,Blue,49,2,6996,33,0
817332483,Attrited Customer,1958,M,0,Doctorate,Single,Unknown,Blue,47,4,7306,43,0
710015733,Attrited Customer,1980,F,1,Doctorate,Divorced,Less than $40K,Blue,30,3,2029,37,0.306
794965233,Attrited Customer,1970,F,1,Graduate,Married,Less than $40K,Silver,45,3,13199,44,0.059
710512833,Existing Customer,1983,F,2,Graduate,Married,Less than $40K,Blue,29,1,3304,79,0.405
710803008,Existing Customer,1981,F,3,Doctorate,Married,Less than $40K,Blue,30,3,3125,68,0.653
712987608,Existing Customer,1970,F,2,Doctorate,Single,Less than $40K,Blue,40,3,1438.3,84,0.802
716974383,Existing Customer,1980,M,5,Graduate,Single,$80K - $120K,Blue,28,2,2491,35,0.794
720930633,Attrited Customer,1963,F,0,High School,Single,Less than $40K,Blue,46,4,1977,37,0
710136258,Attrited Customer,1988,F,2,Graduate,Single,Less than $40K,Blue,24,2,1806,43,0
779438208,Existing Customer,1983,F,3,Graduate,Single,Less than $40K,Blue,22,3,1938,75,0.606
721017333,Existing Customer,1979,F,4,Post-Graduate,Married,Less than $40K,Blue,36,2,3188,83,0.628
720952608,Existing Customer,1977,F,2,High School,Single,Less than $40K,Blue,29,1,2288,68,0.658
712886733,Existing Customer,1977,F,1,Graduate,Unknown,Less than $40K,Blue,32,3,1780,87,0.752
810545733,Existing Customer,1974,F,2,College,Married,Unknown,Blue,42,3,2373,63,0.624
822132858,Attrited Customer,1980,M,4,Uneducated,Married,$80K - $120K,Blue,37,2,23250,43,0
713526258,Attrited Customer,1974,M,3,Uneducated,Single,$120K +,Blue,36,3,34516,33,0
712877733,Existing Customer,1973,M,5,Graduate,Married,$80K - $120K,Blue,42,3,12882,84,0.109
713339283,Existing Customer,1967,M,3,Unknown,Married,$60K - $80K,Blue,39,3,6348,71,0.126
720473433,Existing Customer,1962,F,1,Graduate,Unknown,Less than $40K,Blue,36,1,2621,78,0.948
780584658,Attrited Customer,1988,F,2,Uneducated,Unknown,$40K - $60K,Blue,22,2,1843,61,0.702
711824358,Existing Customer,1977,F,4,College,Single,Less than $40K,Blue,31,3,3228,70,0
789990333,Existing Customer,1978,F,4,Graduate,Single,$40K - $60K,Blue,35,2,2303,80,0.314
721332033,Existing Customer,1979,M,2,Unknown,Single,$80K - $120K,Blue,30,2,29195,67,0.031
709612983,Attrited Customer,1980,F,2,Graduate,Married,$40K - $60K,Blue,36,2,2990,41,0.611
771058908,Existing Customer,1966,F,3,High School,Single,$40K - $60K,Blue,42,3,2873,72,0.855
715471833,Existing Customer,1971,M,0,Post-Graduate,Married,$80K - $120K,Blue,36,1,28253,67,0
711781233,Existing Customer,1968,F,3,Graduate,Married,Unknown,Blue,45,1,1882,87,0
713947908,Existing Customer,1988,M,2,High School,Married,$80K - $120K,Blue,23,2,1630,91,0
709741608,Existing Customer,1970,M,2,Unknown,Single,$80K - $120K,Blue,36,1,4546,53,0
709333608,Existing Customer,1963,F,2,High School,Single,Unknown,Blue,46,2,2395,84,0.562
709688883,Attrited Customer,1976,M,3,High School,Unknown,$80K - $120K,Blue,36,3,3845,39,0
716269308,Existing Customer,1965,F,3,Graduate,Single,Less than $40K,Blue,36,2,2836,90,0.48
708692583,Attrited Customer,1977,F,2,High School,Single,Less than $40K,Blue,31,3,1506,44,0.112
709892658,Existing Customer,1973,F,5,Graduate,Single,Less than $40K,Blue,38,3,1605,67,0.81
713815383,Attrited Customer,1968,M,1,High School,Single,$80K - $120K,Blue,36,2,11778,44,0
710183283,Existing Customer,1966,F,1,High School,Married,Less than $40K,Blue,36,1,2747,84,0
711937158,Existing Customer,1972,M,3,College,Married,$60K - $80K,Blue,39,3,2501,87,0
771486933,Existing Customer,1957,M,1,Graduate,Single,Less than $40K,Blue,52,3,2563,84,0.875
717450633,Attrited Customer,1974,M,3,Uneducated,Single,$60K - $80K,Blue,36,2,1659,39,0.931
718421808,Existing Customer,1965,F,2,Uneducated,Married,Unknown,Blue,43,3,3068,73,0.575
716403633,Existing Customer,1961,F,0,College,Divorced,Less than $40K,Blue,50,3,3426,69,0.482
717646983,Attrited Customer,1962,F,1,Graduate,Single,Less than $40K,Blue,49,3,3214,53,0.132
778837083,Attrited Customer,1971,M,2,Graduate,Married,$80K - $120K,Blue,31,3,12906,62,0.025
768632958,Attrited Customer,1962,F,1,Graduate,Single,Unknown,Blue,49,4,8708,49,0.125
715622508,Attrited Customer,1969,M,2,Unknown,Married,$80K - $120K,Blue,41,4,7904,32,0
708402333,Existing Customer,1973,F,2,Doctorate,Divorced,Unknown,Blue,37,2,4549,88,0.289
708946008,Attrited Customer,1975,F,3,College,Married,Less than $40K,Blue,36,2,1438.3,39,0.844
715625658,Existing Customer,1972,F,3,High School,Married,Less than $40K,Blue,36,1,4476,87,0.333
789599283,Existing Customer,1977,F,3,College,Divorced,Unknown,Blue,38,3,2002,62,0.723
708960858,Existing Customer,1981,M,4,High School,Married,$80K - $120K,Blue,21,2,11502,85,0.18
814840833,Attrited Customer,1977,M,4,Doctorate,Married,$120K +,Blue,39,3,7924,37,0.318
772082208,Existing Customer,1982,M,1,Graduate,Single,$120K +,Blue,28,2,16199,82,0
711597183,Existing Customer,1978,M,2,Uneducated,Divorced,$80K - $120K,Blue,34,3,1452,72,0
712110333,Attrited Customer,1984,F,3,High School,Single,Unknown,Blue,18,1,2179,48,0
718673358,Attrited Customer,1986,M,3,Doctorate,Married,$80K - $120K,Blue,30,3,13590,52,0.112
712479633,Attrited Customer,1990,F,1,Unknown,Single,Less than $40K,Blue,20,1,1695,43,0
716108283,Existing Customer,1968,F,4,Graduate,Married,Less than $40K,Blue,46,3,4430,82,0.356
779360808,Existing Customer,1972,F,3,Graduate,Married,Less than $40K,Blue,35,3,2919,75,0.696
716352033,Existing Customer,1972,F,2,Graduate,Married,Less than $40K,Blue,39,3,2796,78,0.37
716643033,Attrited Customer,1980,F,2,Graduate,Married,Less than $40K,Blue,31,3,2580,40,0.828
711567333,Existing Customer,1978,M,1,High School,Single,$60K - $80K,Blue,31,3,2834,70,0.607
788756133,Existing Customer,1977,F,3,Unknown,Divorced,Less than $40K,Blue,24,1,2617,60,0.576
755437533,Existing Customer,1973,F,4,Graduate,Single,Less than $40K,Blue,41,3,1522,77,0.836
713573508,Attrited Customer,1980,M,4,Graduate,Unknown,$40K - $60K,Silver,32,2,16509,43,0.026
709430508,Attrited Customer,1981,M,4,High School,Unknown,$40K - $60K,Blue,32,2,7316,50,0.182
710645583,Existing Customer,1977,F,2,Uneducated,Single,Unknown,Blue,37,1,7627,75,0.228
714253983,Existing Customer,1977,M,3,Unknown,Married,$40K - $60K,Blue,36,2,9465,59,0
771566208,Existing Customer,1973,M,3,College,Married,Less than $40K,Blue,36,1,8795,74,0.15
713314533,Attrited Customer,1981,M,2,Unknown,Single,$60K - $80K,Blue,27,2,12283,41,0
720725883,Existing Customer,1987,F,2,College,Single,Less than $40K,Blue,20,2,2715,68,0.554
708539583,Existing Customer,1977,F,3,Unknown,Married,Unknown,Blue,25,1,19897,63,0.112
716747283,Existing Customer,1977,F,2,Uneducated,Single,Less than $40K,Blue,36,2,2097,79,0.584
787519683,Existing Customer,1980,F,2,Graduate,Single,Less than $40K,Blue,30,2,3028,78,0.75
721044333,Existing Customer,1987,F,2,College,Single,Less than $40K,Blue,22,2,1695,91,0.449
713679633,Attrited Customer,1980,F,3,Graduate,Married,Less than $40K,Blue,33,3,1438.3,51,0
711126483,Existing Customer,1984,F,1,Graduate,Single,Less than $40K,Blue,28,3,1438.3,76,0.416
814191333,Attrited Customer,1966,M,2,Unknown,Divorced,$120K +,Blue,50,4,24250,41,0.011
715040208,Existing Customer,1972,F,2,Graduate,Single,Unknown,Blue,38,3,5076,72,0.172
710769258,Existing Customer,1981,F,2,Graduate,Single,Unknown,Blue,27,2,4438,75,0.341
715227633,Existing Customer,1985,F,3,College,Single,Less than $40K,Blue,36,2,1964,60,0
708635058,Existing Customer,1968,F,0,High School,Single,Less than $40K,Blue,44,1,1904,85,0.465
709051533,Existing Customer,1975,F,1,Graduate,Married,$40K - $60K,Blue,26,3,2933,92,0.535
718940208,Existing Customer,1966,F,0,Graduate,Single,Unknown,Blue,44,1,18202,68,0.101
712361583,Existing Customer,1974,M,5,Graduate,Married,$80K - $120K,Silver,36,3,34516,67,0.022
708390633,Existing Customer,1969,F,3,Graduate,Married,Less than $40K,Blue,44,5,2421,69,0.955
720281508,Existing Customer,1977,F,2,Doctorate,Divorced,Less than $40K,Blue,34,1,2406,91,0.62
720885558,Existing Customer,1970,F,2,High School,Single,$40K - $60K,Blue,37,1,2621,74,0.926
709781208,Existing Customer,1987,F,0,Unknown,Married,Less than $40K,Blue,26,3,2291,82,0
710086308,Existing Customer,1975,F,4,High School,Unknown,$40K - $60K,Blue,38,2,3645,87,0.323
713282733,Existing Customer,1984,F,2,Graduate,Single,$40K - $60K,Blue,24,3,3375,64,0.513
815812683,Existing Customer,1974,M,3,Unknown,Single,$120K +,Blue,42,3,8856,77,0.162
708204033,Existing Customer,1985,F,5,Unknown,Single,Less than $40K,Blue,24,1,2980,70,0.702
720040158,Existing Customer,1974,M,3,Uneducated,Single,$60K - $80K,Blue,36,3,17656,71,0
755996583,Attrited Customer,1964,F,2,Uneducated,Single,Less than $40K,Blue,50,0,2475,43,0
711359058,Existing Customer,1975,F,4,High School,Single,Less than $40K,Blue,33,2,3942,71,0.434
714064908,Existing Customer,1964,F,1,Graduate,Single,Less than $40K,Blue,36,2,1771,84,0.728
717074283,Attrited Customer,1976,F,3,Graduate,Divorced,Unknown,Blue,37,2,17678,49,0
765847383,Existing Customer,1971,M,1,Graduate,Married,$120K +,Blue,43,5,20958,78,0
789531633,Existing Customer,1968,F,4,Graduate,Single,Less than $40K,Blue,46,1,4117,88,0.189
820593033,Existing Customer,1978,F,2,Graduate,Single,$40K - $60K,Silver,39,1,18524,64,0.094
710078358,Existing Customer,1985,M,4,Post-Graduate,Married,Less than $40K,Blue,26,1,2222,88,0.581
715025208,Existing Customer,1965,F,2,College,Married,Less than $40K,Blue,46,3,3119,63,0.57
709596783,Existing Customer,1975,M,3,College,Married,$40K - $60K,Blue,34,1,1611,78,0
715960308,Attrited Customer,1968,F,1,Graduate,Divorced,Less than $40K,Blue,44,3,4090,49,0.615
716653758,Existing Customer,1966,M,0,Unknown,Single,$60K - $80K,Blue,36,3,1467,74,0
787268733,Existing Customer,1969,F,1,Graduate,Married,$40K - $60K,Blue,46,1,2442,85,0.617
789923058,Attrited Customer,1968,F,1,High School,Married,$40K - $60K,Blue,44,3,1816,44,0
771079833,Existing Customer,1981,F,3,High School,Single,Less than $40K,Blue,27,3,1438.3,78,0
710507733,Existing Customer,1979,M,4,Graduate,Single,$60K - $80K,Blue,35,3,14958,68,0.11
779269158,Attrited Customer,1978,F,2,Graduate,Married,Unknown,Blue,25,2,21961,39,0
711627558,Existing Customer,1981,F,3,Uneducated,Single,Less than $40K,Blue,30,1,1625,73,0.561
710536983,Existing Customer,1972,F,0,Post-Graduate,Married,Less than $40K,Blue,36,3,3007,67,0.837
712237458,Existing Customer,1974,M,3,Unknown,Married,$120K +,Blue,28,2,11629,78,0.069
778289883,Attrited Customer,1979,F,2,Graduate,Unknown,Less than $40K,Blue,32,3,1507,41,0
714154533,Existing Customer,1976,F,3,High School,Single,Unknown,Blue,36,1,3111,56,0.641
803657133,Existing Customer,1961,M,1,Graduate,Single,$40K - $60K,Blue,54,3,1848,75,0.762
769053033,Attrited Customer,1977,F,1,Graduate,Single,$40K - $60K,Blue,38,2,4142,44,0.608
713613258,Existing Customer,1975,M,4,High School,Single,$80K - $120K,Blue,36,1,1438.3,71,0
768544833,Existing Customer,1976,F,4,Uneducated,Single,Less than $40K,Blue,39,2,2202,77,0.642
720782658,Existing Customer,1979,M,4,Graduate,Married,$60K - $80K,Blue,36,2,3591,80,0.487
768162108,Attrited Customer,1972,M,3,College,Married,$120K +,Blue,43,3,4781,50,0
710511858,Existing Customer,1963,F,0,Unknown,Married,Less than $40K,Blue,36,3,3832,88,0.376
714516033,Existing Customer,1968,M,3,High School,Married,$120K +,Blue,44,2,9025,87,0.111
788630958,Existing Customer,1977,M,2,Uneducated,Single,$40K - $60K,Blue,28,1,11627,67,0
717646008,Existing Customer,1960,F,1,College,Married,Unknown,Blue,46,2,5686,67,0
712290258,Existing Customer,1972,F,1,Unknown,Married,Less than $40K,Blue,40,1,2636,67,0.698
716292033,Existing Customer,1984,F,4,High School,Single,Less than $40K,Blue,36,2,1438.3,84,0
780372408,Existing Customer,1978,F,5,High School,Single,Less than $40K,Blue,33,2,4976,69,0.174
720853158,Existing Customer,1983,F,3,High School,Single,Unknown,Blue,24,3,13951,70,0.115
823507833,Existing Customer,1977,M,4,High School,Single,$60K - $80K,Blue,40,3,14370,79,0.066
711111633,Existing Customer,1961,M,1,High School,Single,$40K - $60K,Silver,49,2,21681,75,0
709904508,Existing Customer,1962,F,0,Post-Graduate,Single,$40K - $60K,Blue,40,3,2634,71,0.624
712022883,Existing Customer,1984,F,2,High School,Single,$40K - $60K,Blue,27,1,2204,82,0.417
712173108,Existing Customer,1973,F,1,Unknown,Unknown,$40K - $60K,Blue,36,1,2447,82,0.814
714156633,Existing Customer,1961,F,0,Unknown,Single,Unknown,Blue,36,3,3068,79,0
714581358,Attrited Customer,1973,F,3,Graduate,Single,Less than $40K,Blue,43,3,1502,36,0
713256033,Existing Customer,1982,F,3,Uneducated,Single,Unknown,Blue,25,3,4181,74,0.384
825831933,Existing Customer,1969,F,3,High School,Married,Less than $40K,Blue,48,2,3136,81,0.352
720274158,Existing Customer,1979,F,4,High School,Married,Less than $40K,Blue,35,2,4478,76,0.38
772394883,Attrited Customer,1961,F,1,Uneducated,Single,Unknown,Blue,50,6,7359,43,0
794253108,Existing Customer,1969,M,4,Graduate,Single,$40K - $60K,Blue,46,3,13090,78,0
720899883,Existing Customer,1977,F,1,High School,Married,$40K - $60K,Blue,35,2,6849,82,0
714313608,Existing Customer,1985,F,4,Uneducated,Married,Less than $40K,Blue,36,3,4228,74,0.446
716602683,Existing Customer,1972,F,3,Graduate,Married,$40K - $60K,Blue,36,3,5678,70,0.367
715928808,Existing Customer,1979,F,2,High School,Married,Less than $40K,Blue,31,5,3964,75,0.307
771899433,Attrited Customer,1973,M,3,Graduate,Married,$80K - $120K,Blue,37,2,7970,27,0.305
714771708,Existing Customer,1985,F,0,College,Unknown,Unknown,Blue,26,3,4692,69,0
709711758,Attrited Customer,1976,F,3,Uneducated,Divorced,Less than $40K,Blue,32,2,1942,31,0
721137558,Attrited Customer,1981,M,4,Graduate,Divorced,$40K - $60K,Blue,28,2,5821,42,0.154
820268358,Existing Customer,1973,F,4,Post-Graduate,Unknown,Less than $40K,Blue,43,1,2357,75,0.62
709273383,Existing Customer,1967,F,0,Unknown,Married,Unknown,Blue,36,1,8294,77,0.084
822959133,Existing Customer,1989,F,3,Post-Graduate,Married,$40K - $60K,Blue,26,3,3174,83,0.657
720491958,Existing Customer,1987,F,3,Uneducated,Single,Less than $40K,Blue,36,3,1438.3,74,0
713607108,Existing Customer,1975,F,2,College,Divorced,Less than $40K,Blue,31,1,1852,61,0.771
709729533,Attrited Customer,1974,M,3,Uneducated,Single,$40K - $60K,Blue,39,3,1809,49,0.253
717890583,Existing Customer,1973,F,1,Graduate,Divorced,$40K - $60K,Blue,38,1,3503,93,0.449
718384233,Existing Customer,1969,M,5,Doctorate,Single,$40K - $60K,Silver,39,2,17835,58,0.049
713401758,Existing Customer,1976,M,2,Uneducated,Married,$120K +,Blue,36,2,3383,75,0.431
773257233,Existing Customer,1975,F,4,Unknown,Single,Less than $40K,Blue,39,2,7128,70,0.204
713556033,Existing Customer,1985,F,1,Graduate,Married,Less than $40K,Blue,22,2,1438.3,59,0.549
719265108,Existing Customer,1979,F,3,High School,Married,Less than $40K,Blue,33,3,3815,94,0.312
778740708,Existing Customer,1982,F,3,Graduate,Married,Less than $40K,Blue,27,3,1902,69,0.506
710952933,Existing Customer,1978,F,1,Uneducated,Divorced,Less than $40K,Blue,36,2,2077,75,0.604
720991833,Attrited Customer,1973,F,2,Doctorate,Married,Less than $40K,Blue,36,3,2514,53,0.831
779954658,Existing Customer,1965,M,4,High School,Single,$80K - $120K,Blue,40,3,34516,82,0
714204108,Existing Customer,1976,F,5,Graduate,Single,Less than $40K,Blue,38,3,2144,55,0.696
805546308,Existing Customer,1956,F,0,High School,Single,Less than $40K,Blue,56,3,5951,83,0.423
716244933,Existing Customer,1967,F,3,High School,Divorced,Unknown,Blue,36,5,4806,87,0
712018233,Existing Customer,1979,F,3,Graduate,Single,Unknown,Blue,34,3,16612,94,0.152
802878408,Existing Customer,1968,F,1,Graduate,Married,$40K - $60K,Blue,47,2,2799,88,0
719504433,Existing Customer,1958,M,0,Unknown,Single,$40K - $60K,Silver,54,3,18064,71,0.094
794558658,Existing Customer,1972,F,4,Graduate,Married,Less than $40K,Blue,34,1,2560,86,0.559
711634008,Existing Customer,1979,F,3,Uneducated,Married,Less than $40K,Blue,36,2,5821,70,0
708260208,Existing Customer,1978,F,5,Uneducated,Single,Less than $40K,Blue,36,3,2057,76,0.622
713435058,Existing Customer,1972,F,5,High School,Divorced,Less than $40K,Blue,42,2,1972,66,0.755
719656533,Existing Customer,1977,M,3,High School,Married,$60K - $80K,Blue,36,2,2675,79,0
719709558,Existing Customer,1973,M,3,Graduate,Married,$40K - $60K,Blue,33,1,6223,79,0.342
710311233,Existing Customer,1977,F,4,High School,Single,Unknown,Blue,37,3,7632,86,0
719216508,Existing Customer,1966,F,1,Unknown,Unknown,Less than $40K,Blue,36,2,3258,77,0.773
713105508,Existing Customer,1975,M,3,High School,Single,$60K - $80K,Silver,29,3,34516,53,0.059
710719683,Existing Customer,1972,F,1,High School,Divorced,$40K - $60K,Blue,43,3,3054,88,0.277
817892208,Existing Customer,1986,F,2,Doctorate,Single,Less than $40K,Blue,30,1,1438.3,72,0
714102183,Attrited Customer,1971,M,3,Uneducated,Single,$120K +,Blue,36,2,7970,41,0.286
715410783,Attrited Customer,1966,F,1,Unknown,Single,Less than $40K,Blue,36,2,1836,34,0.312
718202658,Existing Customer,1974,M,3,Graduate,Unknown,$120K +,Blue,36,2,9397,98,0.085
719445633,Existing Customer,1961,F,0,Uneducated,Married,Less than $40K,Blue,36,2,1601,69,0
709820658,Existing Customer,1976,M,4,High School,Married,$80K - $120K,Blue,36,2,34516,64,0.034
718481283,Existing Customer,1970,F,1,High School,Married,Less than $40K,Blue,43,1,1822,73,0.611
789300408,Existing Customer,1980,M,4,High School,Married,Less than $40K,Blue,30,2,1614,87,0.434
711970533,Existing Customer,1967,F,4,Unknown,Married,Less than $40K,Blue,41,2,1491,71,0.905
815088483,Existing Customer,1993,F,1,Graduate,Divorced,Less than $40K,Blue,23,1,2543,64,0.455
717139608,Existing Customer,1971,F,2,College,Divorced,Less than $40K,Blue,36,2,3462,65,0.525
717626508,Existing Customer,1977,F,3,Graduate,Married,Less than $40K,Blue,36,3,1699,87,0
767668908,Attrited Customer,1975,F,3,Graduate,Married,Unknown,Blue,40,4,13095,32,0.14
712484733,Existing Customer,1974,M,5,Unknown,Single,$60K - $80K,Blue,32,2,8823,85,0.285
716216958,Existing Customer,1973,M,1,Uneducated,Married,$60K - $80K,Blue,42,1,4429,63,0.199
714246333,Attrited Customer,1963,F,4,High School,Married,Unknown,Blue,48,4,5396,39,0.334
718693683,Existing Customer,1956,F,0,High School,Single,$40K - $60K,Blue,53,1,2418,74,0.912
716298633,Existing Customer,1965,F,1,Graduate,Single,Less than $40K,Blue,47,2,2086,84,0.859
755661933,Attrited Customer,1973,F,3,Graduate,Single,$40K - $60K,Blue,41,3,1899,45,0.353
712914783,Existing Customer,1978,M,5,Graduate,Single,$40K - $60K,Blue,31,1,7564,82,0
711240108,Existing Customer,1980,M,2,Graduate,Married,$60K - $80K,Blue,31,2,13116,61,0.093
721396758,Existing Customer,1986,F,4,Doctorate,Married,Less than $40K,Blue,36,1,1438.3,80,0.421
715636533,Existing Customer,1973,F,3,High School,Married,Less than $40K,Blue,36,1,3716,73,0
711508608,Existing Customer,1971,F,1,Unknown,Married,Less than $40K,Blue,36,5,3069,74,0.483
716669658,Attrited Customer,1970,F,1,High School,Single,Less than $40K,Blue,33,3,2006,38,0.802
718212633,Existing Customer,1976,F,4,High School,Married,$40K - $60K,Blue,36,2,2948,79,0.757
708357183,Existing Customer,1974,F,3,Unknown,Single,Less than $40K,Blue,38,2,1438.3,64,0
713629533,Existing Customer,1986,F,1,Uneducated,Married,Less than $40K,Blue,36,2,1438.3,83,0.466
771450708,Existing Customer,1963,F,3,Graduate,Married,$40K - $60K,Blue,46,3,4669,73,0.41
711311883,Existing Customer,1973,F,2,Graduate,Married,Less than $40K,Silver,35,2,13994,63,0
802673508,Attrited Customer,1964,M,2,Graduate,Single,$120K +,Blue,51,5,8760,39,0
708113208,Existing Customer,1968,F,1,High School,Married,Less than $40K,Blue,36,2,1688,69,0
788786208,Existing Customer,1975,F,2,College,Married,Unknown,Blue,27,3,9881,85,0.182
720043533,Existing Customer,1982,M,4,Graduate,Single,$60K - $80K,Blue,26,2,4534,66,0.202
801083133,Existing Customer,1964,F,4,Uneducated,Single,Less than $40K,Blue,51,3,3545,69,0.408
716246733,Existing Customer,1964,F,2,College,Single,Less than $40K,Blue,49,2,1857,71,0.823
807157833,Existing Customer,1965,F,4,Uneducated,Single,Unknown,Blue,51,1,3334,73,0.382
721032633,Attrited Customer,1966,F,3,Unknown,Single,$40K - $60K,Blue,32,3,2496,50,0.801
828285858,Existing Customer,1980,F,3,College,Married,Less than $40K,Blue,37,1,1438.3,66,0.532
718890933,Attrited Customer,1976,F,4,Doctorate,Married,Less than $40K,Blue,27,2,1438.3,38,0
711148308,Existing Customer,1969,M,3,Graduate,Single,$60K - $80K,Blue,46,2,9357,77,0.137
712810233,Existing Customer,1981,F,2,Graduate,Married,Less than $40K,Blue,36,2,2423,80,0.691
714098883,Existing Customer,1976,F,1,Graduate,Single,$40K - $60K,Blue,36,2,1936,80,0.833
779327733,Existing Customer,1978,M,1,Graduate,Divorced,$60K - $80K,Blue,25,3,1783,81,0.569
716364408,Existing Customer,1962,F,0,Unknown,Married,Less than $40K,Blue,36,1,1438.3,62,0
710461083,Existing Customer,1965,F,2,Graduate,Single,Less than $40K,Blue,46,1,1438.3,84,0
709306983,Existing Customer,1977,F,2,Post-Graduate,Married,Less than $40K,Silver,36,3,10580,81,0.097
769035933,Existing Customer,1967,F,2,Unknown,Single,Less than $40K,Blue,48,3,4597,68,0.286
813182658,Existing Customer,1972,F,4,High School,Married,Less than $40K,Blue,44,2,1656,79,0.561
781110408,Existing Customer,1982,F,0,High School,Single,Less than $40K,Blue,23,3,3279,75,0
818007783,Existing Customer,1972,F,3,College,Married,$40K - $60K,Blue,44,2,2578,89,0.617
708862233,Existing Customer,1977,F,4,Graduate,Married,$40K - $60K,Blue,30,3,4068,83,0
714006333,Attrited Customer,1979,F,4,Graduate,Married,Less than $40K,Blue,36,2,2128,41,0.248
770596458,Attrited Customer,1976,F,2,Doctorate,Married,Less than $40K,Blue,31,3,2704,39,0.837
789392883,Existing Customer,1983,F,3,Post-Graduate,Unknown,Less than $40K,Blue,29,1,1878,71,0.664
803805483,Existing Customer,1975,F,3,College,Married,Unknown,Blue,40,3,10600,67,0
709534083,Attrited Customer,1963,F,0,Uneducated,Divorced,Less than $40K,Blue,36,2,9909,41,0
710579583,Existing Customer,1964,F,1,Graduate,Married,Less than $40K,Blue,50,2,1665,86,0.59
708949908,Attrited Customer,1971,M,1,Graduate,Divorced,$120K +,Blue,42,3,1656,44,0
711907083,Existing Customer,1968,M,1,High School,Unknown,$80K - $120K,Blue,36,3,14111,64,0.073
718696458,Existing Customer,1969,F,1,Graduate,Married,Less than $40K,Blue,42,2,2012,68,0.611
710611683,Existing Customer,1978,F,2,Post-Graduate,Married,Less than $40K,Blue,31,1,2837,83,0.637
721511883,Existing Customer,1981,F,3,Graduate,Single,Less than $40K,Blue,28,2,1709,79,0
779116158,Existing Customer,1972,F,1,Unknown,Married,Less than $40K,Blue,31,2,5714,85,0.152
720193533,Existing Customer,1980,M,3,Unknown,Married,$60K - $80K,Blue,32,1,5071,62,0.206
753094533,Existing Customer,1970,M,3,Uneducated,Married,$80K - $120K,Blue,44,3,24028,73,0
719545983,Existing Customer,1990,F,2,Post-Graduate,Unknown,Unknown,Blue,13,3,13882,82,0
716494383,Existing Customer,1972,F,3,Graduate,Unknown,$40K - $60K,Blue,41,2,3585,78,0.26
769892058,Existing Customer,1981,M,3,Uneducated,Single,$80K - $120K,Blue,34,2,9124,65,0.233
709098108,Existing Customer,1976,F,4,Graduate,Married,Unknown,Blue,35,2,2705,80,0
715705683,Existing Customer,1965,F,1,Graduate,Single,Less than $40K,Blue,36,3,1936,70,0.569
715724808,Existing Customer,1972,M,3,High School,Married,$80K - $120K,Blue,41,2,8051,83,0.266
717123858,Existing Customer,1985,F,1,Graduate,Married,$40K - $60K,Blue,36,1,3635,62,0.445
716236683,Existing Customer,1975,F,1,High School,Married,Less than $40K,Blue,37,2,2532,71,0.587
771224358,Existing Customer,1967,F,4,Unknown,Married,Less than $40K,Blue,41,1,2028,78,0
779310033,Attrited Customer,1979,F,4,Doctorate,Married,Less than $40K,Blue,24,2,4304,36,0
710595783,Existing Customer,1975,F,3,Graduate,Unknown,Unknown,Blue,39,1,6644,76,0.313
711409833,Existing Customer,1976,F,5,Uneducated,Married,Less than $40K,Blue,33,1,1830,71,0.355
721174008,Existing Customer,1984,M,2,Uneducated,Married,$120K +,Blue,23,3,7607,77,0.285
714192933,Attrited Customer,1966,F,3,Graduate,Single,Less than $40K,Blue,36,3,2060,44,0
709632483,Existing Customer,1972,F,2,High School,Single,Less than $40K,Blue,40,2,1438.3,84,0.63
718431258,Existing Customer,1980,M,4,High School,Single,$60K - $80K,Blue,28,3,3126,74,0.481
817029108,Existing Customer,1974,F,4,Post-Graduate,Single,$40K - $60K,Blue,27,6,6885,67,0.234
796931508,Attrited Customer,1979,M,4,High School,Unknown,$60K - $80K,Blue,36,3,1871,48,0
769577358,Existing Customer,1990,F,0,Graduate,Single,Less than $40K,Blue,17,2,2787,89,0.632
815589558,Existing Customer,1971,M,2,Post-Graduate,Married,$80K - $120K,Blue,45,3,1867,70,0.792
714287583,Attrited Customer,1980,F,3,Unknown,Married,Less than $40K,Blue,32,2,1438.3,38,0
718975083,Attrited Customer,1974,F,4,Graduate,Single,Less than $40K,Blue,40,4,2473,44,0
715315008,Existing Customer,1981,M,4,Post-Graduate,Single,$40K - $60K,Blue,30,3,4640,70,0.335
779252283,Existing Customer,1974,F,4,High School,Married,Less than $40K,Blue,29,3,2712,82,0.889
714031083,Attrited Customer,1975,F,3,Graduate,Unknown,Unknown,Blue,30,2,8869,40,0
772442883,Attrited Customer,1970,F,4,Graduate,Married,Unknown,Blue,41,3,3853,38,0.181
714533058,Existing Customer,1968,F,3,College,Married,Less than $40K,Blue,43,2,1438.3,86,0.501
716570958,Attrited Customer,1971,M,3,Post-Graduate,Divorced,$60K - $80K,Blue,36,2,14409,39,0.035
710116833,Attrited Customer,1962,F,1,High School,Single,$40K - $60K,Blue,36,3,1665,40,0
718586133,Existing Customer,1978,F,3,Graduate,Married,Less than $40K,Blue,31,1,2639,85,0
773322558,Existing Customer,1962,F,2,High School,Married,Less than $40K,Blue,48,1,2338,69,0.67
714554808,Existing Customer,1970,F,1,Graduate,Married,Less than $40K,Blue,40,3,2774,91,0.491
717903108,Existing Customer,1964,F,1,College,Single,Unknown,Blue,46,1,4283,65,0.114
815908908,Attrited Customer,1974,F,4,Uneducated,Single,Unknown,Blue,42,4,6263,50,0.402
771464808,Existing Customer,1986,F,2,Graduate,Single,Less than $40K,Blue,23,3,2317,71,0.562
708234558,Existing Customer,1966,F,2,College,Divorced,Less than $40K,Blue,43,2,2239,73,0.598
715737258,Existing Customer,1980,F,1,College,Married,Less than $40K,Blue,32,3,2225,84,0
710188308,Existing Customer,1970,F,3,Graduate,Single,Less than $40K,Blue,41,2,1519,73,0.756
708670608,Existing Customer,1973,F,5,Uneducated,Married,Unknown,Blue,36,2,5495,85,0.4
714839808,Existing Customer,1970,F,3,Graduate,Married,Less than $40K,Blue,35,1,2141,64,0.549
811140933,Existing Customer,1978,F,2,High School,Married,Less than $40K,Blue,29,1,2616,63,0.683
788937933,Existing Customer,1982,F,3,Graduate,Divorced,Less than $40K,Blue,25,1,5494,81,0.247
721527858,Attrited Customer,1969,F,3,High School,Married,Less than $40K,Blue,40,5,2003,42,0.866
718265658,Existing Customer,1974,F,4,Uneducated,Single,Less than $40K,Blue,36,1,2092,80,0.717
714312708,Existing Customer,1977,M,0,High School,Single,$60K - $80K,Blue,36,3,6606,68,0.381
715821183,Existing Customer,1979,F,4,College,Married,Unknown,Blue,23,3,7102,68,0
709487058,Existing Customer,1970,F,2,Unknown,Married,Less than $40K,Silver,36,2,13812,56,0.082
712675158,Existing Customer,1965,M,1,Graduate,Single,$60K - $80K,Blue,36,3,7075,75,0.237
826473858,Existing Customer,1977,M,1,College,Single,$40K - $60K,Blue,40,1,4274,60,0.393
817382958,Existing Customer,1974,F,3,High School,Single,Less than $40K,Blue,31,1,2317,89,0
712927383,Attrited Customer,1970,F,2,Uneducated,Single,Less than $40K,Blue,36,3,1438.3,49,0.446
712894308,Existing Customer,1974,M,4,High School,Married,$80K - $120K,Blue,37,3,2888,75,0
712349808,Existing Customer,1977,F,4,College,Single,Unknown,Blue,34,1,12310,76,0.054
778780008,Existing Customer,1973,M,4,Unknown,Married,$60K - $80K,Blue,36,3,1622,66,0.77
711430908,Attrited Customer,1976,F,4,Graduate,Married,Less than $40K,Blue,34,2,1438.3,35,0
779670783,Existing Customer,1981,M,3,Unknown,Single,$80K - $120K,Blue,23,2,12559,71,0
718757808,Existing Customer,1965,F,1,Uneducated,Unknown,$40K - $60K,Blue,46,3,2929,67,0.439
779530908,Attrited Customer,1973,F,3,Unknown,Divorced,Less than $40K,Blue,31,2,1438.3,58,0
716389833,Existing Customer,1971,F,1,Unknown,Single,Less than $40K,Blue,40,1,2319,74,0.442
718469658,Existing Customer,1984,F,2,Uneducated,Married,Unknown,Blue,22,3,7927,85,0.126
809849358,Attrited Customer,1966,F,2,Graduate,Divorced,Less than $40K,Blue,50,6,1720,36,0
719772258,Existing Customer,1983,M,3,Unknown,Single,$80K - $120K,Blue,30,1,3642,79,0.199
809363958,Existing Customer,1972,F,3,High School,Married,$40K - $60K,Blue,44,1,3881,66,0
709165533,Existing Customer,1974,M,3,Doctorate,Unknown,$120K +,Blue,41,2,6143,72,0.187
809846283,Existing Customer,1979,F,1,Unknown,Married,Less than $40K,Blue,37,3,1438.3,78,0
708427908,Existing Customer,1969,F,4,College,Unknown,Less than $40K,Blue,39,3,2035,86,0.66
721228308,Attrited Customer,1974,F,2,High School,Married,Less than $40K,Blue,39,3,3899,40,0
713374533,Existing Customer,1969,F,1,Unknown,Single,$40K - $60K,Blue,43,2,1981,90,0.546
708708858,Attrited Customer,1971,F,1,Graduate,Single,Less than $40K,Blue,36,3,2422,46,0.207
721111233,Existing Customer,1969,M,2,Graduate,Married,$80K - $120K,Blue,43,3,11964,85,0.067
708538608,Existing Customer,1971,F,4,College,Married,Unknown,Blue,36,4,3862,81,0
718866633,Existing Customer,1975,M,2,College,Married,$80K - $120K,Blue,36,4,33142,63,0
719100633,Existing Customer,1981,M,2,High School,Single,$120K +,Silver,36,4,34516,73,0.042
789328083,Attrited Customer,1979,F,4,High School,Married,Less than $40K,Blue,32,3,3454,39,0
822905058,Existing Customer,1992,F,2,Graduate,Married,Less than $40K,Blue,25,3,2732,85,0.639
816549933,Existing Customer,1971,M,4,High School,Divorced,$80K - $120K,Blue,45,2,1687,82,0.588
716421633,Attrited Customer,1978,F,3,Graduate,Married,Less than $40K,Blue,36,2,3523,44,0
712667958,Existing Customer,1981,M,4,Uneducated,Single,$120K +,Blue,36,3,5773,71,0.351
809559933,Attrited Customer,1976,F,3,Graduate,Married,Unknown,Blue,40,5,4462,41,0.158
819979458,Existing Customer,1986,F,3,Doctorate,Married,Less than $40K,Blue,30,2,3976,75,0.45
708100533,Existing Customer,1966,F,3,College,Single,Less than $40K,Blue,36,3,2679,85,0.85
778669608,Existing Customer,1972,F,4,Unknown,Married,$40K - $60K,Blue,29,3,1564,78,0
802867683,Existing Customer,1968,F,2,High School,Single,$40K - $60K,Blue,47,2,1536,78,0.474
711893358,Existing Customer,1975,M,5,High School,Married,$40K - $60K,Blue,37,2,2375,66,0.504
785410158,Existing Customer,1971,F,3,High School,Married,Less than $40K,Blue,42,3,2719,65,0
718596858,Existing Customer,1968,F,4,Graduate,Divorced,$40K - $60K,Blue,45,3,3369,78,0.72
708338958,Existing Customer,1963,F,1,Graduate,Single,Less than $40K,Blue,36,1,3173,75,0.54
714688833,Existing Customer,1974,F,2,High School,Unknown,Less than $40K,Blue,36,2,3139,95,0
789662283,Attrited Customer,1971,F,3,High School,Married,Less than $40K,Blue,33,3,2140,50,0
712805658,Existing Customer,1965,F,3,Uneducated,Single,Less than $40K,Blue,46,3,2258,72,0
815598858,Existing Customer,1973,M,3,Graduate,Married,$40K - $60K,Blue,43,1,2423,74,0.734
779412783,Existing Customer,1966,F,1,High School,Single,Less than $40K,Blue,37,3,2376,79,0.829
780036483,Existing Customer,1983,M,1,Graduate,Single,Less than $40K,Blue,28,5,1690,69,0.863
711527508,Attrited Customer,1975,F,3,High School,Married,$40K - $60K,Blue,34,3,8583,31,0
720768258,Existing Customer,1969,F,3,Graduate,Single,Less than $40K,Blue,34,2,2996,66,0.717
716023533,Existing Customer,1972,F,1,Post-Graduate,Single,Unknown,Blue,39,3,2880,81,0.693
714075708,Existing Customer,1973,M,4,Uneducated,Divorced,$80K - $120K,Gold,38,3,34516,71,0.041
787475433,Existing Customer,1985,F,2,Doctorate,Single,Unknown,Blue,23,2,6966,69,0.13
787505133,Attrited Customer,1985,M,3,College,Married,$120K +,Blue,24,2,11316,49,0.141
712241433,Existing Customer,1983,F,0,High School,Single,Less than $40K,Blue,30,2,1438.3,84,0.697
807990108,Existing Customer,1977,M,1,Uneducated,Divorced,$120K +,Blue,39,2,11362,61,0
719018208,Attrited Customer,1969,F,0,Doctorate,Married,Unknown,Blue,46,4,7210,36,0
716641983,Existing Customer,1966,F,4,College,Single,Unknown,Blue,36,3,7790,84,0.097
708989358,Existing Customer,1984,F,2,Unknown,Married,Less than $40K,Blue,18,3,2023,79,0.784
708807483,Existing Customer,1970,F,3,Graduate,Married,$40K - $60K,Blue,45,2,9117,75,0.138
715774833,Existing Customer,1980,F,2,Doctorate,Unknown,Less than $40K,Blue,36,1,1801,74,0.522
714733908,Existing Customer,1970,M,2,High School,Married,$60K - $80K,Blue,37,6,8787,75,0.124
721067658,Existing Customer,1981,M,4,Graduate,Married,$60K - $80K,Silver,36,1,27436,81,0.023
788997408,Existing Customer,1956,F,2,Doctorate,Single,Less than $40K,Blue,53,3,2195,65,0.873
719835033,Existing Customer,1975,M,4,College,Married,$80K - $120K,Blue,34,3,13734,67,0.041
771854808,Existing Customer,1976,M,4,Graduate,Married,$60K - $80K,Blue,34,2,2731,66,0.684
717299958,Existing Customer,1972,M,3,Graduate,Single,$80K - $120K,Blue,45,2,2453,66,0.625
720778458,Existing Customer,1972,M,3,Unknown,Married,$60K - $80K,Blue,36,3,7451,97,0.207
713019783,Existing Customer,1980,F,3,High School,Married,$40K - $60K,Blue,35,3,2644,72,0.679
770968383,Attrited Customer,1980,M,4,Graduate,Married,$80K - $120K,Silver,28,2,34516,52,0.024
709747308,Existing Customer,1980,M,5,Graduate,Married,$60K - $80K,Blue,36,4,4575,64,0.294
801366783,Existing Customer,1970,F,1,College,Single,Less than $40K,Blue,45,3,4860,80,0.365
798786333,Existing Customer,1975,F,2,Graduate,Married,Less than $40K,Blue,40,4,1438.3,66,0.355
771723408,Attrited Customer,1984,F,2,Unknown,Single,Less than $40K,Blue,25,2,1690,60,0
715117008,Existing Customer,1982,M,5,Uneducated,Married,$40K - $60K,Blue,36,2,1438.3,82,0
713944833,Existing Customer,1975,M,5,Uneducated,Single,$60K - $80K,Blue,36,3,24512,78,0.031
713569158,Attrited Customer,1978,F,3,High School,Single,$40K - $60K,Blue,34,3,1654,47,0.891
713037333,Existing Customer,1958,M,1,Graduate,Single,$80K - $120K,Blue,55,1,21430,57,0
718267233,Existing Customer,1971,M,1,Graduate,Married,$120K +,Silver,38,3,34516,65,0.055
709736658,Existing Customer,1984,M,4,Uneducated,Married,$40K - $60K,Blue,27,3,1438.3,86,0.528
710929233,Existing Customer,1988,F,2,Doctorate,Single,Less than $40K,Blue,36,2,2800,83,0.557
714290583,Existing Customer,1977,M,4,Post-Graduate,Married,$60K - $80K,Blue,36,2,3117,85,0.449
717972408,Existing Customer,1977,M,2,Uneducated,Married,$80K - $120K,Blue,34,3,2558,78,0.788
718626033,Attrited Customer,1974,M,3,High School,Married,$60K - $80K,Blue,39,3,10061,52,0
720008133,Existing Customer,1976,F,4,Graduate,Unknown,Unknown,Blue,36,1,3416,83,0.213
710476908,Existing Customer,1982,F,3,Graduate,Married,Unknown,Blue,28,3,9371,78,0.114
709888383,Existing Customer,1974,F,3,Graduate,Married,Less than $40K,Blue,36,1,3147,82,0.779
788864508,Existing Customer,1969,F,3,Unknown,Single,Less than $40K,Blue,37,2,1554,79,0.596
714010383,Attrited Customer,1974,F,5,Uneducated,Single,Unknown,Blue,40,4,3502,42,0
719549508,Existing Customer,1972,F,4,Graduate,Single,Less than $40K,Blue,40,2,2712,74,0.622
718670808,Existing Customer,1962,F,0,College,Married,Less than $40K,Blue,51,1,1438.3,81,0
718211208,Existing Customer,1982,M,3,High School,Married,$120K +,Blue,36,3,3281,69,0.513
712578933,Attrited Customer,1986,F,5,High School,Married,$40K - $60K,Blue,25,2,1438.3,44,0
709343433,Existing Customer,1982,F,2,Graduate,Single,Less than $40K,Blue,26,3,2469,74,0.74
767488908,Existing Customer,1980,M,4,Unknown,Married,$80K - $120K,Blue,35,2,3497,72,0
719531133,Existing Customer,1975,F,4,Unknown,Unknown,$40K - $60K,Blue,38,2,2505,80,0
719006508,Existing Customer,1987,M,2,Graduate,Married,$60K - $80K,Blue,36,1,2763,69,0.692
721287183,Existing Customer,1972,F,2,Uneducated,Married,Less than $40K,Blue,35,2,2081,87,0
711144183,Attrited Customer,1966,F,3,Graduate,Married,Unknown,Blue,45,3,2815,29,0.656
709080783,Existing Customer,1965,F,1,Graduate,Single,Less than $40K,Blue,38,1,1737,78,0
710520408,Existing Customer,1969,F,4,High School,Single,Unknown,Blue,36,3,9078,87,0.132
785262333,Attrited Customer,1975,M,5,Uneducated,Unknown,$40K - $60K,Blue,40,4,6185,45,0.317
716513358,Existing Customer,1970,F,2,Graduate,Divorced,Unknown,Blue,36,3,2069,91,0.871
719073483,Attrited Customer,1976,M,3,Uneducated,Married,$80K - $120K,Blue,38,3,9234,44,0
715372083,Existing Customer,1984,F,1,Graduate,Single,Less than $40K,Blue,36,3,2684,85,0
780034083,Existing Customer,1973,F,3,High School,Married,$40K - $60K,Blue,38,2,2151,86,0
794581533,Existing Customer,1969,M,2,College,Single,$60K - $80K,Blue,37,3,2749,90,0.502
710013258,Existing Customer,1977,F,3,High School,Single,Less than $40K,Blue,31,2,1980,69,0.416
719084358,Attrited Customer,1966,F,1,Graduate,Married,Less than $40K,Blue,46,4,4232,37,0
789173958,Existing Customer,1976,F,2,Graduate,Married,Less than $40K,Blue,34,1,1438.3,76,0.61
789575583,Existing Customer,1978,F,2,Uneducated,Unknown,Unknown,Blue,36,1,6931,64,0.199
712434708,Attrited Customer,1969,F,3,High School,Married,Less than $40K,Blue,39,3,3302,47,0.762
808675083,Existing Customer,1960,M,1,Graduate,Single,Unknown,Blue,56,3,4235,76,0.396
710864358,Existing Customer,1970,F,2,Doctorate,Married,Unknown,Blue,45,6,6501,81,0
712574583,Existing Customer,1987,F,1,Graduate,Single,Unknown,Blue,21,1,6376,70,0.207
708412758,Attrited Customer,1988,F,3,Graduate,Single,Less than $40K,Blue,36,2,1457,45,0
714389058,Existing Customer,1983,F,3,Unknown,Married,$40K - $60K,Blue,36,3,5576,85,0
715767033,Existing Customer,1965,F,3,College,Single,Unknown,Blue,36,1,1438.3,83,0
779281233,Existing Customer,1976,F,3,Graduate,Single,Unknown,Blue,27,3,2478,80,0.705
717147708,Existing Customer,1977,M,2,Uneducated,Divorced,$60K - $80K,Blue,34,3,3650,81,0.348
715029333,Existing Customer,1969,F,2,Unknown,Divorced,Less than $40K,Blue,36,2,2111,72,0
806989008,Existing Customer,1991,F,0,High School,Single,Unknown,Blue,25,1,12917,82,0.09
713158083,Attrited Customer,1965,M,2,High School,Single,$120K +,Blue,46,4,7327,41,0
771037008,Existing Customer,1975,M,1,Uneducated,Married,$80K - $120K,Blue,33,1,13324,76,0
710587458,Existing Customer,1987,M,2,High School,Unknown,$80K - $120K,Blue,22,3,11154,77,0.145
710563458,Existing Customer,1978,F,1,Graduate,Divorced,Unknown,Blue,30,3,9535,81,0.069
720010608,Attrited Customer,1984,M,2,Unknown,Single,$40K - $60K,Blue,24,2,10226,44,0
710343783,Existing Customer,1984,F,5,Unknown,Married,Less than $40K,Blue,29,1,2140,65,0
772578858,Existing Customer,1972,F,1,Unknown,Married,Less than $40K,Blue,39,4,2904,66,0.759
708559533,Existing Customer,1981,M,1,Uneducated,Married,$80K - $120K,Blue,36,3,1770,83,0.33
711939558,Attrited Customer,1984,F,2,Unknown,Single,Less than $40K,Blue,36,2,1534,39,0
772143333,Existing Customer,1975,F,2,High School,Single,Less than $40K,Blue,35,3,2170,79,0.69
711067383,Existing Customer,1968,M,1,Unknown,Single,$120K +,Blue,45,2,10001,74,0
817041408,Existing Customer,1965,F,3,High School,Married,Unknown,Blue,41,2,4169,82,0.372
771942333,Existing Customer,1956,M,1,College,Single,Less than $40K,Blue,54,2,5363,63,0.244
755247108,Existing Customer,1971,F,2,Doctorate,Single,Less than $40K,Blue,43,1,3206,82,0
715710708,Existing Customer,1971,M,2,Unknown,Married,$60K - $80K,Blue,37,3,18085,76,0.041
713858733,Existing Customer,1960,F,0,Post-Graduate,Married,$40K - $60K,Blue,53,3,2566,73,0.843
717129333,Existing Customer,1986,F,2,Graduate,Married,$40K - $60K,Blue,25,1,1438.3,73,0
716924958,Attrited Customer,1956,F,2,Graduate,Single,Less than $40K,Blue,56,0,6812,48,0.283
719614758,Existing Customer,1976,F,4,Graduate,Single,$40K - $60K,Blue,34,2,2700,75,0.732
721537683,Existing Customer,1971,F,3,Post-Graduate,Married,Unknown,Blue,41,3,5471,67,0.245
771500358,Existing Customer,1978,F,2,Uneducated,Divorced,Less than $40K,Blue,31,3,4332,84,0.303
711531858,Attrited Customer,1973,F,4,Unknown,Married,Less than $40K,Blue,41,3,2447,37,0.518
715060158,Existing Customer,1980,F,4,Graduate,Single,Less than $40K,Blue,26,2,1783,76,0.719
779725833,Existing Customer,1979,M,2,Graduate,Single,$60K - $80K,Blue,26,3,11761,73,0.151
716592558,Existing Customer,1969,F,1,High School,Single,Less than $40K,Blue,36,3,2340,68,0.471
771020133,Existing Customer,1976,F,5,Uneducated,Single,Less than $40K,Blue,32,3,2859,79,0.621
709153008,Existing Customer,1984,M,3,High School,Married,$40K - $60K,Blue,36,3,2523,76,0.983
713394858,Existing Customer,1973,M,2,Post-Graduate,Married,$40K - $60K,Blue,34,2,4776,60,0
721175283,Existing Customer,1962,F,1,Graduate,Married,Less than $40K,Blue,36,1,2697,58,0.523
715503558,Existing Customer,1964,F,3,High School,Married,Less than $40K,Blue,36,2,3542,71,0.682
819943458,Attrited Customer,1964,M,3,Graduate,Single,$120K +,Blue,52,4,34516,37,0.029
717094758,Existing Customer,1981,F,4,Post-Graduate,Married,Unknown,Blue,29,3,8823,84,0
772073508,Attrited Customer,1969,F,1,College,Single,Less than $40K,Blue,41,3,1764,47,0
721351983,Attrited Customer,1978,F,4,Uneducated,Married,Less than $40K,Blue,36,3,3492,47,0.721
714477408,Attrited Customer,1985,F,3,High School,Married,Less than $40K,Blue,36,3,2977,39,0.45
718471758,Existing Customer,1972,M,4,Doctorate,Single,$60K - $80K,Silver,37,2,30976,69,0.066
711607833,Existing Customer,1978,M,5,High School,Married,$60K - $80K,Blue,36,2,2810,97,0.848
708621408,Existing Customer,1982,F,1,Unknown,Single,Less than $40K,Blue,28,2,1438.3,82,0
719277033,Existing Customer,1977,M,3,High School,Single,$40K - $60K,Blue,34,3,8997,62,0.079
813905508,Existing Customer,1964,F,3,Uneducated,Single,Less than $40K,Blue,52,3,2002,73,0.593
719761458,Existing Customer,1966,M,4,Post-Graduate,Single,$60K - $80K,Blue,36,2,4998,61,0.325
708222558,Existing Customer,1984,F,2,Post-Graduate,Married,Less than $40K,Blue,36,2,2310,77,0.655
713937558,Existing Customer,1967,F,2,High School,Married,$40K - $60K,Blue,36,3,3892,74,0
709603608,Existing Customer,1987,M,3,Uneducated,Married,$60K - $80K,Blue,25,1,2345,69,0.701
804661083,Existing Customer,1971,M,0,Graduate,Single,$80K - $120K,Blue,45,2,2135,77,0.705
720977358,Existing Customer,1971,F,2,Unknown,Single,Less than $40K,Blue,36,2,2528,78,0.668
718420308,Existing Customer,1971,F,2,High School,Married,Less than $40K,Blue,36,1,3397,75,0.488
714046608,Existing Customer,1972,M,0,Doctorate,Married,$60K - $80K,Blue,39,6,19719,73,0.071
718048608,Existing Customer,1980,F,3,Graduate,Married,Unknown,Blue,33,3,15292,74,0.087
718497033,Existing Customer,1969,M,1,High School,Married,$120K +,Blue,36,3,31733,53,0
711801933,Attrited Customer,1967,F,4,High School,Single,$40K - $60K,Blue,36,3,1438.3,42,0
716282208,Attrited Customer,1967,F,2,Post-Graduate,Married,Less than $40K,Blue,48,6,1638,36,0
789076083,Existing Customer,1971,F,3,High School,Single,Less than $40K,Blue,38,3,2775,84,0.532
714045783,Attrited Customer,1984,F,2,Graduate,Married,$40K - $60K,Blue,29,2,2547,46,0.771
769720683,Existing Customer,1971,F,1,Graduate,Married,Unknown,Blue,44,2,5708,60,0.33
721092783,Existing Customer,1975,M,3,Graduate,Married,$80K - $120K,Blue,36,3,19838,68,0.065
720243933,Attrited Customer,1974,M,2,Uneducated,Married,$60K - $80K,Blue,32,3,1789,49,0
818502708,Existing Customer,1970,F,1,Uneducated,Single,$40K - $60K,Blue,46,3,2284,86,0.733
712942308,Existing Customer,1979,M,3,Doctorate,Single,$60K - $80K,Blue,36,1,11535,67,0.132
714262533,Existing Customer,1993,F,0,Unknown,Married,Unknown,Blue,36,4,3524,78,0.371
714708183,Existing Customer,1963,M,2,High School,Single,$60K - $80K,Silver,49,3,30186,74,0
718285308,Existing Customer,1977,F,1,Unknown,Single,Less than $40K,Blue,31,3,1438.3,55,0
720595083,Existing Customer,1981,F,3,Unknown,Married,Less than $40K,Blue,30,2,1620,69,0.789
787501758,Existing Customer,1970,F,3,High School,Single,Less than $40K,Blue,39,2,4038,68,0.306
714990633,Existing Customer,1965,M,4,Graduate,Single,$80K - $120K,Blue,36,3,2078,82,0.816
714652383,Existing Customer,1970,F,4,Graduate,Married,Less than $40K,Blue,36,3,1571,74,0
788776008,Existing Customer,1978,M,3,College,Married,$80K - $120K,Blue,24,3,4726,91,0.246
709176108,Existing Customer,1965,F,4,Post-Graduate,Unknown,Less than $40K,Blue,49,3,4604,79,0.135
719354433,Existing Customer,1973,M,1,College,Single,$80K - $120K,Silver,36,3,34516,78,0.047
709368483,Existing Customer,1965,M,2,Graduate,Married,$40K - $60K,Blue,45,2,1438.3,77,0
717621333,Existing Customer,1973,F,3,Unknown,Divorced,Less than $40K,Blue,36,2,2680,78,0.698
716272158,Attrited Customer,1980,F,3,College,Married,$40K - $60K,Blue,15,3,4312,56,0.584
803355408,Existing Customer,1971,M,2,Unknown,Married,$60K - $80K,Blue,44,3,2205,77,0.752
717073308,Existing Customer,1977,F,3,College,Married,Less than $40K,Blue,31,6,2679,78,0.271
789105183,Existing Customer,1967,M,3,Post-Graduate,Single,$80K - $120K,Silver,42,1,34516,87,0.072
721305408,Existing Customer,1973,F,2,Graduate,Married,Less than $40K,Blue,37,2,3378,81,0
715739733,Existing Customer,1987,M,1,High School,Single,$40K - $60K,Blue,25,1,1793,88,0.636
779217333,Existing Customer,1962,F,0,Graduate,Divorced,Less than $40K,Blue,49,2,2228,75,0.674
712133508,Existing Customer,1980,F,3,College,Single,$40K - $60K,Blue,22,0,2577,75,0.614
714602658,Attrited Customer,1982,F,1,Graduate,Married,Less than $40K,Blue,36,2,1462,36,0
712446783,Attrited Customer,1971,F,4,Graduate,Married,Less than $40K,Blue,30,3,4038,41,0.379
720049083,Attrited Customer,1986,F,1,Unknown,Divorced,Unknown,Blue,24,3,1438.3,47,0
824172258,Existing Customer,1987,F,2,Unknown,Divorced,Less than $40K,Blue,30,1,4408,77,0.343
717695058,Existing Customer,1975,F,5,High School,Married,Unknown,Blue,35,1,4163,76,0
719782458,Existing Customer,1972,F,1,Graduate,Married,$40K - $60K,Blue,39,3,7201,76,0.277
718141983,Existing Customer,1972,M,0,High School,Single,$80K - $120K,Blue,43,3,1883,89,0.688
718853358,Existing Customer,1979,F,3,Graduate,Single,Less than $40K,Blue,36,1,3308,85,0.761
772539558,Existing Customer,1956,F,0,College,Single,Less than $40K,Blue,55,3,2022,65,0
817094283,Existing Customer,1978,F,5,Graduate,Married,Less than $40K,Blue,23,3,8597,78,0.105
716932308,Existing Customer,1983,F,2,College,Married,Unknown,Blue,28,1,4693,79,0.135
714738858,Existing Customer,1969,F,1,Graduate,Unknown,Less than $40K,Blue,36,1,2873,81,0.597
772409733,Existing Customer,1982,F,3,High School,Divorced,$40K - $60K,Blue,28,1,3400,90,0.679
717534108,Existing Customer,1973,F,3,High School,Divorced,$40K - $60K,Blue,40,1,2405,79,0.586
816378033,Attrited Customer,1975,M,4,Uneducated,Single,$80K - $120K,Gold,41,3,34516,47,0.032
790141308,Existing Customer,1977,M,2,College,Married,$80K - $120K,Blue,37,3,8241,79,0
710770383,Existing Customer,1968,F,2,Graduate,Married,$40K - $60K,Blue,36,3,1438.3,92,0.405
711351108,Existing Customer,1977,F,3,High School,Unknown,Less than $40K,Blue,36,3,2608,61,0.692
713744058,Existing Customer,1980,F,3,High School,Married,Less than $40K,Blue,36,2,2359,78,0.64
708998583,Existing Customer,1974,F,4,Post-Graduate,Married,Less than $40K,Blue,39,2,1790,87,0
827451333,Attrited Customer,1967,F,2,Uneducated,Married,Less than $40K,Blue,50,6,2247,37,0
714228558,Existing Customer,1981,M,3,High School,Single,$80K - $120K,Blue,36,3,3624,82,0
797668983,Existing Customer,1979,F,4,Graduate,Married,Less than $40K,Blue,36,2,1438.3,70,0
713023158,Existing Customer,1982,F,2,College,Married,$40K - $60K,Blue,31,1,2901,78,0.739
709982658,Existing Customer,1980,F,2,College,Married,Less than $40K,Blue,31,2,9759,77,0.209
715398858,Existing Customer,1964,F,3,Post-Graduate,Married,Less than $40K,Blue,36,3,2525,78,0.476
715615233,Existing Customer,1961,F,1,High School,Divorced,Less than $40K,Blue,48,3,2737,86,0.662
710650608,Existing Customer,1970,M,2,Graduate,Married,$80K - $120K,Blue,36,3,19262,85,0.077
803214108,Existing Customer,1988,F,0,High School,Single,Unknown,Blue,27,1,2252,68,0.811
717202083,Attrited Customer,1975,M,2,Unknown,Single,$80K - $120K,Blue,34,3,7077,41,0
719051733,Existing Customer,1958,M,0,College,Single,$60K - $80K,Blue,51,2,2706,64,0.329
789900633,Existing Customer,1972,F,2,High School,Married,$40K - $60K,Blue,40,3,3263,69,0.466
789122808,Attrited Customer,1980,F,4,College,Married,$40K - $60K,Blue,29,2,3281,45,0
709902108,Existing Customer,1970,M,2,High School,Married,$80K - $120K,Blue,40,3,8169,70,0.097
713666058,Existing Customer,1975,F,5,College,Divorced,$40K - $60K,Blue,38,1,3276,76,0.585
711453783,Existing Customer,1980,F,3,Unknown,Single,Less than $40K,Blue,29,2,1966,74,0.739
778936008,Existing Customer,1975,F,4,High School,Married,Unknown,Blue,30,1,5869,83,0
708085458,Existing Customer,1987,F,2,Uneducated,Single,Less than $40K,Blue,24,2,1438.3,82,0
749067633,Existing Customer,1976,F,2,Unknown,Married,Less than $40K,Blue,38,2,3682,77,0
716170308,Existing Customer,1994,F,0,Graduate,Divorced,Unknown,Blue,36,1,13439,86,0.149
711507783,Attrited Customer,1967,F,2,Doctorate,Single,Less than $40K,Blue,42,4,1694,41,0
819752133,Existing Customer,1980,M,2,High School,Divorced,$80K - $120K,Blue,36,2,1636,73,0.603
711061908,Existing Customer,1973,F,1,Graduate,Married,Less than $40K,Blue,38,2,1449,50,0.517
744231708,Existing Customer,1976,F,2,Graduate,Married,Less than $40K,Blue,38,3,1513,71,0.521
716856408,Attrited Customer,1982,F,4,Graduate,Single,Less than $40K,Blue,28,2,1438.3,44,0
711780108,Existing Customer,1975,F,4,Doctorate,Divorced,Less than $40K,Blue,38,3,4120,81,0.383
715178733,Existing Customer,1974,F,2,Unknown,Single,Less than $40K,Blue,41,3,2289,77,0.704
721418133,Existing Customer,1976,F,3,Graduate,Single,Less than $40K,Blue,33,2,2016,82,0.482
720124758,Attrited Customer,1972,M,3,Uneducated,Married,$80K - $120K,Blue,40,4,2509,47,0.179
809068983,Existing Customer,1981,F,2,Graduate,Married,Less than $40K,Blue,35,1,3511,82,0
711052308,Existing Customer,1976,M,3,Post-Graduate,Divorced,$60K - $80K,Blue,37,3,2751,75,0.884
718967433,Existing Customer,1987,F,2,High School,Divorced,Less than $40K,Blue,36,6,2426,81,0
709827933,Existing Customer,1977,M,2,Graduate,Married,$80K - $120K,Blue,36,3,12230,76,0.098
787568433,Existing Customer,1979,M,3,Graduate,Single,$60K - $80K,Blue,33,1,7328,79,0.128
720256158,Existing Customer,1974,F,2,High School,Married,Unknown,Blue,40,1,2264,75,0
715435758,Existing Customer,1979,M,2,Graduate,Single,$80K - $120K,Blue,36,1,3046,77,0.404
719505483,Existing Customer,1970,F,0,Uneducated,Married,Unknown,Blue,36,3,5881,89,0
721247883,Existing Customer,1969,M,2,College,Married,$80K - $120K,Blue,41,2,16207,83,0.057
772220433,Existing Customer,1977,M,3,College,Unknown,$60K - $80K,Blue,33,3,15468,81,0.077
789692283,Existing Customer,1974,F,5,College,Single,Less than $40K,Blue,34,3,5950,66,0
815091333,Existing Customer,1973,F,3,Unknown,Married,Less than $40K,Blue,43,1,3119,77,0.704
778732158,Existing Customer,1971,F,3,Uneducated,Unknown,Unknown,Blue,30,1,1507,83,0
715129233,Existing Customer,1970,F,4,High School,Single,Less than $40K,Blue,36,3,2902,74,0.563
714083208,Existing Customer,1974,F,3,College,Married,Less than $40K,Blue,38,2,1585,80,0.823
716559108,Existing Customer,1974,F,1,High School,Single,Less than $40K,Blue,36,2,2899,68,0.834
715102308,Existing Customer,1971,F,2,Unknown,Married,$40K - $60K,Blue,36,1,2295,47,0.556
768814983,Existing Customer,1982,F,2,Unknown,Married,Less than $40K,Blue,33,1,3251,85,0.596
788744058,Existing Customer,1973,F,2,High School,Married,Unknown,Blue,27,1,4009,80,0.339
782802033,Attrited Customer,1976,F,4,Unknown,Married,Less than $40K,Blue,39,2,3411,55,0.432
708499608,Existing Customer,1972,M,5,Post-Graduate,Single,$40K - $60K,Silver,36,1,15525,78,0.084
794947683,Existing Customer,1986,F,4,Graduate,Single,Less than $40K,Blue,29,3,2118,60,0.561
716442333,Existing Customer,1987,F,3,Graduate,Married,$40K - $60K,Blue,25,2,2275,88,0.645
772189308,Existing Customer,1962,F,1,College,Single,Less than $40K,Blue,48,2,2601,62,0.726
721529583,Existing Customer,1969,M,3,High School,Single,$80K - $120K,Blue,41,3,4642,72,0.52
713578608,Existing Customer,1963,M,0,Doctorate,Single,Less than $40K,Blue,46,4,1438.3,82,0
718976283,Existing Customer,1970,F,2,Unknown,Single,Less than $40K,Blue,36,2,1858,66,0.576
711505308,Existing Customer,1962,F,1,Graduate,Single,Less than $40K,Blue,52,3,2636,83,0.614
711131958,Existing Customer,1971,F,3,Doctorate,Single,$40K - $60K,Blue,42,3,3743,71,0.235
714687858,Existing Customer,1972,F,1,Graduate,Single,Less than $40K,Blue,41,1,1438.3,82,0
780289308,Attrited Customer,1960,F,0,High School,Married,Less than $40K,Blue,47,3,4130,57,0
708504783,Existing Customer,1974,M,3,Uneducated,Unknown,$40K - $60K,Blue,36,3,10960,62,0.122
778857108,Existing Customer,1969,F,3,Post-Graduate,Married,$40K - $60K,Blue,33,2,3900,81,0
756598833,Existing Customer,1983,M,1,Uneducated,Married,Less than $40K,Blue,31,3,6236,84,0.193
718748133,Existing Customer,1987,F,3,Graduate,Single,Unknown,Blue,23,1,2591,67,0
714503433,Attrited Customer,1964,F,2,Doctorate,Married,Less than $40K,Blue,36,3,1615,43,0.588
710869008,Existing Customer,1974,F,3,Graduate,Single,Unknown,Blue,36,1,8332,78,0
779643858,Existing Customer,1966,F,1,Graduate,Married,Less than $40K,Blue,38,5,2033,82,0.51
715250583,Existing Customer,1966,M,2,Unknown,Single,$80K - $120K,Blue,48,2,8082,59,0.141
714396558,Existing Customer,1964,F,3,High School,Married,Less than $40K,Blue,51,2,1511,87,0
752766783,Existing Customer,1978,F,4,Graduate,Divorced,Unknown,Blue,36,2,11536,81,0.18
715532208,Existing Customer,1956,F,1,High School,Single,Less than $40K,Blue,55,3,4010,61,0.375
719130558,Existing Customer,1966,F,2,Uneducated,Married,Less than $40K,Blue,44,2,1669,69,0.599
806232408,Existing Customer,1967,F,3,Graduate,Married,Unknown,Blue,49,1,11905,65,0
715497558,Attrited Customer,1977,F,1,College,Married,Less than $40K,Blue,36,3,3052,47,0
716303583,Existing Customer,1966,F,2,Graduate,Unknown,Less than $40K,Blue,36,1,2712,73,0.596
713522058,Existing Customer,1982,F,0,College,Married,Less than $40K,Blue,30,2,1978,59,0.44
719074308,Existing Customer,1984,F,3,College,Married,Less than $40K,Blue,27,2,1438.3,73,0.478
711881733,Existing Customer,1966,F,1,Graduate,Married,Less than $40K,Blue,46,3,1606,76,0
710310108,Existing Customer,1975,F,1,Doctorate,Married,Less than $40K,Blue,29,3,2406,89,0.709
715814433,Existing Customer,1977,M,4,Unknown,Single,$80K - $120K,Blue,36,2,5877,83,0.197
717252483,Attrited Customer,1964,F,2,Graduate,Married,Less than $40K,Blue,41,3,2796,35,0
770874483,Existing Customer,1967,F,1,Post-Graduate,Married,Unknown,Blue,40,1,2876,74,0.441
719742108,Attrited Customer,1983,F,1,High School,Single,Less than $40K,Blue,26,2,3554,44,0
711064008,Existing Customer,1973,F,2,Unknown,Single,Less than $40K,Blue,36,3,9505,68,0.251
717208833,Attrited Customer,1987,F,3,High School,Single,Less than $40K,Blue,21,2,1576,56,0
709022883,Existing Customer,1977,F,4,College,Married,Less than $40K,Blue,36,3,1438.3,89,0
713653983,Existing Customer,1982,M,3,Uneducated,Single,$60K - $80K,Blue,26,2,2973,87,0.382
713463708,Attrited Customer,1981,F,4,Graduate,Single,Less than $40K,Blue,25,2,1438.3,42,0
789143283,Existing Customer,1980,F,1,Uneducated,Single,Unknown,Blue,30,2,5647,76,0.208
778550583,Existing Customer,1978,F,1,High School,Unknown,$40K - $60K,Blue,35,3,1766,87,0
711181608,Existing Customer,1971,F,2,Graduate,Unknown,Less than $40K,Blue,40,2,1606,68,0
711790308,Attrited Customer,1967,F,0,High School,Unknown,Less than $40K,Blue,34,3,2223,49,0.284
779791908,Existing Customer,1974,F,4,Post-Graduate,Single,$40K - $60K,Blue,36,3,2896,85,0
789515283,Existing Customer,1970,M,3,Graduate,Married,$60K - $80K,Blue,43,1,2157,69,0.693
712046808,Attrited Customer,1972,F,3,Doctorate,Divorced,Unknown,Blue,42,3,3802,43,0.41
712169883,Existing Customer,1978,M,1,College,Married,$60K - $80K,Blue,36,3,13840,74,0.078
712637283,Existing Customer,1985,F,2,Unknown,Unknown,Less than $40K,Blue,28,1,2169,78,0.739
715555833,Existing Customer,1974,F,3,Unknown,Single,Less than $40K,Blue,34,3,4862,86,0
708712833,Existing Customer,1976,F,5,Graduate,Married,Less than $40K,Blue,36,1,2289,72,0.453
717841683,Existing Customer,1972,M,3,Unknown,Married,$60K - $80K,Blue,36,1,22651,72,0.048
708689958,Existing Customer,1973,F,4,Unknown,Unknown,Less than $40K,Blue,36,3,2406,88,0.725
708888633,Attrited Customer,1969,M,3,Doctorate,Married,$80K - $120K,Blue,36,3,3022,38,0.296
721012983,Existing Customer,1975,M,3,Doctorate,Married,$80K - $120K,Blue,38,1,12935,61,0.11
812406183,Attrited Customer,1976,F,4,Unknown,Single,Less than $40K,Blue,40,4,1438.3,41,0
714595983,Attrited Customer,1972,F,1,Uneducated,Married,$40K - $60K,Blue,41,3,1438.3,37,0.363
715725858,Existing Customer,1978,F,3,Post-Graduate,Single,Less than $40K,Blue,26,2,2256,76,0.597
720270633,Attrited Customer,1981,F,3,Graduate,Single,Less than $40K,Blue,36,3,1516,54,0
720269283,Existing Customer,1973,F,3,Unknown,Unknown,$40K - $60K,Blue,33,2,2485,86,0.664
710142258,Existing Customer,1968,F,2,Unknown,Single,Less than $40K,Blue,36,2,1820,67,0.499
708525108,Existing Customer,1967,F,2,Graduate,Married,Unknown,Blue,47,3,2156,77,0.526
709621008,Existing Customer,1973,M,5,Post-Graduate,Single,$60K - $80K,Blue,30,3,5826,76,0.254
717181833,Existing Customer,1982,F,1,Graduate,Single,Less than $40K,Silver,30,2,10190,59,0.087
711288558,Existing Customer,1976,F,3,Graduate,Single,Less than $40K,Blue,28,2,2035,77,0.577
718653333,Attrited Customer,1976,F,2,College,Single,Less than $40K,Blue,33,3,1833,31,0
766628733,Existing Customer,1965,M,3,Uneducated,Single,$60K - $80K,Blue,49,3,1623,74,0
711724083,Attrited Customer,1994,F,0,Unknown,Single,Less than $40K,Blue,16,1,1835,44,0.898
719690733,Existing Customer,1974,F,4,High School,Married,Less than $40K,Blue,40,2,4490,70,0.443
770783508,Existing Customer,1973,M,3,Graduate,Divorced,$60K - $80K,Blue,34,3,11062,72,0
713422083,Attrited Customer,1991,F,0,Graduate,Single,Less than $40K,Blue,36,3,1574,59,0
718026858,Existing Customer,1969,F,2,College,Single,Less than $40K,Blue,36,2,2370,80,0.629
716028108,Existing Customer,1986,F,2,College,Single,Less than $40K,Blue,18,2,2658,83,0
712222758,Attrited Customer,1983,F,3,Graduate,Married,Less than $40K,Blue,36,2,2300,47,0
718436133,Existing Customer,1977,F,2,Graduate,Single,Less than $40K,Blue,36,2,2368,71,0.525
719313633,Existing Customer,1968,F,0,High School,Married,$40K - $60K,Blue,36,2,2883,53,0.672
814586958,Existing Customer,1978,F,2,College,Divorced,Unknown,Blue,38,3,3264,75,0.626
804344733,Existing Customer,1975,F,3,Unknown,Single,Less than $40K,Blue,41,2,1937,89,0.473
717166383,Existing Customer,1981,F,4,Unknown,Married,$40K - $60K,Blue,30,2,2166,82,0.676
713060283,Existing Customer,1978,F,5,Graduate,Married,$40K - $60K,Blue,34,1,7135,81,0.163
713070033,Existing Customer,1965,F,2,Graduate,Single,Less than $40K,Blue,43,3,1438.3,79,0.547
793625583,Existing Customer,1973,F,3,High School,Single,$40K - $60K,Blue,42,1,3743,67,0.558
713918358,Existing Customer,1990,F,0,Uneducated,Divorced,Unknown,Blue,36,3,5190,81,0.324
714308283,Existing Customer,1980,M,2,Doctorate,Married,$40K - $60K,Blue,32,3,6059,70,0.193
714086133,Existing Customer,1974,F,4,Uneducated,Single,Less than $40K,Blue,36,2,2577,83,0.563
718872858,Existing Customer,1978,F,2,High School,Married,Less than $40K,Blue,36,1,3761,79,0.564
718148358,Attrited Customer,1971,F,3,High School,Married,Less than $40K,Blue,36,3,1572,41,0
709665783,Existing Customer,1982,F,1,Unknown,Married,$40K - $60K,Blue,36,1,1637,70,0
708483708,Existing Customer,1970,M,2,Unknown,Married,$120K +,Blue,36,3,28600,66,0
715347783,Existing Customer,1981,M,4,High School,Married,Less than $40K,Blue,35,3,4402,57,0.346
709054083,Existing Customer,1971,F,1,Graduate,Unknown,Less than $40K,Blue,32,1,2652,79,0.721
807915408,Existing Customer,1980,F,2,College,Married,$40K - $60K,Blue,36,2,6602,82,0
794507133,Attrited Customer,1984,F,2,Doctorate,Single,$40K - $60K,Blue,18,1,1900,46,0
712569408,Existing Customer,1965,F,4,Doctorate,Single,$40K - $60K,Blue,44,2,3455,82,0.401
788805108,Existing Customer,1974,M,3,High School,Single,$60K - $80K,Blue,30,3,18123,80,0.098
710150208,Existing Customer,1977,F,4,Post-Graduate,Divorced,Less than $40K,Blue,26,1,2295,69,0.545
711825558,Existing Customer,1983,M,3,Graduate,Married,$80K - $120K,Blue,19,2,1518,65,0.735
712891833,Existing Customer,1976,F,2,Graduate,Unknown,Less than $40K,Blue,36,1,2723,84,0.698
719680908,Existing Customer,1974,F,0,College,Married,Less than $40K,Blue,27,1,1776,84,0.389
801053208,Existing Customer,1982,F,3,High School,Married,Less than $40K,Blue,33,3,1968,84,0.645
758642733,Existing Customer,1973,F,1,Graduate,Single,Less than $40K,Blue,41,1,1860,73,0.567
771201408,Existing Customer,1968,F,3,Graduate,Divorced,Less than $40K,Blue,40,2,2684,75,0.792
789523683,Existing Customer,1970,F,2,Graduate,Single,$40K - $60K,Blue,43,1,2180,77,0.856
767266758,Attrited Customer,1980,F,2,High School,Single,Less than $40K,Blue,34,3,1661,49,0
713732883,Existing Customer,1983,F,0,Uneducated,Single,Less than $40K,Blue,36,1,1679,81,0
720739083,Attrited Customer,1985,F,2,Post-Graduate,Married,Less than $40K,Blue,25,2,1691,63,0
718010133,Existing Customer,1975,F,2,Post-Graduate,Single,Less than $40K,Blue,35,2,2888,61,0.568
771518658,Existing Customer,1963,F,1,High School,Married,$40K - $60K,Blue,46,3,1871,90,0.716
710508858,Existing Customer,1977,F,2,High School,Unknown,Less than $40K,Blue,34,1,3226,81,0.78
772590408,Existing Customer,1980,M,5,Unknown,Married,$80K - $120K,Blue,31,3,12114,90,0.114
719334408,Existing Customer,1979,F,3,Post-Graduate,Married,Less than $40K,Blue,36,3,4959,71,0.299
717500133,Existing Customer,1979,M,4,Uneducated,Single,$80K - $120K,Blue,36,2,10374,63,0.058
720988083,Existing Customer,1976,F,1,Uneducated,Married,Less than $40K,Blue,35,3,1438.3,79,0.751
713594883,Attrited Customer,1977,F,2,Uneducated,Single,Unknown,Blue,32,3,1486,43,0.571
719848908,Existing Customer,1980,F,3,Graduate,Married,Unknown,Blue,33,3,2542,73,0
714962658,Attrited Customer,1986,M,2,Unknown,Single,Less than $40K,Blue,36,3,1931,40,0
717429258,Attrited Customer,1973,F,3,Doctorate,Single,Less than $40K,Blue,39,3,1644,45,0.304
717022533,Existing Customer,1978,F,2,Post-Graduate,Single,$40K - $60K,Blue,36,1,2283,66,0
710853033,Existing Customer,1985,F,1,Doctorate,Unknown,Less than $40K,Blue,36,2,4943,82,0.244
709548783,Attrited Customer,1977,M,2,Doctorate,Unknown,$40K - $60K,Blue,36,3,1438.3,54,0
780055308,Existing Customer,1978,F,3,College,Single,Less than $40K,Blue,28,1,1438.3,54,0
714252933,Existing Customer,1969,F,2,College,Divorced,Less than $40K,Blue,45,2,1438.3,80,0
713336883,Attrited Customer,1960,F,0,High School,Single,Less than $40K,Blue,36,3,1760,46,0
713119308,Existing Customer,1971,F,3,Unknown,Single,Less than $40K,Blue,39,4,1852,82,0
710815608,Existing Customer,1978,M,2,High School,Married,$60K - $80K,Blue,25,2,2049,70,0.747
809626983,Attrited Customer,1973,F,3,High School,Married,Less than $40K,Blue,43,3,1670,37,0
803398983,Existing Customer,1986,F,3,Unknown,Divorced,Less than $40K,Blue,29,2,1511,64,0.572
717568308,Existing Customer,1982,M,1,Unknown,Single,$80K - $120K,Blue,36,2,6018,78,0
711694083,Existing Customer,1962,F,0,Post-Graduate,Single,Less than $40K,Blue,48,2,3030,71,0.413
712258308,Existing Customer,1963,F,4,High School,Single,Less than $40K,Blue,39,1,2755,75,0.538
713884458,Existing Customer,1970,M,4,High School,Single,$80K - $120K,Blue,37,2,8783,83,0.244
716160708,Existing Customer,1957,M,1,Graduate,Single,Less than $40K,Blue,36,3,1861,94,0.901
772728933,Attrited Customer,1971,M,2,High School,Married,$120K +,Blue,40,4,13709,40,0.059
815320383,Attrited Customer,1975,F,3,Unknown,Unknown,Less than $40K,Blue,41,3,4710,43,0
712117983,Existing Customer,1972,M,4,Graduate,Married,$80K - $120K,Blue,39,3,17285,60,0.107
788694558,Existing Customer,1968,F,3,Uneducated,Single,Less than $40K,Blue,40,2,1438.3,87,0.46
709275558,Existing Customer,1967,M,2,Graduate,Single,$60K - $80K,Blue,44,3,7866,55,0
711216933,Existing Customer,1979,F,1,High School,Married,Less than $40K,Blue,36,3,2190,77,0.593
717069033,Existing Customer,1978,F,4,Graduate,Married,Less than $40K,Blue,30,1,4829,65,0.239
714992733,Existing Customer,1975,M,3,Graduate,Divorced,$80K - $120K,Blue,36,1,3210,62,0.648
809445858,Existing Customer,1983,F,0,Graduate,Single,Less than $40K,Blue,32,3,1755,79,0.427
708859158,Existing Customer,1974,F,4,Graduate,Single,$40K - $60K,Blue,37,1,1438.3,80,0.489
710040483,Existing Customer,1984,M,3,Uneducated,Unknown,$60K - $80K,Blue,26,2,14485,87,0.147
714667608,Existing Customer,1974,M,5,Post-Graduate,Married,$40K - $60K,Blue,36,3,6043,78,0
714475908,Attrited Customer,1978,M,2,Uneducated,Single,$60K - $80K,Blue,35,3,6348,39,0
713656308,Existing Customer,1965,F,0,High School,Married,Less than $40K,Blue,48,3,1438.3,75,0
716790633,Attrited Customer,1978,M,3,Graduate,Married,$60K - $80K,Blue,36,2,17239,38,0
716127333,Attrited Customer,1976,F,3,Graduate,Married,Unknown,Blue,36,2,18432,45,0.026
713017758,Existing Customer,1974,F,1,Uneducated,Single,Less than $40K,Blue,32,2,1636,85,0.694
717893358,Existing Customer,1978,F,3,Graduate,Married,Unknown,Blue,33,1,7951,65,0.183
780032208,Attrited Customer,1977,M,3,Graduate,Married,$60K - $80K,Blue,34,3,14201,47,0
720219633,Existing Customer,1969,F,0,Graduate,Unknown,$40K - $60K,Blue,42,3,2723,70,0.567
711676008,Existing Customer,1969,F,1,Graduate,Single,Less than $40K,Blue,44,2,2019,59,0.491
714192033,Existing Customer,1978,F,3,High School,Single,Unknown,Blue,25,1,10305,63,0.181
713442933,Existing Customer,1972,M,3,Unknown,Married,$40K - $60K,Blue,32,3,3114,86,0.709
789052308,Attrited Customer,1981,M,3,Graduate,Unknown,$40K - $60K,Blue,28,2,4323,38,0
714948858,Attrited Customer,1971,F,2,Unknown,Single,Less than $40K,Blue,36,2,3647,58,0.69
711772983,Existing Customer,1978,M,2,High School,Single,$60K - $80K,Blue,35,2,1849,71,0.699
802937058,Existing Customer,1968,M,1,Graduate,Married,$80K - $120K,Blue,47,3,2540,80,0.732
712493058,Existing Customer,1979,F,5,High School,Single,Unknown,Blue,31,3,4972,72,0
718808883,Existing Customer,1966,F,2,Graduate,Single,Less than $40K,Silver,47,3,13565,69,0
719685408,Attrited Customer,1981,M,2,Uneducated,Married,$60K - $80K,Blue,29,2,6332,43,0.05
708829758,Existing Customer,1980,M,2,High School,Married,$60K - $80K,Blue,36,3,6062,66,0.126
710792733,Existing Customer,1974,F,3,Post-Graduate,Married,Less than $40K,Blue,29,2,2897,75,0.22
716838633,Existing Customer,1975,M,4,High School,Single,$60K - $80K,Blue,36,5,13407,84,0.1
714041283,Existing Customer,1971,F,2,Graduate,Single,Unknown,Blue,40,2,6610,83,0.252
710284233,Attrited Customer,1988,M,4,Uneducated,Married,$80K - $120K,Blue,36,3,1438.3,43,0
752944533,Existing Customer,1976,F,5,High School,Married,Less than $40K,Blue,34,1,2030,88,0.625
713312208,Attrited Customer,1968,M,1,High School,Married,$40K - $60K,Blue,43,2,3146,38,0
804045933,Existing Customer,1985,M,0,Graduate,Married,$80K - $120K,Blue,30,3,5302,74,0.455
716662683,Existing Customer,1966,F,2,Unknown,Single,Less than $40K,Blue,45,2,3185,81,0.571
713432508,Existing Customer,1979,F,3,Post-Graduate,Married,Less than $40K,Blue,36,3,4328,72,0.404
799475658,Existing Customer,1970,F,3,Uneducated,Married,Less than $40K,Blue,45,3,2238,79,0.581
719849958,Existing Customer,1977,F,4,Graduate,Single,Less than $40K,Blue,36,3,2658,83,0.709
715803933,Existing Customer,1974,M,1,Post-Graduate,Single,$60K - $80K,Blue,36,2,9090,65,0.151
779486433,Existing Customer,1975,F,5,Unknown,Single,Less than $40K,Blue,28,2,2424,76,0.895
708281433,Existing Customer,1964,F,2,Graduate,Married,Less than $40K,Blue,36,1,1438.3,75,0
779844408,Attrited Customer,1978,F,1,Post-Graduate,Married,Less than $40K,Blue,27,3,1438.3,40,0
721306908,Existing Customer,1960,F,1,Graduate,Single,Unknown,Blue,44,3,2303,46,0.234
713964858,Existing Customer,1970,M,2,Graduate,Divorced,$120K +,Blue,41,2,2792,81,0.318
717545808,Existing Customer,1977,F,4,Post-Graduate,Single,Less than $40K,Blue,32,1,2900,70,0.685
771232533,Existing Customer,1975,F,2,Graduate,Married,Less than $40K,Blue,33,3,2267,81,0.566
710883483,Existing Customer,1969,F,1,Graduate,Married,$40K - $60K,Blue,34,3,4189,85,0.493
801715383,Attrited Customer,1976,M,4,Graduate,Married,$60K - $80K,Blue,39,3,12890,51,0
719594433,Existing Customer,1986,F,2,Graduate,Single,Unknown,Blue,26,1,3269,66,0.439
716310633,Existing Customer,1962,F,1,Post-Graduate,Single,Less than $40K,Blue,36,2,2759,84,0.899
714188883,Attrited Customer,1975,F,5,Doctorate,Single,Less than $40K,Blue,37,2,1787,36,0
772437633,Existing Customer,1978,M,3,Graduate,Single,$60K - $80K,Blue,33,2,6854,72,0
708536283,Attrited Customer,1986,M,1,Doctorate,Single,$80K - $120K,Blue,27,2,2904,46,0.867
772569033,Existing Customer,1977,M,0,High School,Divorced,$80K - $120K,Blue,34,2,5293,90,0.234
714443883,Existing Customer,1964,F,3,Graduate,Married,Less than $40K,Blue,49,2,1781,81,0
710369658,Existing Customer,1971,M,3,Unknown,Married,$60K - $80K,Blue,36,3,3276,92,0.718
788440083,Existing Customer,1966,M,2,Uneducated,Single,$60K - $80K,Silver,48,3,34516,82,0.04
773332908,Existing Customer,1973,M,4,High School,Unknown,$60K - $80K,Blue,30,3,14670,83,0.13
709307808,Attrited Customer,1962,F,2,High School,Married,$40K - $60K,Blue,36,3,4375,53,0
712507758,Existing Customer,1985,F,2,College,Unknown,Unknown,Blue,24,3,3448,87,0.552
715701033,Attrited Customer,1978,M,2,Graduate,Married,$80K - $120K,Blue,33,3,2111,46,0.834
718478883,Existing Customer,1966,F,2,College,Single,Less than $40K,Blue,36,1,3123,81,0
788734158,Existing Customer,1979,M,4,Graduate,Married,$40K - $60K,Blue,19,3,8374,59,0
794490858,Existing Customer,1973,F,1,High School,Married,$40K - $60K,Silver,28,1,15713,61,0.088
718397658,Existing Customer,1961,F,0,Unknown,Single,$40K - $60K,Blue,36,3,4115,61,0.299
718826883,Attrited Customer,1971,M,3,Uneducated,Single,$80K - $120K,Blue,36,3,6925,36,0
716733933,Existing Customer,1979,F,2,High School,Married,Unknown,Blue,30,3,1898,64,0.382
809307108,Existing Customer,1977,F,1,High School,Single,Unknown,Blue,39,3,2021,77,0.585
778671483,Existing Customer,1988,F,3,Uneducated,Single,Less than $40K,Blue,13,3,1630,67,0.618
815504583,Attrited Customer,1973,F,4,Graduate,Single,$40K - $60K,Blue,43,2,1538,43,0
789319458,Existing Customer,1973,M,5,Uneducated,Single,$60K - $80K,Blue,38,2,22639,65,0.065
710382108,Existing Customer,1982,F,3,Post-Graduate,Married,Less than $40K,Blue,19,1,2452,63,0.988
720895533,Existing Customer,1989,F,4,Unknown,Married,Less than $40K,Blue,22,3,1438.3,78,0.734
709891608,Attrited Customer,1980,M,2,High School,Married,$120K +,Blue,24,2,9924,43,0
717136533,Existing Customer,1984,F,2,Uneducated,Single,Less than $40K,Blue,26,2,2586,73,0.323
790164408,Existing Customer,1962,F,1,Unknown,Married,Less than $40K,Blue,52,3,2308,77,0.907
795613233,Existing Customer,1973,F,2,Graduate,Married,Unknown,Blue,42,2,10514,76,0.142
709009833,Existing Customer,1967,M,3,Graduate,Married,$40K - $60K,Blue,44,3,1655,67,0
720054183,Existing Customer,1980,F,2,Graduate,Single,$40K - $60K,Blue,25,2,2768,86,0.805
713193408,Existing Customer,1962,F,0,Unknown,Single,Less than $40K,Blue,52,3,2533,75,0.82
801508383,Existing Customer,1973,M,2,Graduate,Married,$80K - $120K,Blue,42,3,25658,85,0.067
711949683,Attrited Customer,1966,F,2,College,Divorced,$40K - $60K,Blue,36,2,4410,44,0.571
787747308,Attrited Customer,1972,F,4,Uneducated,Unknown,Less than $40K,Blue,39,3,3468,39,0.726
720064158,Existing Customer,1970,F,3,Post-Graduate,Married,Less than $40K,Blue,36,2,1438.3,70,0
779104608,Attrited Customer,1987,F,3,High School,Unknown,Unknown,Blue,15,1,1438.3,48,0
715477233,Existing Customer,1966,F,1,High School,Unknown,Unknown,Blue,36,2,6968,69,0.205
719524383,Existing Customer,1986,F,3,Graduate,Single,$40K - $60K,Blue,22,1,2441,73,0.684
713804883,Attrited Customer,1975,F,4,Post-Graduate,Single,Less than $40K,Blue,37,2,1836,28,0
710359458,Existing Customer,1971,F,1,Graduate,Married,$40K - $60K,Blue,36,1,2560,70,0.706
716311683,Existing Customer,1978,M,4,College,Married,$80K - $120K,Blue,36,1,32733,54,0.044
753795633,Attrited Customer,1973,F,2,Uneducated,Married,Less than $40K,Blue,41,3,2964,38,0.849
780076833,Existing Customer,1977,M,1,Unknown,Unknown,$80K - $120K,Blue,29,1,8315,66,0.121
716019333,Existing Customer,1956,F,0,Unknown,Single,Less than $40K,Blue,56,3,2279,82,0.785
820657083,Existing Customer,1968,M,4,College,Single,$80K - $120K,Silver,48,1,34516,72,0.023
716901858,Existing Customer,1972,M,4,Doctorate,Married,$40K - $60K,Blue,39,1,1438.3,77,0
756571983,Existing Customer,1976,F,3,High School,Single,Less than $40K,Blue,36,2,2020,85,0.546
817607358,Attrited Customer,1977,F,2,High School,Unknown,Unknown,Gold,35,3,34516,44,0
778268508,Existing Customer,1965,F,2,Uneducated,Single,Unknown,Blue,47,2,5261,86,0.374
778984383,Existing Customer,1978,F,3,High School,Married,Unknown,Blue,31,3,2692,73,0.757
720771933,Existing Customer,1972,F,3,Post-Graduate,Married,$40K - $60K,Blue,36,2,1994,69,0
748827033,Existing Customer,1977,M,3,Graduate,Divorced,$60K - $80K,Blue,37,2,3290,84,0
712591983,Existing Customer,1969,F,5,Graduate,Single,$40K - $60K,Blue,41,2,3035,79,0.646
712181658,Existing Customer,1984,F,2,Graduate,Single,$40K - $60K,Blue,36,3,2407,86,0.645
712297683,Attrited Customer,1974,F,3,College,Married,Less than $40K,Blue,35,3,1781,35,0
714684933,Attrited Customer,1981,F,1,Uneducated,Married,Less than $40K,Blue,28,2,3680,41,0
720742083,Attrited Customer,1973,F,4,Unknown,Married,Less than $40K,Blue,36,3,2740,46,0.885
772310958,Existing Customer,1979,F,2,Graduate,Married,Less than $40K,Blue,31,6,4311,94,0.191
715343883,Existing Customer,1979,F,3,High School,Single,Less than $40K,Blue,32,3,1931,66,0.672
720470133,Existing Customer,1962,M,0,Graduate,Single,Less than $40K,Blue,36,3,3604,87,0.411
710420133,Existing Customer,1974,F,2,Graduate,Married,Less than $40K,Blue,34,2,2190,68,0
720933408,Existing Customer,1965,F,2,Uneducated,Unknown,Less than $40K,Blue,36,1,8438,89,0.216
716304483,Existing Customer,1975,F,3,High School,Married,$40K - $60K,Blue,36,2,3413,86,0.695
719534058,Existing Customer,1995,F,0,Graduate,Unknown,Less than $40K,Blue,14,2,2163,57,0.898
710515308,Existing Customer,1979,F,1,Graduate,Single,Less than $40K,Blue,36,3,3595,84,0.53
797241108,Existing Customer,1974,M,1,Graduate,Married,$120K +,Blue,41,3,9036,83,0.12
708884658,Existing Customer,1973,F,2,Graduate,Married,Less than $40K,Blue,31,1,2315,90,0.676
794475483,Existing Customer,1977,M,4,Uneducated,Married,$80K - $120K,Silver,27,3,34516,59,0.03
714315858,Existing Customer,1965,F,3,High School,Married,Less than $40K,Blue,37,1,4008,71,0.412
717217983,Existing Customer,1978,F,3,Graduate,Married,Less than $40K,Blue,30,2,3143,79,0.801
721124658,Attrited Customer,1981,M,3,Uneducated,Single,$80K - $120K,Blue,27,2,3427,63,0
716753058,Existing Customer,1983,F,3,Graduate,Single,Less than $40K,Blue,28,2,2699,78,0.209
711069483,Existing Customer,1981,F,2,Graduate,Single,Less than $40K,Blue,36,2,1538,79,0
708478233,Existing Customer,1973,F,3,Graduate,Married,$40K - $60K,Blue,36,2,5573,90,0.222
710783358,Existing Customer,1975,M,3,High School,Unknown,$80K - $120K,Blue,35,3,2570,85,0.686
713710383,Existing Customer,1978,M,2,High School,Unknown,$80K - $120K,Blue,30,2,18008,55,0.14
720815208,Attrited Customer,1969,M,0,High School,Single,$120K +,Blue,39,3,34516,47,0.006
721338783,Existing Customer,1972,F,4,Uneducated,Married,Unknown,Blue,36,2,13483,72,0.187
714121983,Existing Customer,1972,F,3,Graduate,Single,Unknown,Blue,42,2,4349,84,0.322
715061733,Existing Customer,1979,M,3,College,Single,$60K - $80K,Blue,36,1,11698,81,0.091
720520308,Attrited Customer,1975,F,4,Graduate,Married,Less than $40K,Blue,28,2,8318,52,0.303
806908608,Existing Customer,1975,F,2,Unknown,Married,Less than $40K,Blue,41,2,1438.3,78,0
798972183,Attrited Customer,1972,F,2,Unknown,Single,$40K - $60K,Blue,43,3,1643,38,0.32
715030308,Existing Customer,1979,M,4,Graduate,Married,$40K - $60K,Blue,27,1,1503,67,0.618
708244458,Existing Customer,1974,F,2,Unknown,Married,Less than $40K,Blue,35,3,2793,72,0.543
789479058,Existing Customer,1976,F,4,College,Divorced,$40K - $60K,Blue,37,3,1438.3,66,0
784998108,Existing Customer,1988,M,3,High School,Married,$80K - $120K,Blue,22,3,9094,76,0
711808383,Existing Customer,1971,M,3,Graduate,Divorced,$60K - $80K,Blue,39,1,6362,85,0.269
770839608,Existing Customer,1961,F,1,Unknown,Single,Less than $40K,Blue,47,1,2394,82,0.596
713866308,Existing Customer,1976,M,4,Unknown,Single,$60K - $80K,Blue,36,2,15100,76,0.133
714250908,Attrited Customer,1968,F,2,Graduate,Married,Less than $40K,Blue,47,4,2927,60,0.86
739317558,Existing Customer,1973,M,5,Graduate,Married,$80K - $120K,Blue,35,3,9030,84,0.262
718702908,Existing Customer,1968,F,2,Unknown,Single,Less than $40K,Blue,36,2,1543,84,0.675
720644883,Existing Customer,1968,F,1,College,Married,Unknown,Blue,40,2,4941,87,0.378
717182883,Existing Customer,1988,F,1,High School,Married,Unknown,Blue,36,2,2279,74,0.628
719384433,Attrited Customer,1977,F,3,High School,Divorced,Less than $40K,Blue,28,2,1877,57,0.641
787301208,Existing Customer,1969,M,2,Uneducated,Divorced,$40K - $60K,Blue,46,1,1438.3,74,0
720924633,Existing Customer,1981,F,5,Graduate,Unknown,Less than $40K,Blue,27,2,1438.3,73,0
721316358,Existing Customer,1980,M,3,High School,Married,$60K - $80K,Blue,28,1,9577,62,0.066
716118633,Existing Customer,1978,M,2,Post-Graduate,Divorced,$60K - $80K,Blue,36,1,5427,73,0.401
789880533,Attrited Customer,1975,F,4,Graduate,Single,$40K - $60K,Blue,36,3,5913,39,0.279
711221958,Attrited Customer,1978,F,3,Graduate,Single,$40K - $60K,Blue,26,2,2867,41,0
715510683,Existing Customer,1981,F,1,High School,Single,Less than $40K,Blue,29,2,2506,82,0.543
718689258,Existing Customer,1982,F,2,Doctorate,Married,$40K - $60K,Blue,29,2,1693,87,0.65
716368008,Attrited Customer,1967,F,1,Graduate,Married,Unknown,Blue,36,2,3137,41,0.306
712092783,Attrited Customer,1974,F,3,Doctorate,Single,Less than $40K,Blue,40,2,2437,42,0
789541458,Existing Customer,1986,F,1,High School,Married,Less than $40K,Blue,28,0,1438.3,85,0.679
719539458,Existing Customer,1975,F,3,Graduate,Single,Less than $40K,Blue,41,3,3913,93,0
713082708,Existing Customer,1980,F,2,High School,Married,Less than $40K,Blue,36,2,4953,67,0.2
794665608,Existing Customer,1973,F,3,Graduate,Single,$40K - $60K,Blue,33,2,5724,59,0.102
712827258,Existing Customer,1984,M,3,Uneducated,Married,$40K - $60K,Blue,25,0,1438.3,77,0
714525633,Existing Customer,1966,F,2,Unknown,Single,Less than $40K,Blue,36,3,1886,81,0.542
708726708,Attrited Customer,1979,F,3,Graduate,Single,$40K - $60K,Blue,36,2,1451,35,0.413
768498258,Existing Customer,1974,F,1,High School,Married,Unknown,Blue,41,2,2950,83,0.557
712767858,Attrited Customer,1979,F,0,College,Single,$40K - $60K,Blue,30,2,1438.3,43,0.85
709231683,Existing Customer,1985,F,2,Graduate,Unknown,$40K - $60K,Blue,23,2,2024,84,0.445
712445583,Attrited Customer,1988,F,0,College,Single,Unknown,Blue,15,1,2299,47,0
711461658,Existing Customer,1974,M,1,High School,Married,$40K - $60K,Blue,29,3,3291,82,0.364
713891133,Attrited Customer,1980,F,2,Unknown,Single,Less than $40K,Blue,36,2,1438.3,43,0.58
710074458,Existing Customer,1980,F,5,High School,Divorced,Less than $40K,Blue,34,1,2137,90,0.466
779279883,Attrited Customer,1961,F,2,High School,Married,Less than $40K,Blue,42,3,1438.3,42,0
719674533,Existing Customer,1973,M,3,Unknown,Single,$80K - $120K,Blue,44,1,16794,76,0.091
716535408,Existing Customer,1978,M,3,Unknown,Married,$40K - $60K,Blue,32,1,12219,69,0.12
710319108,Existing Customer,1967,F,2,High School,Married,Less than $40K,Blue,47,2,1804,73,0.72
714777858,Existing Customer,1961,F,2,Unknown,Married,Less than $40K,Blue,36,3,2343,69,0.882
769974258,Existing Customer,1977,M,3,Post-Graduate,Single,$80K - $120K,Blue,38,2,19724,82,0
717819633,Existing Customer,1972,F,3,Uneducated,Married,Less than $40K,Blue,42,1,3949,57,0.37
712953483,Attrited Customer,1957,F,0,Graduate,Single,Less than $40K,Blue,36,3,1682,39,0
779029458,Attrited Customer,1967,F,1,Post-Graduate,Single,Less than $40K,Blue,35,3,1724,47,0
721321383,Existing Customer,1971,F,3,Doctorate,Married,Less than $40K,Blue,41,3,2372,80,0.484
716973333,Existing Customer,1981,M,3,Uneducated,Married,$120K +,Blue,28,3,4642,76,0.361
709946658,Existing Customer,1972,F,4,College,Single,$40K - $60K,Blue,30,3,2765,58,0.438
709243533,Existing Customer,1972,F,2,Unknown,Single,Less than $40K,Blue,41,3,2555,75,0.71
709999308,Existing Customer,1970,M,3,Uneducated,Married,$80K - $120K,Blue,40,2,3150,78,0
712389108,Existing Customer,1978,F,2,Graduate,Married,Less than $40K,Blue,36,3,2570,83,0.82
712305333,Existing Customer,1962,M,0,Graduate,Single,$60K - $80K,Blue,53,2,4386,65,0.571
812785158,Existing Customer,1979,M,4,Uneducated,Married,Less than $40K,Blue,37,3,2411,63,0.745
765459858,Attrited Customer,1974,M,3,Graduate,Divorced,Less than $40K,Blue,40,4,6397,56,0
714894708,Attrited Customer,1968,M,1,Uneducated,Unknown,$120K +,Blue,45,4,23958,45,0.105
711296508,Existing Customer,1972,F,3,Graduate,Single,Less than $40K,Blue,42,2,2608,85,0.941
795713058,Existing Customer,1976,M,3,Post-Graduate,Married,$40K - $60K,Blue,39,1,4409,76,0.398
789487308,Existing Customer,1973,M,2,Doctorate,Single,$60K - $80K,Blue,39,2,10033,78,0
720130233,Attrited Customer,1973,M,2,High School,Single,$60K - $80K,Blue,36,3,1641,45,0
789047208,Existing Customer,1964,F,2,High School,Single,Less than $40K,Blue,45,1,2454,79,0.656
715864983,Existing Customer,1965,F,2,High School,Married,Less than $40K,Blue,43,2,1978,83,0
708765933,Existing Customer,1975,M,2,Post-Graduate,Married,$60K - $80K,Blue,36,2,5464,81,0.162
809320908,Existing Customer,1979,M,3,High School,Single,$60K - $80K,Blue,37,3,5951,84,0
779324358,Existing Customer,1972,F,2,Uneducated,Single,Less than $40K,Blue,31,1,2381,79,0.673
713730108,Existing Customer,1973,M,4,Post-Graduate,Divorced,$60K - $80K,Blue,38,2,11596,67,0.108
711783483,Existing Customer,1966,F,3,Post-Graduate,Single,$40K - $60K,Blue,46,3,5162,72,0.191
719294433,Existing Customer,1958,F,1,Uneducated,Single,Unknown,Blue,55,3,16312,68,0.032
718279008,Attrited Customer,1977,M,3,High School,Single,$60K - $80K,Silver,36,2,25276,38,0
721238508,Existing Customer,1983,F,3,High School,Single,Less than $40K,Blue,26,3,1939,77,0.765
709365483,Existing Customer,1976,F,2,Doctorate,Divorced,$40K - $60K,Blue,36,3,2788,67,0.655
718477983,Existing Customer,1967,F,3,High School,Married,Less than $40K,Blue,42,2,1438.3,90,0.77
719809533,Existing Customer,1962,F,0,Unknown,Married,Less than $40K,Blue,36,1,2448,84,0.804
717239133,Existing Customer,1969,F,1,College,Married,Unknown,Blue,40,3,10317,60,0.062
814091058,Attrited Customer,1983,F,1,College,Single,Less than $40K,Blue,33,2,3119,50,0.807
710555433,Attrited Customer,1979,F,4,Graduate,Single,Less than $40K,Blue,36,2,2803,40,0
770956158,Existing Customer,1978,F,4,Graduate,Unknown,Less than $40K,Blue,30,2,2397,68,0.897
718263108,Attrited Customer,1977,F,3,Unknown,Divorced,Less than $40K,Blue,32,3,1693,42,0.861
715984908,Existing Customer,1969,M,2,Graduate,Married,$80K - $120K,Blue,36,3,2866,84,0.657
711020358,Existing Customer,1969,F,3,Uneducated,Unknown,$40K - $60K,Blue,36,2,2498,79,0.661
788769783,Existing Customer,1979,F,4,College,Divorced,Less than $40K,Blue,23,1,1878,74,0.545
715496808,Existing Customer,1968,F,1,Graduate,Married,$40K - $60K,Blue,36,3,2712,69,0.917
779931783,Attrited Customer,1969,M,2,High School,Single,$120K +,Blue,38,3,34516,47,0
818763033,Existing Customer,1987,F,3,Graduate,Married,$40K - $60K,Blue,29,1,6169,71,0.408
711953358,Existing Customer,1970,M,2,Graduate,Married,$80K - $120K,Blue,35,2,6205,88,0.365
716485308,Existing Customer,1978,F,2,Unknown,Unknown,Less than $40K,Blue,36,3,1780,93,0.866
716432658,Existing Customer,1973,F,3,High School,Married,Less than $40K,Blue,36,2,1438.3,65,0
712691883,Attrited Customer,1980,F,2,High School,Married,Less than $40K,Blue,36,2,2811,41,0.855
712611108,Attrited Customer,1962,F,1,Unknown,Single,Less than $40K,Blue,53,6,7501,49,0.336
716245833,Existing Customer,1959,M,1,Graduate,Unknown,Less than $40K,Blue,36,3,2856,67,0.881
780052008,Existing Customer,1984,M,3,Unknown,Single,$80K - $120K,Blue,22,2,29898,68,0.047
709759908,Existing Customer,1975,M,2,Graduate,Married,$60K - $80K,Blue,36,2,1939,84,0.353
788667408,Existing Customer,1971,F,2,High School,Married,Less than $40K,Blue,21,1,2965,66,0.613
721449408,Existing Customer,1981,F,4,Unknown,Single,Less than $40K,Blue,25,2,2812,74,0.722
708316008,Attrited Customer,1962,F,1,Graduate,Single,Unknown,Blue,36,2,10031,29,0
714655758,Existing Customer,1959,M,0,Graduate,Divorced,$40K - $60K,Blue,36,3,4049,73,0
711846183,Attrited Customer,1983,F,3,Graduate,Single,$40K - $60K,Blue,26,2,2669,31,0
720612333,Attrited Customer,1977,F,3,College,Single,Less than $40K,Blue,28,2,1951,45,0
714673833,Existing Customer,1962,F,1,Graduate,Single,$40K - $60K,Blue,36,3,1528,77,0
710525508,Attrited Customer,1973,F,2,High School,Married,Less than $40K,Blue,36,3,1438.3,50,0.316
757854858,Attrited Customer,1971,M,2,Unknown,Married,$60K - $80K,Blue,43,3,3143,37,0
714658233,Existing Customer,1975,F,5,High School,Unknown,Less than $40K,Blue,37,3,1438.3,79,0.504
716381808,Existing Customer,1978,M,2,Unknown,Single,$40K - $60K,Blue,36,4,8406,75,0
720831783,Existing Customer,1971,F,0,High School,Unknown,Less than $40K,Blue,36,2,2242,81,0.396
714319233,Attrited Customer,1977,M,5,Graduate,Divorced,$60K - $80K,Blue,36,3,6538,33,0
718178583,Existing Customer,1979,F,2,Unknown,Married,Less than $40K,Blue,29,3,4710,78,0.341
708886533,Existing Customer,1971,M,1,Graduate,Single,$120K +,Blue,41,1,13032,77,0.131
716239383,Existing Customer,1976,F,4,High School,Married,Less than $40K,Blue,36,2,2225,85,0
714672933,Existing Customer,1969,F,3,Graduate,Married,$40K - $60K,Blue,36,4,3143,84,0.722
809954133,Existing Customer,1972,M,2,Uneducated,Married,$60K - $80K,Blue,44,1,5013,84,0
714855108,Existing Customer,1961,F,0,High School,Married,Less than $40K,Blue,50,0,3466,69,0.281
718730283,Existing Customer,1983,F,2,Graduate,Married,Less than $40K,Blue,18,3,1686,68,0.715
709232808,Attrited Customer,1977,F,3,Unknown,Divorced,$40K - $60K,Blue,34,3,1689,37,0
804428958,Existing Customer,1974,M,1,Graduate,Married,$40K - $60K,Blue,42,2,1626,78,0
711474333,Attrited Customer,1964,F,2,Uneducated,Single,Less than $40K,Blue,51,5,1614,38,0
720070383,Existing Customer,1980,F,3,Uneducated,Single,Unknown,Blue,29,3,2429,84,0.809
720322008,Existing Customer,1986,F,2,Unknown,Married,$40K - $60K,Blue,15,2,1438.3,82,0.58
714527433,Attrited Customer,1982,M,4,Graduate,Married,$80K - $120K,Blue,30,2,17523,54,0
789267633,Existing Customer,1967,F,2,College,Married,Less than $40K,Blue,43,4,2573,93,0.684
714523383,Existing Customer,1978,F,3,Graduate,Single,$40K - $60K,Blue,33,2,2900,59,0.732
713996283,Existing Customer,1989,F,2,Post-Graduate,Single,Less than $40K,Blue,36,5,2352,93,0.925
714557583,Existing Customer,1963,F,2,College,Single,Less than $40K,Blue,36,4,2212,79,0.86
714014733,Attrited Customer,1988,M,2,College,Single,$80K - $120K,Blue,36,3,9642,33,0.148
779065458,Existing Customer,1965,M,1,High School,Married,$120K +,Blue,37,1,9257,72,0
712733958,Attrited Customer,1975,F,2,Unknown,Single,Less than $40K,Blue,36,3,1731,46,0
719231583,Existing Customer,1960,M,1,Graduate,Unknown,$60K - $80K,Blue,49,2,16929,79,0.109
778801608,Existing Customer,1971,M,2,College,Married,$80K - $120K,Blue,39,4,3606,92,0.516
720728133,Existing Customer,1977,M,4,Uneducated,Single,$40K - $60K,Blue,33,3,1714,71,0
718153233,Existing Customer,1975,M,3,Uneducated,Married,$80K - $120K,Blue,36,2,23512,60,0.066
716122008,Attrited Customer,1977,F,3,Unknown,Married,Less than $40K,Blue,35,3,1855,27,0
714960408,Attrited Customer,1977,F,3,College,Single,Less than $40K,Blue,34,3,1605,45,0.555
772382283,Attrited Customer,1975,F,3,Graduate,Married,Less than $40K,Blue,36,3,2302,49,0.692
817236708,Existing Customer,1979,M,3,Uneducated,Married,$60K - $80K,Blue,25,2,13546,73,0.127
714266883,Attrited Customer,1967,F,4,Post-Graduate,Unknown,Less than $40K,Blue,44,3,2440,51,0.206
792795933,Existing Customer,1982,F,1,Graduate,Single,Less than $40K,Blue,30,6,2669,65,0.898
717219933,Attrited Customer,1974,F,3,Unknown,Single,Less than $40K,Blue,35,3,2402,48,0.261
719986758,Attrited Customer,1975,F,2,Unknown,Single,$40K - $60K,Blue,33,3,3001,39,0
712326708,Existing Customer,1979,F,2,Unknown,Married,Less than $40K,Blue,31,2,2552,61,0.87
721505358,Existing Customer,1980,F,3,Unknown,Married,Less than $40K,Blue,34,6,2679,81,0.826
804337233,Existing Customer,1976,F,4,High School,Single,Less than $40K,Blue,35,2,1502,61,0
785351133,Existing Customer,1960,F,1,Graduate,Unknown,$40K - $60K,Blue,55,3,1438.3,81,0
714034158,Existing Customer,1975,F,4,Unknown,Married,Less than $40K,Blue,38,2,3331,69,0.392
720349983,Existing Customer,1989,F,1,Unknown,Divorced,Less than $40K,Blue,19,2,1438.3,79,0
720155583,Existing Customer,1966,F,2,Unknown,Single,Less than $40K,Blue,39,2,2426,82,0.655
806140383,Attrited Customer,1962,M,2,High School,Single,$80K - $120K,Blue,54,2,2791,43,0.858
799031958,Existing Customer,1972,M,2,Unknown,Unknown,$80K - $120K,Blue,43,2,18379,70,0.054
719556558,Existing Customer,1975,M,2,Doctorate,Married,$120K +,Blue,34,3,3499,67,0.503
771455508,Existing Customer,1961,F,0,College,Single,Less than $40K,Blue,48,1,1438.3,83,0
712214283,Existing Customer,1981,M,2,Graduate,Married,$120K +,Blue,28,3,18295,70,0
712667058,Existing Customer,1982,F,1,Graduate,Single,Less than $40K,Blue,29,1,1568,76,0.635
715393908,Existing Customer,1964,F,2,Post-Graduate,Married,Less than $40K,Blue,36,0,2712,79,0.533
751518633,Attrited Customer,1973,M,5,Post-Graduate,Single,$120K +,Silver,41,3,34516,50,0.073
769100508,Existing Customer,1966,F,5,High School,Single,Less than $40K,Blue,49,2,2177,77,0.676
720582558,Existing Customer,1977,F,2,Uneducated,Married,Less than $40K,Blue,34,3,2296,87,0
710773533,Existing Customer,1978,F,3,Post-Graduate,Married,Less than $40K,Blue,35,3,2435,88,0.655
712395408,Attrited Customer,1970,F,3,Graduate,Divorced,Less than $40K,Blue,41,3,1495,42,0.462
818459733,Attrited Customer,1980,M,3,Doctorate,Single,$120K +,Blue,26,2,9220,32,0
708867408,Attrited Customer,1969,M,2,High School,Married,$60K - $80K,Blue,40,4,23128,35,0.085
772457583,Existing Customer,1974,F,2,Doctorate,Single,Less than $40K,Blue,37,0,4254,93,0.283
810271083,Attrited Customer,1974,F,3,Unknown,Single,$40K - $60K,Blue,42,5,14897,53,0
712649058,Existing Customer,1967,F,2,Uneducated,Single,Less than $40K,Blue,36,2,3554,82,0
788737083,Existing Customer,1987,F,2,High School,Married,Less than $40K,Blue,13,2,1798,84,0.463
714012258,Existing Customer,1977,F,2,College,Single,Less than $40K,Blue,34,2,2429,74,0.695
757662258,Existing Customer,1975,F,4,Graduate,Divorced,$40K - $60K,Blue,39,1,2477,77,0.597
714388158,Existing Customer,1985,F,2,Uneducated,Divorced,Unknown,Blue,36,2,14304,73,0.049
720067083,Existing Customer,1991,F,0,High School,Single,Less than $40K,Blue,36,1,1536,74,0.521
814529508,Existing Customer,1982,F,3,High School,Unknown,Unknown,Blue,34,3,15370,71,0.045
794068308,Existing Customer,1976,M,4,Unknown,Unknown,$40K - $60K,Gold,39,1,23981,73,0.07
824812983,Existing Customer,1979,M,3,Unknown,Single,$60K - $80K,Blue,38,1,6318,86,0.221
713396358,Existing Customer,1989,F,1,Graduate,Single,Unknown,Blue,13,1,3558,71,0.229
719420883,Attrited Customer,1965,F,4,Graduate,Unknown,Less than $40K,Blue,44,3,1677,45,0
785500533,Existing Customer,1968,F,4,Unknown,Married,Less than $40K,Blue,47,2,2734,66,0.763
712138008,Existing Customer,1969,F,2,Graduate,Married,$40K - $60K,Blue,36,3,2396,70,0.694
709279608,Existing Customer,1976,M,4,High School,Married,$80K - $120K,Blue,35,2,9852,71,0.231
788771733,Existing Customer,1972,M,4,High School,Single,$60K - $80K,Blue,30,3,1579,70,0.57
753365883,Attrited Customer,1977,F,3,Unknown,Single,Unknown,Blue,37,2,1900,45,0
770717883,Existing Customer,1979,F,2,College,Married,$40K - $60K,Blue,28,2,1820,67,0
716919633,Existing Customer,1963,F,1,Uneducated,Unknown,$40K - $60K,Blue,39,1,2406,73,0
717915783,Attrited Customer,1961,M,0,Unknown,Married,$60K - $80K,Blue,47,1,4541,44,0.228
720099708,Existing Customer,1970,F,4,Unknown,Single,Less than $40K,Blue,43,3,3124,68,0.806
711004533,Existing Customer,1977,F,2,Graduate,Single,Less than $40K,Blue,26,3,2240,80,0.743
709482633,Existing Customer,1978,F,4,Uneducated,Married,$40K - $60K,Blue,31,1,1773,84,0.497
717381183,Existing Customer,1994,F,0,Graduate,Married,Less than $40K,Blue,36,2,1674,57,0.449
719716983,Existing Customer,1975,F,4,Graduate,Married,Unknown,Blue,39,3,3257,85,0
711117108,Existing Customer,1973,F,3,High School,Married,Unknown,Silver,36,2,32611,61,0.053
780567408,Existing Customer,1974,F,3,Graduate,Divorced,Less than $40K,Blue,38,1,3027,77,0.552
778810083,Existing Customer,1976,F,3,Graduate,Single,Less than $40K,Blue,35,3,4210,58,0
778696608,Existing Customer,1975,M,3,Graduate,Divorced,$40K - $60K,Blue,27,2,10931,73,0.21
771469758,Existing Customer,1966,M,3,Graduate,Single,$120K +,Blue,43,1,34516,66,0
714172158,Existing Customer,1970,F,0,Doctorate,Single,$40K - $60K,Blue,36,2,2637,83,0.383
713713983,Existing Customer,1979,F,4,Graduate,Single,Less than $40K,Blue,33,2,2899,94,0.673
787454133,Existing Customer,1981,M,2,Unknown,Divorced,$120K +,Blue,26,2,1438.3,82,0
709597983,Existing Customer,1956,M,0,Doctorate,Divorced,Less than $40K,Blue,56,1,1573,77,0.415
708298233,Attrited Customer,1972,F,3,Graduate,Married,Less than $40K,Blue,37,2,6184,49,0
779885358,Existing Customer,1970,M,0,College,Married,$120K +,Silver,35,1,34516,82,0.068
709938708,Existing Customer,1965,F,3,Uneducated,Married,Unknown,Blue,47,1,1822,78,0.614
719620983,Existing Customer,1980,F,2,Unknown,Single,Less than $40K,Blue,29,3,2701,80,0.681
712329933,Attrited Customer,1974,F,1,High School,Unknown,Less than $40K,Blue,41,3,3654,44,0
798280683,Existing Customer,1984,M,3,Post-Graduate,Single,$80K - $120K,Blue,31,3,2626,93,0.661
715265208,Existing Customer,1973,F,1,High School,Single,Less than $40K,Blue,36,3,1438.3,80,0.565
826069983,Existing Customer,1975,F,4,Graduate,Single,Unknown,Blue,42,0,13376,63,0.122
708890958,Existing Customer,1966,M,3,Graduate,Single,$120K +,Blue,42,3,31636,68,0.08
708818508,Existing Customer,1985,M,1,Unknown,Married,Less than $40K,Blue,26,2,3453,68,0.729
795784008,Attrited Customer,1977,F,3,Graduate,Married,Less than $40K,Blue,38,2,3889,37,0.647
714965958,Existing Customer,1974,F,4,Post-Graduate,Unknown,$40K - $60K,Blue,36,2,2216,83,0.812
716328558,Existing Customer,1975,M,2,Uneducated,Married,$80K - $120K,Blue,38,5,11434,83,0
780747033,Existing Customer,1978,F,5,Graduate,Married,Unknown,Blue,34,1,3146,66,0.257
713923233,Existing Customer,1975,M,3,High School,Married,$80K - $120K,Blue,36,3,2790,86,0.783
710962308,Existing Customer,1964,F,4,High School,Single,Unknown,Blue,36,6,4396,88,0.19
713254983,Existing Customer,1959,M,0,Uneducated,Single,$60K - $80K,Blue,50,2,14314,70,0.046
720275358,Attrited Customer,1974,M,2,Graduate,Married,$40K - $60K,Blue,30,3,1889,46,0
715964058,Existing Customer,1982,F,1,High School,Single,Less than $40K,Blue,31,2,1862,79,0.39
721461258,Existing Customer,1968,M,0,High School,Married,$40K - $60K,Blue,39,2,2875,88,0.581
710727333,Attrited Customer,1972,F,3,High School,Married,Less than $40K,Blue,36,2,1763,43,0
717325158,Existing Customer,1975,F,5,Graduate,Married,$40K - $60K,Blue,33,1,1438.3,63,0.614
825856083,Existing Customer,1982,M,1,Post-Graduate,Single,$40K - $60K,Blue,35,1,2623,70,0.809
807136758,Attrited Customer,1963,F,2,High School,Married,Less than $40K,Blue,53,0,1944,40,0
715400733,Attrited Customer,1978,F,3,Uneducated,Married,$40K - $60K,Blue,36,4,1438.3,38,0
713927283,Existing Customer,1982,F,1,Graduate,Single,Unknown,Blue,34,1,2884,87,0.873
711594858,Existing Customer,1977,F,1,Unknown,Single,Less than $40K,Blue,36,3,2936,70,0.442
711389358,Attrited Customer,1979,M,3,Graduate,Married,$40K - $60K,Blue,23,3,5791,64,0.435
720769533,Existing Customer,1956,M,0,Graduate,Single,$40K - $60K,Blue,36,0,1438.3,63,0.474
715736283,Existing Customer,1966,F,4,Doctorate,Single,Less than $40K,Blue,44,1,1912,98,0
768949983,Existing Customer,1990,F,2,Unknown,Single,Unknown,Blue,25,3,3288,83,0.759
711253383,Attrited Customer,1973,F,2,Unknown,Married,Unknown,Blue,38,2,4382,34,0
798457833,Existing Customer,1975,F,3,Graduate,Married,Unknown,Blue,40,1,3595,71,0.302
794554683,Attrited Customer,1980,F,4,Graduate,Married,Less than $40K,Blue,26,2,3159,46,0
789996783,Existing Customer,1985,F,3,Uneducated,Unknown,Unknown,Blue,28,3,5393,102,0.465
712220283,Existing Customer,1984,M,2,Graduate,Unknown,$80K - $120K,Blue,28,2,12222,63,0
751150233,Existing Customer,1978,M,5,Graduate,Single,Less than $40K,Blue,36,2,1438.3,65,0
715815783,Existing Customer,1975,M,3,Graduate,Married,$60K - $80K,Blue,29,2,3429,85,0
712599783,Existing Customer,1982,M,3,Uneducated,Single,$80K - $120K,Blue,36,2,12618,82,0.126
719653308,Existing Customer,1972,F,3,Uneducated,Married,Less than $40K,Blue,40,2,6049,71,0.132
708928908,Existing Customer,1982,F,1,Graduate,Single,Less than $40K,Blue,23,3,2533,74,0
709780158,Existing Customer,1969,F,1,Graduate,Single,Unknown,Blue,35,4,2411,79,0.572
768675483,Existing Customer,1980,M,4,College,Divorced,$60K - $80K,Blue,35,3,2001,82,0
714243408,Existing Customer,1975,F,2,Graduate,Single,Unknown,Blue,36,6,2042,73,0.666
711323283,Attrited Customer,1964,M,2,Uneducated,Married,$60K - $80K,Blue,41,3,2527,43,0.408
713499408,Existing Customer,1972,M,1,Unknown,Married,Less than $40K,Blue,35,2,1438.3,71,0
719245983,Existing Customer,1975,F,4,Post-Graduate,Married,Unknown,Blue,38,3,13816,73,0.069
810789708,Existing Customer,1983,F,1,Post-Graduate,Single,Less than $40K,Blue,33,2,2256,92,0
710301858,Existing Customer,1972,F,5,High School,Married,Unknown,Silver,36,2,34516,72,0.058
718611333,Existing Customer,1966,M,3,Post-Graduate,Married,$80K - $120K,Blue,36,1,6400,91,0.309
787557258,Existing Customer,1969,F,4,Graduate,Married,Unknown,Blue,42,3,1816,78,0
711533058,Existing Customer,1979,F,2,Doctorate,Single,$40K - $60K,Blue,29,2,3347,85,0.669
715805133,Existing Customer,1969,F,1,High School,Single,Less than $40K,Blue,43,2,2705,81,0.584
708680583,Existing Customer,1968,F,1,Graduate,Married,$40K - $60K,Blue,36,1,2043,68,0.778
789454683,Existing Customer,1976,F,3,High School,Single,$40K - $60K,Blue,36,2,1912,79,0.67
711428733,Existing Customer,1971,F,3,Post-Graduate,Divorced,$40K - $60K,Blue,39,2,3028,64,0.442
715842183,Existing Customer,1979,F,5,High School,Married,Less than $40K,Blue,35,4,1514,69,0.492
815772333,Existing Customer,1973,F,2,Unknown,Single,Less than $40K,Blue,43,3,1438.3,89,0
778255083,Existing Customer,1969,F,1,Uneducated,Married,Less than $40K,Blue,42,3,3103,80,0.811
715571583,Existing Customer,1964,F,2,Doctorate,Divorced,Less than $40K,Blue,47,1,2504,86,0.765
720711483,Attrited Customer,1965,F,1,High School,Married,Unknown,Blue,42,2,3674,45,0.685
827436483,Existing Customer,1973,M,1,Graduate,Married,$80K - $120K,Blue,44,1,2916,72,0
710715783,Existing Customer,1969,F,1,Uneducated,Single,Less than $40K,Blue,45,2,1633,75,0
758367933,Existing Customer,1965,M,2,Uneducated,Single,$80K - $120K,Blue,49,3,5466,79,0
721399833,Existing Customer,1978,F,2,High School,Married,$40K - $60K,Blue,34,1,2032,86,0.496
708727983,Existing Customer,1959,M,0,Uneducated,Single,$60K - $80K,Blue,36,1,3933,54,0
802822833,Existing Customer,1970,M,3,Uneducated,Unknown,$80K - $120K,Blue,45,2,21328,76,0
713276733,Existing Customer,1976,F,4,Graduate,Single,Less than $40K,Blue,36,1,3562,90,0.592
809440008,Attrited Customer,1982,F,2,High School,Single,Unknown,Blue,34,3,2069,43,0.266
716959833,Existing Customer,1976,M,3,Graduate,Single,$120K +,Blue,31,2,3534,66,0
714432108,Existing Customer,1965,F,3,Uneducated,Married,$40K - $60K,Blue,46,3,2402,76,0.788
772580958,Existing Customer,1964,F,2,Uneducated,Married,Unknown,Blue,47,2,3136,80,0.682
715071483,Existing Customer,1961,F,1,Uneducated,Divorced,$40K - $60K,Blue,52,2,2802,81,0.898
712410858,Existing Customer,1971,F,4,Uneducated,Married,Unknown,Blue,40,1,2315,65,0.577
715395933,Existing Customer,1977,F,3,College,Unknown,Unknown,Blue,35,2,11238,70,0.208
711237633,Attrited Customer,1972,M,0,Graduate,Married,$60K - $80K,Blue,29,3,1460,36,0
781337658,Existing Customer,1971,F,1,Graduate,Married,Less than $40K,Blue,44,1,2602,85,0.62
718913358,Attrited Customer,1985,M,2,Graduate,Single,Less than $40K,Blue,36,3,4225,43,0.596
715784808,Existing Customer,1964,F,4,Post-Graduate,Single,$40K - $60K,Blue,48,2,2576,86,0.651
718452633,Attrited Customer,1986,F,4,Graduate,Married,Unknown,Blue,36,3,1931,46,0
769883733,Attrited Customer,1975,M,3,Post-Graduate,Single,$40K - $60K,Blue,40,4,2344,31,0
709375158,Existing Customer,1992,F,1,Unknown,Unknown,Unknown,Blue,36,3,7270,69,0.252
801977733,Existing Customer,1981,F,2,High School,Single,Less than $40K,Blue,34,2,2395,82,0.6
709175208,Existing Customer,1971,F,4,Uneducated,Single,Less than $40K,Blue,43,3,2835,79,0.808
788990508,Existing Customer,1959,F,0,Unknown,Single,$40K - $60K,Blue,49,1,1540,56,0.517
720835308,Existing Customer,1972,F,2,Uneducated,Married,Unknown,Blue,34,1,3017,72,0
717365958,Existing Customer,1971,F,1,Graduate,Married,Less than $40K,Blue,36,2,1438.3,71,0
779577108,Existing Customer,1972,F,1,Doctorate,Single,$40K - $60K,Blue,32,3,1438.3,65,0
801497508,Existing Customer,1965,F,1,Graduate,Married,Less than $40K,Blue,50,3,1584,73,0.828
716131083,Existing Customer,1974,M,2,Graduate,Single,$40K - $60K,Blue,35,1,2676,69,0.806
784734258,Existing Customer,1965,F,2,Unknown,Divorced,$40K - $60K,Blue,50,2,5084,55,0.331
711122958,Attrited Customer,1980,F,3,Graduate,Single,Less than $40K,Blue,33,3,1764,57,0
779508333,Existing Customer,1958,M,0,Unknown,Unknown,$60K - $80K,Blue,46,2,23925,55,0.062
717699408,Existing Customer,1970,F,3,Graduate,Married,Unknown,Blue,36,3,2886,89,0.872
720210483,Existing Customer,1978,F,3,High School,Unknown,Unknown,Blue,28,2,6720,85,0.319
709329558,Existing Customer,1972,F,4,High School,Single,Less than $40K,Gold,34,3,15569,73,0.1
721222833,Existing Customer,1970,F,3,Graduate,Married,$40K - $60K,Blue,36,3,1565,73,0.603
712682583,Existing Customer,1977,M,5,High School,Single,$60K - $80K,Blue,35,2,5947,90,0.167
710051658,Existing Customer,1975,M,3,Graduate,Married,$60K - $80K,Blue,37,3,18821,75,0.041
708606633,Attrited Customer,1965,F,3,Graduate,Married,$40K - $60K,Blue,44,3,1544,35,0
710862258,Existing Customer,1980,F,2,Uneducated,Married,Less than $40K,Blue,36,2,1755,73,0
720072933,Existing Customer,1972,F,4,Graduate,Married,Less than $40K,Blue,36,3,1438.3,90,0.463
757527033,Existing Customer,1968,F,2,College,Single,Less than $40K,Blue,46,5,2153,69,0
713115483,Attrited Customer,1977,F,3,Uneducated,Married,Less than $40K,Blue,36,3,1684,45,0
816078708,Existing Customer,1976,M,3,Unknown,Single,$40K - $60K,Blue,40,4,5662,61,0.345
713985183,Existing Customer,1975,F,5,Graduate,Single,Less than $40K,Blue,38,5,2799,91,0.862
789601308,Existing Customer,1963,M,3,Unknown,Married,$120K +,Blue,52,5,12398,93,0
720133908,Existing Customer,1980,M,2,Post-Graduate,Single,$40K - $60K,Blue,27,1,4461,77,0.202
803197833,Existing Customer,1972,F,1,Post-Graduate,Divorced,$40K - $60K,Blue,44,5,2597,69,0.72
812222208,Existing Customer,1967,F,3,Uneducated,Single,Unknown,Blue,49,4,9733,71,0.089
757634583,Existing Customer,1969,F,2,Graduate,Married,Less than $40K,Blue,45,3,2261,68,0.498
719362458,Existing Customer,1974,F,3,High School,Married,Less than $40K,Blue,36,3,2822,74,0
789331908,Existing Customer,1981,F,3,High School,Unknown,Less than $40K,Blue,30,2,8793,64,0.104
715616358,Existing Customer,1968,F,0,Graduate,Married,Unknown,Blue,36,4,5843,67,0.199
711784908,Existing Customer,1975,F,4,High School,Single,Less than $40K,Blue,34,5,3322,86,0.758
806900508,Existing Customer,1968,F,1,High School,Married,Less than $40K,Blue,48,3,2036,75,0.843
710098233,Existing Customer,1993,F,0,Unknown,Single,Less than $40K,Blue,13,2,2387,66,0
713508333,Existing Customer,1978,F,4,College,Unknown,Less than $40K,Blue,33,4,1884,85,0.645
712176708,Existing Customer,1970,F,3,Uneducated,Single,Less than $40K,Blue,36,3,3747,87,0.605
719724933,Existing Customer,1963,F,1,Uneducated,Married,Less than $40K,Blue,51,4,2220,78,0.559
716537433,Existing Customer,1971,F,2,College,Married,$40K - $60K,Blue,36,4,2428,68,0.826
713186058,Attrited Customer,1979,F,3,Unknown,Married,$40K - $60K,Blue,36,2,1438.3,51,0
787558683,Existing Customer,1976,F,4,Post-Graduate,Single,$40K - $60K,Blue,35,5,1850,74,0.336
718002633,Existing Customer,1973,F,2,Graduate,Married,$40K - $60K,Silver,41,3,16002,52,0.13
789241308,Attrited Customer,1967,F,2,Unknown,Unknown,Less than $40K,Blue,39,3,1438.3,41,0
713941158,Existing Customer,1974,F,1,High School,Unknown,Less than $40K,Blue,36,5,5222,81,0.482
808950108,Existing Customer,1982,F,2,Graduate,Married,Less than $40K,Blue,34,5,1438.3,72,0.597
719050458,Existing Customer,1959,F,0,Unknown,Single,Less than $40K,Blue,56,3,2582,67,0.592
718021608,Existing Customer,1976,F,3,Graduate,Married,$40K - $60K,Blue,34,5,1533,83,0.475
788870283,Existing Customer,1965,F,3,Graduate,Married,Less than $40K,Blue,41,4,1438.3,72,0
778272408,Attrited Customer,1969,M,1,Unknown,Divorced,$80K - $120K,Blue,42,4,5763,48,0
720079758,Existing Customer,1975,F,3,Uneducated,Single,Unknown,Blue,42,4,1910,82,0.749
787457883,Existing Customer,1970,F,0,Unknown,Married,Less than $40K,Blue,37,3,1515,89,0.657
719884983,Existing Customer,1969,M,2,Graduate,Single,$40K - $60K,Blue,44,4,1538,64,0.433
822056583,Existing Customer,1977,F,4,Graduate,Single,$40K - $60K,Blue,40,5,1572,80,0.556
714585033,Existing Customer,1980,F,4,Uneducated,Married,Less than $40K,Blue,36,5,1438.3,78,0.734
713981283,Existing Customer,1969,F,3,Graduate,Married,Less than $40K,Blue,46,5,2814,88,0.768
715328658,Attrited Customer,1980,F,5,Post-Graduate,Married,Less than $40K,Blue,36,3,1495,70,0
708918558,Attrited Customer,1984,F,2,Graduate,Married,$40K - $60K,Blue,36,3,1959,52,0.338
748194633,Existing Customer,1961,F,1,Graduate,Divorced,Less than $40K,Blue,53,5,2903,76,0.431
719323683,Existing Customer,1974,F,3,Uneducated,Single,$40K - $60K,Blue,35,5,4543,77,0.226
708611733,Existing Customer,1979,F,1,College,Married,Unknown,Blue,33,4,3119,82,0.426
771219033,Existing Customer,1979,M,1,Uneducated,Unknown,$80K - $120K,Blue,29,3,17506,73,0.113
721480158,Attrited Customer,1971,F,2,Unknown,Married,Less than $40K,Blue,43,3,1438.3,44,0.633
708086958,Existing Customer,1972,F,2,Uneducated,Married,Unknown,Blue,41,5,3128,59,0.239
709100283,Attrited Customer,1985,F,2,High School,Single,Unknown,Blue,26,2,5956,46,0.423
719350908,Existing Customer,1978,M,4,Unknown,Unknown,Less than $40K,Blue,35,3,4177,66,0.501
714124983,Existing Customer,1964,M,2,Unknown,Single,$80K - $120K,Blue,48,4,13457,66,0.078
718031508,Existing Customer,1976,M,4,College,Divorced,$80K - $120K,Blue,37,5,1535,76,0
709732608,Existing Customer,1980,F,3,Graduate,Married,Less than $40K,Blue,36,3,3203,82,0.739
713466033,Attrited Customer,1982,F,2,Graduate,Divorced,Less than $40K,Blue,36,2,2092,33,0
716369208,Existing Customer,1977,F,3,Graduate,Married,Less than $40K,Blue,36,5,2420,82,0.505
781143933,Existing Customer,1978,F,3,High School,Single,Less than $40K,Blue,36,3,2313,76,0.573
711337158,Existing Customer,1965,M,2,Graduate,Married,$40K - $60K,Blue,49,5,3059,81,0.78
714724908,Existing Customer,1980,F,1,Uneducated,Married,$40K - $60K,Blue,36,4,2235,79,0.755
719973033,Existing Customer,1972,F,1,Unknown,Married,Less than $40K,Blue,37,5,3208,86,0
714196008,Existing Customer,1978,M,2,Graduate,Unknown,$60K - $80K,Blue,25,3,7534,79,0
780272208,Existing Customer,1982,F,1,Graduate,Unknown,Less than $40K,Blue,25,2,2006,69,0.597
717849708,Existing Customer,1975,M,4,Unknown,Divorced,$60K - $80K,Blue,32,3,1438.3,87,0.513
712437108,Existing Customer,1972,M,3,Unknown,Married,$80K - $120K,Blue,42,3,14044,89,0
767802483,Existing Customer,1977,M,4,College,Single,$60K - $80K,Blue,38,3,5005,71,0.194
709064208,Attrited Customer,1978,F,2,Uneducated,Single,Less than $40K,Blue,32,3,1628,49,0.169
714343608,Existing Customer,1965,F,0,Unknown,Single,Less than $40K,Blue,36,4,3033,90,0
709668408,Existing Customer,1965,F,1,Graduate,Unknown,$40K - $60K,Blue,36,4,5204,82,0
712753758,Existing Customer,1964,F,1,High School,Single,Less than $40K,Blue,41,4,2442,75,0.696
807722658,Existing Customer,1970,F,2,Graduate,Single,Less than $40K,Blue,46,3,2429,99,0.515
826808208,Existing Customer,1961,F,0,High School,Single,$40K - $60K,Blue,56,5,2213,84,0.375
757224108,Existing Customer,1978,F,4,Graduate,Married,Less than $40K,Blue,32,3,2624,67,0.426
816091608,Existing Customer,1984,F,1,College,Single,$40K - $60K,Blue,32,2,1976,73,0
819684183,Existing Customer,1975,F,3,Graduate,Single,$40K - $60K,Blue,41,5,3492,53,0.443
719630358,Attrited Customer,1971,F,4,High School,Married,Less than $40K,Blue,36,3,3546,47,0
712399308,Attrited Customer,1983,F,3,High School,Unknown,Less than $40K,Blue,36,3,2989,67,0.799
721282908,Existing Customer,1977,F,4,Graduate,Married,$40K - $60K,Blue,29,1,1438.3,60,0
820848408,Existing Customer,1969,F,4,Uneducated,Divorced,Unknown,Blue,48,5,1438.3,74,0.536
710888883,Existing Customer,1984,F,3,High School,Unknown,Less than $40K,Blue,36,4,1438.3,83,0.442
711338058,Existing Customer,1976,F,1,Unknown,Married,Less than $40K,Blue,33,3,1438.3,86,0.835
721317333,Existing Customer,1981,F,4,Post-Graduate,Single,$40K - $60K,Blue,31,2,2383,75,0.767
711350133,Existing Customer,1970,M,2,Graduate,Married,$80K - $120K,Blue,34,4,13587,88,0.175
803606958,Existing Customer,1964,F,3,Graduate,Single,Less than $40K,Blue,52,5,3085,73,0
721039308,Existing Customer,1981,M,4,Uneducated,Single,$80K - $120K,Blue,36,3,32431,71,0.026
713440833,Existing Customer,1960,F,0,Graduate,Single,Less than $40K,Blue,36,3,2207,84,0.915
780814158,Existing Customer,1964,F,3,High School,Unknown,Less than $40K,Blue,39,4,2781,81,0.357
717255333,Attrited Customer,1981,M,3,Graduate,Single,$80K - $120K,Blue,36,2,6921,44,0
714368883,Existing Customer,1971,F,3,Graduate,Single,Less than $40K,Blue,36,5,7596,73,0.152
788797983,Existing Customer,1979,F,3,Uneducated,Married,Unknown,Blue,24,1,4568,85,0.443
720642633,Existing Customer,1978,F,4,Graduate,Single,$40K - $60K,Blue,24,1,6475,65,0.26
708793008,Attrited Customer,1975,M,3,Doctorate,Divorced,$80K - $120K,Blue,35,3,9949,40,0
819351258,Existing Customer,1979,F,3,College,Married,Less than $40K,Blue,37,4,2238,86,0.756
715212108,Existing Customer,1980,F,2,College,Married,Less than $40K,Blue,36,5,1438.3,84,0
720046458,Existing Customer,1971,F,0,High School,Single,Less than $40K,Blue,43,4,2670,65,0.728
779942808,Existing Customer,1979,F,3,Graduate,Single,Less than $40K,Blue,28,2,1438.3,74,0
713709258,Existing Customer,1978,M,3,Post-Graduate,Single,$40K - $60K,Blue,32,3,2142,88,0.639
779961408,Existing Customer,1963,F,1,Uneducated,Single,Less than $40K,Blue,43,4,3382,74,0.428
798699033,Existing Customer,1969,F,2,Graduate,Single,Unknown,Blue,46,3,8961,80,0.154
754968033,Existing Customer,1981,F,4,High School,Married,Less than $40K,Blue,33,5,1762,87,0.695
710163633,Existing Customer,1980,F,4,Graduate,Divorced,$40K - $60K,Blue,36,3,1919,92,0.452
781675983,Existing Customer,1962,F,0,Graduate,Married,Less than $40K,Blue,53,5,3054,84,0.824
720418383,Existing Customer,1976,F,3,Unknown,Single,Unknown,Blue,27,1,1877,80,0
778486008,Existing Customer,1969,F,3,High School,Married,Less than $40K,Blue,40,4,4223,62,0.529
718303683,Attrited Customer,1985,F,2,Graduate,Married,Less than $40K,Blue,23,2,1666,60,0.488
716756133,Existing Customer,1978,F,2,Graduate,Divorced,Less than $40K,Blue,33,3,2422,80,0.511
711363258,Existing Customer,1972,F,1,Post-Graduate,Married,Unknown,Blue,39,3,4821,77,0
708551508,Existing Customer,1970,F,2,College,Single,Less than $40K,Blue,37,4,3264,78,0.768
715019883,Existing Customer,1969,M,3,College,Married,$60K - $80K,Blue,42,3,4565,67,0.276
711125358,Existing Customer,1976,F,3,Graduate,Single,$40K - $60K,Blue,39,4,1765,72,0.96
708453408,Existing Customer,1981,M,4,College,Divorced,$80K - $120K,Blue,31,2,16050,62,0
716370258,Existing Customer,1972,F,3,Graduate,Single,Less than $40K,Blue,36,3,2188,66,0.488
803880108,Existing Customer,1974,F,3,High School,Single,$40K - $60K,Blue,41,5,1721,58,0.787
708660408,Attrited Customer,1981,F,1,College,Married,$40K - $60K,Blue,36,2,1737,43,0.972
709822008,Existing Customer,1979,F,3,Unknown,Divorced,Unknown,Blue,31,3,2369,66,0.43
716411358,Existing Customer,1978,F,3,Uneducated,Single,Less than $40K,Blue,36,5,2652,78,0
717524433,Existing Customer,1969,F,2,College,Married,$40K - $60K,Blue,40,3,1438.3,92,0
721011858,Existing Customer,1958,M,1,Graduate,Unknown,Less than $40K,Blue,52,3,1438.3,78,0
719734533,Existing Customer,1981,F,4,Graduate,Married,Less than $40K,Blue,28,2,1438.3,65,0.479
712285908,Existing Customer,1961,F,1,High School,Single,Less than $40K,Blue,49,4,2481,73,0.776
713675658,Existing Customer,1985,F,1,High School,Single,Unknown,Blue,22,3,9817,85,0.086
712869783,Existing Customer,1965,F,3,Graduate,Single,Less than $40K,Blue,36,5,4255,79,0
708545058,Existing Customer,1976,F,2,Graduate,Single,$40K - $60K,Blue,36,4,1438.3,81,0.686
817240833,Existing Customer,1970,F,2,Graduate,Single,Less than $40K,Blue,36,3,4970,78,0.32
711671058,Attrited Customer,1973,F,1,Uneducated,Married,Unknown,Blue,38,2,1438.3,38,0
719815383,Existing Customer,1972,F,4,Doctorate,Married,Unknown,Blue,39,4,2333,89,0.606
808747233,Attrited Customer,1971,M,2,Doctorate,Married,$120K +,Silver,45,3,34516,55,0
713084208,Attrited Customer,1978,M,4,College,Married,$40K - $60K,Blue,32,3,4373,46,0
806652483,Existing Customer,1980,F,2,High School,Single,$40K - $60K,Blue,36,5,1561,67,0.749
709803258,Attrited Customer,1973,M,2,Unknown,Married,$80K - $120K,Blue,28,2,12073,52,0
717765183,Existing Customer,1966,F,1,Unknown,Single,Unknown,Blue,42,5,1438.3,72,0
779041983,Existing Customer,1980,M,5,High School,Single,$40K - $60K,Blue,22,2,1438.3,81,0
709868433,Existing Customer,1978,F,4,Unknown,Single,Less than $40K,Blue,33,3,2525,69,0.878
818699208,Attrited Customer,1974,F,4,Post-Graduate,Married,Unknown,Blue,42,4,6451,43,0
717395733,Existing Customer,1979,F,3,Doctorate,Married,$40K - $60K,Blue,36,4,4142,81,0.166
719516208,Attrited Customer,1967,M,2,College,Single,$120K +,Blue,36,2,34516,47,0
717026658,Attrited Customer,1978,F,3,Uneducated,Married,Less than $40K,Blue,32,3,1897,47,0
801516183,Existing Customer,1969,F,4,Graduate,Single,Less than $40K,Blue,46,3,3231,90,0.686
716231133,Existing Customer,1981,F,4,Graduate,Married,Less than $40K,Blue,36,5,1577,52,0.815
779625858,Existing Customer,1984,F,2,Unknown,Single,Less than $40K,Blue,27,1,3061,89,0.822
709575858,Existing Customer,1968,M,4,Graduate,Single,$40K - $60K,Blue,36,5,2300,79,0
720927183,Existing Customer,1965,F,4,Graduate,Married,Less than $40K,Blue,36,5,2796,81,0
772198983,Existing Customer,1968,F,2,Graduate,Married,$40K - $60K,Blue,42,5,3024,89,0.545
721122258,Existing Customer,1983,F,3,Uneducated,Married,$40K - $60K,Blue,36,5,5293,62,0.195
758875908,Existing Customer,1981,F,4,Unknown,Single,Less than $40K,Blue,33,4,1964,81,0.922
716501133,Existing Customer,1985,F,2,Graduate,Single,Less than $40K,Blue,36,4,2051,79,0.563
719250783,Existing Customer,1980,F,1,High School,Single,Less than $40K,Blue,31,2,1998,68,0
789179583,Existing Customer,1993,F,1,College,Divorced,Unknown,Blue,17,3,11881,87,0.125
708254733,Existing Customer,1980,F,4,Post-Graduate,Single,Less than $40K,Blue,36,4,2968,85,0.631
719758758,Existing Customer,1979,F,3,Graduate,Married,Less than $40K,Blue,23,2,2797,66,0.695
805458933,Existing Customer,1982,F,2,Graduate,Single,$40K - $60K,Blue,34,4,13984,83,0.045
720408708,Existing Customer,1972,F,2,Uneducated,Married,Less than $40K,Blue,36,4,2505,61,0
788911458,Existing Customer,1981,F,4,College,Married,Less than $40K,Blue,26,1,2972,69,0
771862308,Existing Customer,1971,M,1,College,Single,$80K - $120K,Blue,39,3,5856,87,0.343
714616308,Existing Customer,1977,F,4,Uneducated,Divorced,Less than $40K,Blue,38,4,7182,67,0.247
721221783,Existing Customer,1959,M,2,Graduate,Single,Less than $40K,Blue,48,3,5844,65,0.344
766021083,Attrited Customer,1966,F,1,College,Single,Less than $40K,Blue,48,5,2114,42,0.258
771918033,Existing Customer,1967,M,4,Graduate,Single,$80K - $120K,Blue,43,4,8208,83,0.153
719756133,Attrited Customer,1987,M,4,Uneducated,Single,$60K - $80K,Blue,20,2,3940,53,0.351
711777633,Existing Customer,1980,M,3,Graduate,Divorced,$60K - $80K,Blue,27,2,5784,80,0
713261133,Attrited Customer,1983,M,4,Graduate,Unknown,$60K - $80K,Blue,22,2,8632,40,0
788519958,Existing Customer,1964,F,2,Graduate,Single,Less than $40K,Blue,50,5,1438.3,62,0.609
768412608,Existing Customer,1982,F,1,Graduate,Single,$40K - $60K,Blue,33,3,2255,79,0.558
709972908,Existing Customer,1983,F,2,Graduate,Single,Less than $40K,Blue,25,1,9874,70,0.107
713029683,Existing Customer,1957,M,0,Graduate,Single,Less than $40K,Blue,36,4,1873,82,0.25
768243858,Attrited Customer,1967,M,3,High School,Married,$80K - $120K,Blue,48,4,3288,46,0.766
711685758,Existing Customer,1961,F,1,Graduate,Single,$40K - $60K,Blue,42,2,3334,101,0.345
714528258,Existing Customer,1975,M,2,Graduate,Divorced,$60K - $80K,Blue,39,1,3299,75,0.264
818930808,Existing Customer,1985,F,2,Uneducated,Married,Less than $40K,Blue,31,2,2754,70,0.653
713310558,Existing Customer,1974,F,2,Graduate,Married,$40K - $60K,Blue,28,2,2035,74,0.796
719995008,Existing Customer,1977,F,4,Graduate,Married,Unknown,Blue,36,2,3979,69,0.196
811713408,Existing Customer,1963,F,2,High School,Married,$40K - $60K,Blue,53,2,2642,81,0.473
709649958,Attrited Customer,1959,M,0,Post-Graduate,Divorced,$60K - $80K,Silver,46,5,28229,45,0.01
708822783,Existing Customer,1968,F,2,High School,Single,Less than $40K,Blue,36,3,2973,77,0.847
771869508,Existing Customer,1970,F,2,Uneducated,Married,Less than $40K,Blue,40,3,1612,81,0.516
804413508,Existing Customer,1980,M,1,High School,Single,$80K - $120K,Blue,36,2,12084,90,0.136
815756058,Existing Customer,1967,F,1,Graduate,Single,Less than $40K,Blue,49,2,2930,72,0.773
712278108,Existing Customer,1975,F,2,Unknown,Married,$40K - $60K,Blue,38,3,1963,67,0.566
717072108,Attrited Customer,1971,F,2,Unknown,Single,$40K - $60K,Blue,36,3,2762,44,0
721460283,Attrited Customer,1972,F,3,Post-Graduate,Single,Less than $40K,Blue,35,1,2214,51,0.413
784827108,Existing Customer,1982,F,1,High School,Single,Less than $40K,Blue,33,3,2292,72,0.802
717862308,Existing Customer,1976,F,2,College,Divorced,$40K - $60K,Blue,27,3,2901,78,0.822
716726058,Existing Customer,1973,F,3,College,Single,Less than $40K,Blue,30,1,2865,79,0.532
717405408,Existing Customer,1990,F,0,Post-Graduate,Single,Unknown,Blue,18,2,3934,82,0.486
718734408,Existing Customer,1964,F,2,Unknown,Single,$40K - $60K,Blue,45,4,2428,62,0.384
771666783,Existing Customer,1978,F,5,College,Married,$40K - $60K,Blue,31,1,5302,68,0.214
789301458,Existing Customer,1980,F,4,High School,Married,Unknown,Blue,30,2,9139,78,0.177
772329183,Existing Customer,1973,M,5,Unknown,Married,$40K - $60K,Blue,38,4,5219,78,0.207
713792583,Existing Customer,1969,F,2,Graduate,Single,Unknown,Blue,43,2,10351,76,0.131
719577258,Attrited Customer,1978,F,2,Uneducated,Divorced,Less than $40K,Blue,30,3,6811,39,0
770878458,Existing Customer,1994,F,1,Post-Graduate,Married,Less than $40K,Blue,13,2,1438.3,73,0.688
798308058,Existing Customer,1982,M,1,Graduate,Single,$40K - $60K,Blue,33,1,2255,81,0
772528158,Attrited Customer,1966,F,3,Unknown,Single,Less than $40K,Blue,45,3,1741,42,0
718707933,Attrited Customer,1967,M,2,Uneducated,Married,$60K - $80K,Blue,35,3,2189,51,0.175
709791333,Existing Customer,1981,F,3,Uneducated,Single,Less than $40K,Blue,36,1,2040,80,0.531
710090958,Existing Customer,1970,M,3,College,Married,$80K - $120K,Blue,40,3,1844,71,0.668
772687983,Existing Customer,1968,M,3,Graduate,Single,$60K - $80K,Blue,43,3,8404,56,0.178
714707133,Existing Customer,1974,F,3,Uneducated,Married,Less than $40K,Blue,36,1,1438.3,86,0
720126033,Existing Customer,1979,M,4,High School,Single,$80K - $120K,Blue,28,3,1944,90,0.928
713995233,Existing Customer,1983,F,2,High School,Married,Less than $40K,Blue,36,4,1438.3,88,0
771638733,Attrited Customer,1972,M,3,Doctorate,Single,$40K - $60K,Blue,37,2,4354,59,0
715009833,Existing Customer,1970,F,1,High School,Married,Less than $40K,Blue,36,4,1857,90,0.556
711497283,Existing Customer,1967,F,5,Unknown,Married,Less than $40K,Blue,36,6,2708,87,0.597
803418783,Existing Customer,1981,M,4,Graduate,Married,$60K - $80K,Blue,35,4,9974,87,0.219
814611633,Existing Customer,1974,F,2,Uneducated,Single,Less than $40K,Blue,42,1,2271,69,0.948
709411383,Existing Customer,1976,M,2,Uneducated,Unknown,$40K - $60K,Blue,37,4,2811,78,0.58
825753258,Existing Customer,1974,M,4,Uneducated,Married,$60K - $80K,Blue,43,3,6519,81,0.234
713930433,Attrited Customer,1964,M,2,Uneducated,Unknown,$80K - $120K,Blue,36,3,4316,53,0
715941633,Existing Customer,1971,F,0,Graduate,Married,Less than $40K,Blue,36,3,1438.3,69,0
772162683,Attrited Customer,1987,F,2,Graduate,Married,Less than $40K,Blue,23,2,3116,45,0
712531008,Attrited Customer,1978,M,3,Unknown,Married,$120K +,Blue,34,3,24868,32,0.032
711583458,Existing Customer,1973,F,2,College,Married,Less than $40K,Blue,36,3,1438.3,82,0
714418983,Existing Customer,1978,M,5,Graduate,Single,$40K - $60K,Blue,33,2,1438.3,80,0
708699108,Existing Customer,1982,F,2,High School,Single,Less than $40K,Blue,36,3,1438.3,53,0.594
771749733,Existing Customer,1980,M,2,Graduate,Single,$40K - $60K,Silver,30,2,17706,81,0.061
715235808,Existing Customer,1974,F,3,Uneducated,Married,Less than $40K,Blue,36,3,1819,75,0.679
716666133,Existing Customer,1970,M,4,Graduate,Single,$120K +,Blue,39,4,19350,70,0
716709858,Attrited Customer,1987,F,1,Uneducated,Unknown,Less than $40K,Blue,25,2,3074,54,0
715356258,Existing Customer,1979,F,3,Unknown,Married,Less than $40K,Blue,36,2,2281,78,0.679
720389283,Existing Customer,1963,F,1,Unknown,Married,Less than $40K,Blue,46,3,3035,83,0.586
778131333,Existing Customer,1983,F,2,Graduate,Married,Less than $40K,Blue,31,3,3222,80,0
708286683,Existing Customer,1964,M,2,Uneducated,Single,$80K - $120K,Blue,43,3,12045,86,0.145
814765533,Attrited Customer,1977,F,4,High School,Single,$40K - $60K,Blue,39,3,10587,54,0.238
814195758,Existing Customer,1979,M,1,Graduate,Single,$60K - $80K,Blue,37,1,2596,78,0.466
717121758,Existing Customer,1963,F,0,Graduate,Single,Less than $40K,Blue,36,3,3008,68,0.837
768720708,Existing Customer,1980,F,3,High School,Married,Less than $40K,Blue,30,4,3280,84,0.709
718032483,Existing Customer,1988,F,4,Graduate,Married,Less than $40K,Blue,16,3,1438.3,89,0.425
809966058,Existing Customer,1973,F,2,Unknown,Married,Less than $40K,Blue,37,4,2835,81,0.656
711553308,Existing Customer,1961,M,1,Graduate,Single,$40K - $60K,Blue,48,1,1438.3,88,0.521
708253458,Existing Customer,1962,F,1,Unknown,Single,Unknown,Blue,48,2,5528,81,0.33
711276933,Existing Customer,1965,F,3,Graduate,Married,Less than $40K,Blue,44,4,2030,84,0.622
718165758,Existing Customer,1980,F,1,Graduate,Married,$40K - $60K,Blue,32,3,2413,85,0.674
780089658,Existing Customer,1985,M,3,Unknown,Single,$60K - $80K,Blue,21,2,7381,86,0.218
826421958,Attrited Customer,1975,F,1,High School,Married,Less than $40K,Blue,42,4,1438.3,44,0
778712658,Existing Customer,1969,F,0,Uneducated,Married,Less than $40K,Blue,34,4,2001,86,0.48
708158133,Attrited Customer,1976,M,3,College,Married,$80K - $120K,Blue,36,2,3031,50,0.83
712514508,Existing Customer,1974,M,2,Unknown,Married,$120K +,Blue,37,4,11354,49,0
710725383,Existing Customer,1979,M,3,Doctorate,Divorced,$40K - $60K,Blue,36,2,2012,66,0
772601283,Existing Customer,1982,M,1,Post-Graduate,Single,$80K - $120K,Blue,29,2,23034,32,0.086
716371308,Existing Customer,1981,M,2,Unknown,Single,$40K - $60K,Blue,36,6,4947,84,0
718518858,Existing Customer,1971,F,3,Graduate,Married,$40K - $60K,Blue,39,3,1844,81,0.753
712579983,Existing Customer,1981,F,2,Graduate,Single,Unknown,Blue,30,2,1438.3,59,0
716511483,Existing Customer,1975,M,2,Graduate,Married,Less than $40K,Blue,39,3,4752,54,0.295
708653958,Attrited Customer,1983,M,3,College,Married,$60K - $80K,Blue,36,2,6114,36,0.239
712161858,Attrited Customer,1966,F,5,Unknown,Single,Less than $40K,Blue,36,2,1438.3,54,0
716761308,Existing Customer,1984,F,4,Unknown,Single,Less than $40K,Blue,36,3,2286,83,0
710547783,Existing Customer,1964,F,2,Post-Graduate,Single,$40K - $60K,Blue,36,4,4784,82,0.341
772118583,Existing Customer,1978,F,1,Uneducated,Married,Less than $40K,Blue,32,2,2667,85,0.596
712154883,Existing Customer,1967,F,2,College,Married,Less than $40K,Blue,48,2,2473,72,0.706
793842558,Existing Customer,1982,F,3,Doctorate,Married,Less than $40K,Blue,33,4,2001,69,0.715
792695808,Existing Customer,1980,M,4,High School,Married,$120K +,Blue,35,4,18232,84,0.063
798047583,Existing Customer,1976,F,4,Uneducated,Married,Unknown,Blue,39,3,1438.3,71,0
719453283,Existing Customer,1976,F,2,Uneducated,Married,Less than $40K,Blue,36,4,2918,76,0.547
717637908,Existing Customer,1985,F,2,College,Unknown,Less than $40K,Blue,23,3,1924,96,0.505
708303108,Existing Customer,1971,F,2,Graduate,Married,Less than $40K,Blue,42,3,1770,94,0.964
788876208,Existing Customer,1979,F,2,Graduate,Single,Less than $40K,Blue,27,3,2265,71,0
772069683,Existing Customer,1962,M,0,High School,Married,$60K - $80K,Blue,48,1,3868,79,0.358
780143283,Attrited Customer,1978,F,3,Graduate,Married,$40K - $60K,Blue,32,3,2701,37,0.925
805453908,Existing Customer,1988,M,1,High School,Divorced,$40K - $60K,Blue,28,1,2507,79,0.635
780897858,Existing Customer,1983,F,2,High School,Single,Less than $40K,Blue,20,3,2420,76,0.279
719881533,Attrited Customer,1975,M,2,College,Married,$40K - $60K,Silver,34,3,16547,41,0
717346833,Existing Customer,1977,F,3,Graduate,Married,Less than $40K,Blue,33,2,1621,76,0
718555308,Existing Customer,1962,M,1,Unknown,Single,$40K - $60K,Blue,51,4,3808,88,0.187
771783333,Attrited Customer,1972,F,1,Uneducated,Divorced,$40K - $60K,Blue,37,2,2173,57,0
709208808,Existing Customer,1971,F,1,Uneducated,Married,Less than $40K,Blue,36,2,2178,71,0.795
818901708,Existing Customer,1980,F,4,College,Divorced,Unknown,Blue,36,1,1438.3,90,0
713247408,Existing Customer,1970,F,3,Uneducated,Unknown,Less than $40K,Blue,36,1,1750,68,0.465
715617333,Existing Customer,1985,F,2,Graduate,Married,Less than $40K,Blue,26,3,1438.3,88,0
714230808,Existing Customer,1985,F,4,College,Married,Less than $40K,Blue,36,4,2466,76,0.71
715866033,Existing Customer,1984,F,2,High School,Single,Less than $40K,Blue,36,2,2535,72,0.533
718065333,Existing Customer,1982,F,4,Graduate,Married,$40K - $60K,Blue,29,4,2385,81,0.826
710756133,Existing Customer,1981,F,3,Unknown,Married,Less than $40K,Blue,31,6,1811,73,0.453
713873658,Existing Customer,1976,M,4,High School,Single,$120K +,Blue,37,3,2701,76,0.735
771499233,Existing Customer,1975,F,4,High School,Married,Less than $40K,Blue,34,1,5387,76,0.21
711274458,Attrited Customer,1983,F,3,High School,Married,Less than $40K,Blue,27,3,1438.3,45,0
790108908,Existing Customer,1977,M,2,Post-Graduate,Married,$80K - $120K,Blue,37,1,34058,57,0
797389758,Existing Customer,1979,F,2,Graduate,Married,$40K - $60K,Silver,36,2,16290,79,0
827100333,Existing Customer,1972,F,3,High School,Married,Less than $40K,Blue,45,3,1438.3,93,0.505
711647808,Existing Customer,1966,F,3,Graduate,Single,Less than $40K,Blue,36,1,2069,82,0.497
714035283,Attrited Customer,1965,F,1,Post-Graduate,Married,Less than $40K,Blue,36,2,2802,46,0.805
720553158,Existing Customer,1982,F,1,Graduate,Single,Less than $40K,Blue,31,2,3390,82,0.655
717924933,Existing Customer,1973,F,2,Post-Graduate,Divorced,Unknown,Blue,37,4,3745,88,0.345
802856508,Existing Customer,1979,M,2,Graduate,Single,$80K - $120K,Blue,36,3,26690,76,0
708376983,Attrited Customer,1963,F,1,Unknown,Single,Unknown,Blue,50,2,8513,37,0.094
712673283,Existing Customer,1985,F,4,Unknown,Single,Less than $40K,Blue,26,2,1438.3,85,0
711862533,Attrited Customer,1966,F,1,Uneducated,Married,Less than $40K,Blue,36,3,2258,42,0.886
772407333,Attrited Customer,1980,F,3,Unknown,Married,Less than $40K,Blue,30,3,1654,30,0
778356408,Existing Customer,1970,F,3,College,Divorced,$40K - $60K,Blue,31,2,2768,78,0.48
716791908,Existing Customer,1978,M,1,College,Married,$80K - $120K,Blue,23,2,14566,77,0.072
757761033,Existing Customer,1986,F,3,Graduate,Single,$40K - $60K,Blue,28,6,3250,73,0.48
758186433,Existing Customer,1984,F,1,Uneducated,Single,Less than $40K,Blue,30,2,2353,84,0.465
786546783,Existing Customer,1962,F,0,College,Married,$40K - $60K,Blue,53,2,1438.3,79,0
789634983,Existing Customer,1962,M,1,Graduate,Married,$40K - $60K,Blue,53,1,4188,86,0.525
720654183,Attrited Customer,1976,M,4,Graduate,Married,$80K - $120K,Blue,35,3,23542,46,0.056
715880283,Existing Customer,1964,M,1,High School,Single,$120K +,Blue,47,4,9272,89,0.106
719990358,Existing Customer,1985,F,3,High School,Married,Less than $40K,Blue,28,1,1967,77,0
779348358,Attrited Customer,1969,F,1,Uneducated,Single,Less than $40K,Blue,37,3,1717,46,0
715130808,Existing Customer,1976,M,3,Graduate,Single,$60K - $80K,Silver,34,1,34516,80,0.048
713818158,Existing Customer,1971,M,1,Doctorate,Single,$80K - $120K,Blue,41,4,5068,64,0.196
709728183,Existing Customer,1975,F,3,College,Married,Less than $40K,Blue,39,2,1438.3,79,0
715797783,Existing Customer,1966,F,1,Uneducated,Divorced,$40K - $60K,Blue,47,2,2697,81,0.691
710879283,Existing Customer,1970,M,1,High School,Married,Less than $40K,Blue,41,4,1438.3,81,0
827051808,Attrited Customer,1977,F,0,College,Married,Less than $40K,Blue,40,4,7499,45,0.144
710484408,Attrited Customer,1982,M,4,Post-Graduate,Married,$120K +,Blue,29,3,8700,50,0.2
817108083,Attrited Customer,1966,M,3,Unknown,Single,$60K - $80K,Blue,35,3,14266,34,0.094
715995933,Existing Customer,1975,M,0,Graduate,Single,$120K +,Blue,36,2,2692,83,0.606
713567958,Existing Customer,1967,F,3,College,Single,Less than $40K,Blue,36,4,2957,82,0.476
779118708,Existing Customer,1971,F,2,Unknown,Single,Less than $40K,Blue,32,3,1438.3,78,0
721484283,Existing Customer,1970,F,3,High School,Married,Less than $40K,Blue,36,2,3007,84,0.837
708817608,Existing Customer,1980,F,3,High School,Married,Unknown,Blue,24,1,3427,74,0.414
789231858,Existing Customer,1962,M,1,Unknown,Married,$60K - $80K,Blue,48,3,1438.3,79,0.446
788661408,Existing Customer,1974,F,3,Uneducated,Married,Less than $40K,Blue,33,5,2990,79,0.298
813449508,Attrited Customer,1960,M,0,Graduate,Married,$60K - $80K,Blue,56,2,9918,40,0.086
789925833,Existing Customer,1971,F,2,High School,Married,Unknown,Blue,41,1,8159,64,0.279
709296558,Existing Customer,1968,M,2,Graduate,Single,$120K +,Blue,36,2,18551,90,0.077
780180033,Existing Customer,1990,F,0,Graduate,Married,Less than $40K,Blue,20,1,1438.3,86,0
713474733,Attrited Customer,1970,M,2,Graduate,Single,$80K - $120K,Blue,31,3,1438.3,40,0.227
771527508,Existing Customer,1961,M,2,Graduate,Single,$60K - $80K,Blue,48,4,10886,66,0.105
709614333,Existing Customer,1962,F,0,High School,Single,Unknown,Blue,36,3,10457,74,0.205
767005683,Existing Customer,1961,M,0,Unknown,Single,$40K - $60K,Blue,46,2,1781,66,0.871
718686558,Existing Customer,1971,M,2,Unknown,Married,$120K +,Blue,43,2,34516,65,0.033
715655283,Existing Customer,1979,F,3,Graduate,Married,Less than $40K,Blue,33,3,2363,65,0.633
819631158,Existing Customer,1967,F,4,Post-Graduate,Married,Less than $40K,Blue,49,3,2802,88,0.792
710866758,Existing Customer,1979,F,4,High School,Married,Less than $40K,Blue,31,1,1640,73,0.541
790119408,Attrited Customer,1973,F,3,Uneducated,Married,Less than $40K,Blue,41,3,4960,48,0
771332283,Existing Customer,1971,M,4,Graduate,Married,$80K - $120K,Blue,38,1,4601,80,0.547
771408483,Existing Customer,1973,M,5,Unknown,Unknown,$60K - $80K,Blue,36,1,4100,61,0.477
811912608,Existing Customer,1969,F,3,Graduate,Married,$40K - $60K,Blue,47,2,2741,87,0.598
708684108,Attrited Customer,1975,F,4,Graduate,Married,$40K - $60K,Blue,34,3,4152,30,0.348
768638208,Existing Customer,1971,F,2,Uneducated,Married,Less than $40K,Blue,44,1,3386,65,0.743
803115258,Attrited Customer,1959,M,0,College,Unknown,$40K - $60K,Blue,56,6,3477,40,0
708869283,Existing Customer,1971,M,4,High School,Married,$80K - $120K,Blue,41,3,23209,71,0.056
720892833,Existing Customer,1971,F,3,Graduate,Married,$40K - $60K,Blue,39,3,12610,67,0.089
709762008,Existing Customer,1973,F,4,High School,Married,Less than $40K,Blue,38,1,2090,78,0.379
708600033,Existing Customer,1975,M,2,Graduate,Married,$40K - $60K,Blue,39,3,1610,87,0
708736608,Attrited Customer,1981,M,3,Graduate,Married,$120K +,Blue,27,3,2269,39,0
713047608,Attrited Customer,1981,F,2,College,Unknown,Less than $40K,Blue,36,1,2387,41,0.843
711717258,Existing Customer,1967,F,3,Graduate,Single,$40K - $60K,Blue,39,4,4036,82,0.329
711886383,Attrited Customer,1967,F,5,High School,Married,Unknown,Blue,44,3,5342,46,0.113
713058858,Attrited Customer,1967,F,2,Graduate,Unknown,Less than $40K,Blue,46,3,1695,48,0.539
713993208,Existing Customer,1984,F,3,Doctorate,Married,Less than $40K,Blue,36,5,1438.3,82,0
717855933,Existing Customer,1983,F,2,High School,Married,$40K - $60K,Blue,27,2,1776,71,0.893
713436183,Existing Customer,1979,F,3,High School,Married,$40K - $60K,Blue,29,3,5640,80,0
778360608,Existing Customer,1979,F,1,College,Divorced,Less than $40K,Blue,22,3,2403,77,0.46
710914158,Existing Customer,1976,F,4,College,Married,Less than $40K,Blue,36,1,3349,55,0.752
714789033,Attrited Customer,1967,F,1,Graduate,Married,Less than $40K,Blue,50,3,3173,51,0.793
809811858,Attrited Customer,1978,M,5,High School,Unknown,$80K - $120K,Blue,38,3,1504,43,0
826709658,Attrited Customer,1976,F,3,Graduate,Divorced,$40K - $60K,Blue,41,3,1477,43,0
752648883,Existing Customer,1972,F,2,College,Single,Less than $40K,Blue,41,3,2018,69,0.677
715771608,Existing Customer,1980,M,3,Graduate,Married,$120K +,Silver,36,3,34516,76,0.042
719061933,Existing Customer,1977,F,4,Graduate,Married,Unknown,Blue,34,4,2105,67,0
792345258,Existing Customer,1975,F,2,Uneducated,Divorced,Unknown,Blue,40,2,20080,70,0
711765708,Existing Customer,1982,F,1,Graduate,Unknown,Less than $40K,Blue,36,4,6690,60,0.286
783393633,Existing Customer,1975,M,3,Graduate,Unknown,$80K - $120K,Blue,37,4,1530,78,0
779667408,Existing Customer,1963,M,1,Post-Graduate,Single,$80K - $120K,Blue,41,2,2915,73,0.513
805461783,Existing Customer,1974,F,3,Graduate,Divorced,Less than $40K,Blue,42,4,1438.3,87,0
719098308,Attrited Customer,1965,F,2,High School,Single,Less than $40K,Blue,42,4,2423,59,0.111
771433608,Existing Customer,1967,M,4,Uneducated,Single,$80K - $120K,Blue,42,2,11742,70,0
825811158,Existing Customer,1970,F,2,High School,Single,Less than $40K,Blue,47,2,3069,83,0.82
715252383,Existing Customer,1963,F,2,High School,Divorced,Unknown,Gold,36,4,34516,52,0.054
809092458,Existing Customer,1985,F,4,Uneducated,Married,$40K - $60K,Blue,31,2,2517,83,0.531
713706258,Existing Customer,1969,F,1,Unknown,Single,Less than $40K,Blue,43,2,1438.3,63,0.537
714693708,Existing Customer,1976,F,3,Graduate,Married,$40K - $60K,Blue,36,3,2216,77,0.899
721072908,Existing Customer,1970,M,0,Doctorate,Single,$60K - $80K,Blue,36,2,3232,69,0.416
716675358,Existing Customer,1967,F,1,College,Single,Less than $40K,Blue,41,2,3478,83,0.271
708128733,Existing Customer,1971,F,3,Post-Graduate,Single,Unknown,Blue,36,4,1814,99,0
711392508,Existing Customer,1984,F,2,Graduate,Married,Less than $40K,Blue,25,2,1438.3,75,0
771420708,Existing Customer,1979,F,4,Unknown,Single,Less than $40K,Blue,30,2,1446,68,0.429
721207908,Existing Customer,1974,F,5,High School,Single,Less than $40K,Blue,37,2,1493,95,0
715798608,Existing Customer,1976,F,4,Graduate,Married,$40K - $60K,Blue,34,4,4244,89,0.251
716758008,Existing Customer,1981,M,5,High School,Single,$40K - $60K,Blue,20,2,2984,83,0.63
714847983,Existing Customer,1973,M,3,Unknown,Single,$80K - $120K,Blue,36,4,2713,79,0.811
716975583,Existing Customer,1979,F,2,Unknown,Single,$40K - $60K,Blue,34,4,2471,62,0.671
804434058,Existing Customer,1974,M,1,College,Married,$60K - $80K,Silver,42,4,27437,79,0
714293358,Existing Customer,1967,F,4,College,Single,Less than $40K,Blue,46,2,4166,70,0.237
710989008,Existing Customer,1983,M,1,Graduate,Unknown,$40K - $60K,Blue,27,6,13100,78,0.11
757194408,Attrited Customer,1978,M,3,College,Married,$60K - $80K,Blue,36,3,1438.3,38,0
711459483,Existing Customer,1978,F,3,High School,Unknown,Less than $40K,Blue,36,2,2242,66,0
762020133,Attrited Customer,1984,F,3,High School,Married,Unknown,Blue,30,3,9874,47,0
719256483,Existing Customer,1980,F,4,High School,Single,$40K - $60K,Blue,30,3,4432,79,0.301
717211608,Existing Customer,1976,F,3,Unknown,Single,Less than $40K,Blue,34,4,4975,68,0.245
717125958,Existing Customer,1972,F,3,Unknown,Married,Less than $40K,Blue,38,5,2652,80,0.596
779261433,Existing Customer,1967,F,2,Graduate,Single,Less than $40K,Blue,36,1,2043,61,0.782
780720258,Attrited Customer,1976,M,4,High School,Divorced,Less than $40K,Blue,34,2,3489,39,0.721
715593783,Existing Customer,1969,M,1,Unknown,Married,$80K - $120K,Blue,36,2,14858,72,0.107
770858283,Existing Customer,1981,F,4,High School,Married,$40K - $60K,Blue,27,2,2822,93,0.773
718570158,Existing Customer,1967,F,4,College,Single,Less than $40K,Blue,44,3,2901,83,0.868
711039633,Existing Customer,1969,F,4,Post-Graduate,Married,Less than $40K,Blue,36,3,1594,65,0
714074808,Existing Customer,1963,F,0,High School,Married,Less than $40K,Blue,36,3,2241,75,0.745
710439483,Existing Customer,1970,F,2,Graduate,Single,Less than $40K,Blue,39,4,2581,79,0.667
717516333,Existing Customer,1981,M,2,Graduate,Married,$120K +,Blue,33,4,14713,82,0.062
788835408,Attrited Customer,1972,F,3,Unknown,Married,Less than $40K,Blue,33,3,2910,41,0
716414958,Existing Customer,1982,F,3,High School,Single,Unknown,Blue,36,3,2366,66,0.814
712327608,Attrited Customer,1967,F,0,Doctorate,Single,Less than $40K,Blue,36,3,2708,45,0
796326483,Existing Customer,1979,M,3,High School,Married,$80K - $120K,Blue,36,4,1681,82,0
714146208,Existing Customer,1981,F,4,Unknown,Single,Less than $40K,Blue,32,1,2594,71,0.832
779166783,Existing Customer,1980,F,4,Unknown,Single,$40K - $60K,Blue,31,1,2128,81,0.65
720818658,Existing Customer,1971,F,1,Uneducated,Married,Less than $40K,Blue,38,3,1438.3,86,0
712982808,Attrited Customer,1974,M,2,Doctorate,Divorced,$80K - $120K,Blue,32,3,1438.3,42,0
718657083,Existing Customer,1975,M,3,High School,Married,$60K - $80K,Blue,36,3,4696,62,0
715222533,Attrited Customer,1969,F,3,Graduate,Married,Less than $40K,Blue,36,3,2566,36,0.42
718187508,Existing Customer,1968,F,2,Unknown,Married,Unknown,Blue,36,4,2592,68,0.526
802455633,Existing Customer,1965,F,1,Unknown,Single,Less than $40K,Blue,50,4,1698,74,0
714493983,Existing Customer,1964,F,2,Graduate,Married,$40K - $60K,Blue,47,2,4682,83,0.216
780664758,Existing Customer,1965,F,2,Uneducated,Married,$40K - $60K,Blue,44,1,4439,95,0.341
718466883,Existing Customer,1987,F,1,Uneducated,Single,Less than $40K,Blue,25,1,2689,79,0.602
771338658,Existing Customer,1975,M,2,High School,Married,$80K - $120K,Blue,30,3,11670,89,0.078
709052883,Existing Customer,1974,F,4,High School,Single,$40K - $60K,Blue,36,1,1596,81,0
708373083,Attrited Customer,1981,F,4,Unknown,Married,$40K - $60K,Blue,30,3,3356,39,0.75
716157408,Existing Customer,1968,M,0,High School,Married,$60K - $80K,Blue,46,4,1590,73,0
713305233,Existing Customer,1966,M,2,Graduate,Single,$80K - $120K,Blue,46,5,4994,81,0
713000058,Existing Customer,1970,F,3,Graduate,Married,$40K - $60K,Silver,44,2,16406,75,0
714909858,Existing Customer,1969,F,2,Unknown,Married,Less than $40K,Blue,36,3,2451,90,0.707
804371733,Existing Customer,1981,M,2,Uneducated,Married,$80K - $120K,Blue,29,2,9109,84,0.148
772846383,Existing Customer,1976,F,1,Unknown,Single,Less than $40K,Blue,36,4,2632,89,0.562
712552608,Attrited Customer,1975,F,3,Graduate,Married,Less than $40K,Blue,34,3,1438.3,43,0
719887008,Existing Customer,1983,F,3,Graduate,Married,Less than $40K,Blue,36,4,1757,81,0.769
773342808,Existing Customer,1975,F,1,Unknown,Single,Less than $40K,Blue,40,4,2711,79,0.661
708375858,Existing Customer,1974,F,4,High School,Divorced,Less than $40K,Blue,36,4,2776,68,0.483
789417708,Existing Customer,1977,F,2,Uneducated,Married,$40K - $60K,Blue,35,2,1438.3,90,0.759
794675058,Attrited Customer,1985,M,3,Graduate,Married,$80K - $120K,Blue,21,3,5015,43,0.391
718034058,Existing Customer,1981,M,4,Graduate,Single,$60K - $80K,Blue,36,2,8529,68,0.106
778919583,Existing Customer,1972,F,0,Graduate,Married,Less than $40K,Blue,30,2,1604,68,0.693
713850783,Existing Customer,1965,F,1,College,Married,Unknown,Blue,36,2,4263,70,0
814785108,Existing Customer,1976,F,1,Graduate,Married,Less than $40K,Blue,40,3,2493,76,0.664
809616108,Attrited Customer,1983,F,2,High School,Single,Less than $40K,Blue,33,3,1568,59,0
809378133,Existing Customer,1978,F,3,Uneducated,Single,Less than $40K,Blue,38,1,1521,79,0
779658408,Existing Customer,1973,M,2,Graduate,Single,$40K - $60K,Blue,31,3,3261,65,0.531
717954333,Existing Customer,1982,F,2,Unknown,Single,Less than $40K,Blue,25,2,1781,77,0.525
737052258,Existing Customer,1959,F,1,Unknown,Single,Less than $40K,Blue,55,1,5284,63,0.476
708108333,Attrited Customer,1974,F,3,Graduate,Married,Unknown,Blue,36,3,5590,32,0
715047333,Existing Customer,1964,F,1,High School,Married,Unknown,Blue,36,2,1734,92,0.565
714390858,Existing Customer,1973,F,5,Unknown,Single,Unknown,Blue,36,2,7645,73,0.122
717107808,Existing Customer,1973,F,1,Uneducated,Unknown,$40K - $60K,Blue,39,4,1438.3,76,0.847
713564208,Existing Customer,1987,F,1,Graduate,Unknown,Less than $40K,Blue,23,1,2207,64,0.692
720357483,Existing Customer,1975,F,1,College,Married,Less than $40K,Blue,23,2,1723,82,0.586
803339583,Existing Customer,1972,F,2,Post-Graduate,Married,Less than $40K,Blue,44,4,1644,82,0
708972783,Attrited Customer,1973,F,4,College,Married,Less than $40K,Blue,37,2,1745,44,0
710157108,Existing Customer,1979,F,3,Graduate,Single,$40K - $60K,Blue,33,2,3376,75,0.492
721483158,Existing Customer,1974,M,3,Graduate,Married,$60K - $80K,Blue,29,3,7298,72,0
767553333,Attrited Customer,1976,M,3,Graduate,Single,$80K - $120K,Blue,39,3,8383,44,0
710436108,Existing Customer,1980,M,4,High School,Unknown,$40K - $60K,Blue,29,4,3600,61,0.207
779870883,Existing Customer,1976,F,4,High School,Single,$40K - $60K,Blue,29,2,4595,68,0.388
817188408,Existing Customer,1964,M,0,Uneducated,Divorced,$80K - $120K,Blue,39,4,2795,67,0.655
719723658,Existing Customer,1972,F,2,Uneducated,Single,Less than $40K,Blue,39,1,1768,90,0
806189658,Existing Customer,1971,F,2,Uneducated,Single,Less than $40K,Blue,45,2,1780,73,0.502
789070233,Existing Customer,1970,F,3,Graduate,Divorced,Less than $40K,Blue,39,4,2987,72,0.591
712013808,Existing Customer,1977,F,4,Uneducated,Single,Unknown,Blue,24,3,2717,71,0.633
708602283,Existing Customer,1981,F,4,Uneducated,Married,Unknown,Blue,36,3,2887,82,0
809452383,Existing Customer,1984,F,2,Graduate,Married,Less than $40K,Blue,32,1,1438.3,89,0
714413283,Existing Customer,1975,M,3,Unknown,Married,$80K - $120K,Blue,40,1,10879,69,0.079
712407783,Existing Customer,1982,F,1,Graduate,Single,Less than $40K,Blue,28,3,1809,83,0.653
720062508,Attrited Customer,1983,F,2,Unknown,Married,$40K - $60K,Blue,28,2,1628,41,0
717878883,Existing Customer,1976,F,3,Unknown,Single,Less than $40K,Blue,36,4,1438.3,71,0
714013983,Attrited Customer,1984,F,4,Post-Graduate,Married,Less than $40K,Blue,36,3,1586,41,0
753208833,Existing Customer,1978,F,5,Uneducated,Married,$40K - $60K,Blue,36,3,2311,71,0.571
721241583,Existing Customer,1973,F,3,Graduate,Married,Less than $40K,Blue,43,3,2109,60,0.571
713695158,Existing Customer,1970,F,4,Uneducated,Divorced,Less than $40K,Blue,40,4,1562,78,0.677
711540108,Attrited Customer,1977,F,4,Doctorate,Unknown,Unknown,Blue,33,3,1438.3,48,0
823878408,Existing Customer,1982,M,4,Graduate,Married,$80K - $120K,Blue,35,2,2981,76,0.254
779533983,Existing Customer,1974,M,2,College,Divorced,$80K - $120K,Blue,31,1,5295,90,0.137
713583408,Attrited Customer,1970,F,4,Graduate,Single,$40K - $60K,Blue,37,3,4708,50,0.195
714037308,Existing Customer,1967,M,2,High School,Married,$60K - $80K,Blue,50,1,2210,86,0.453
715581633,Existing Customer,1968,F,3,Unknown,Married,$40K - $60K,Blue,45,3,1972,73,0
795684783,Existing Customer,1973,M,4,High School,Single,$60K - $80K,Blue,42,4,2384,59,0.669
718645308,Existing Customer,1986,M,4,College,Married,Less than $40K,Blue,36,3,2311,89,0.529
717870108,Existing Customer,1975,F,4,Unknown,Unknown,$40K - $60K,Blue,37,4,1912,81,0.613
815515158,Existing Customer,1972,F,2,Unknown,Single,$40K - $60K,Blue,44,1,2147,69,0.653
713957283,Attrited Customer,1979,F,4,Uneducated,Married,Less than $40K,Blue,23,2,3214,44,0
715058433,Existing Customer,1978,F,4,Uneducated,Married,Less than $40K,Blue,36,3,3006,87,0.292
794771208,Existing Customer,1969,M,3,Unknown,Single,$80K - $120K,Blue,46,1,2735,66,0.71
720180633,Existing Customer,1971,M,2,College,Married,$120K +,Blue,36,2,3390,73,0.704
815539233,Attrited Customer,1967,M,4,High School,Single,$80K - $120K,Silver,49,3,34516,22,0.006
778933983,Existing Customer,1966,F,0,Uneducated,Unknown,Unknown,Blue,39,3,11249,55,0.179
717960033,Existing Customer,1969,F,1,Graduate,Single,Less than $40K,Blue,44,3,2484,86,0.602
825368658,Existing Customer,1981,F,4,High School,Single,Less than $40K,Blue,36,5,2932,82,0.568
721154208,Existing Customer,1961,F,1,Unknown,Married,Less than $40K,Blue,36,4,2882,103,0.722
718572408,Existing Customer,1976,F,5,Post-Graduate,Unknown,Less than $40K,Blue,36,2,2658,92,0.261
749571633,Existing Customer,1977,F,2,College,Unknown,Unknown,Blue,37,3,5589,75,0.239
713914683,Existing Customer,1977,F,1,Graduate,Single,$40K - $60K,Blue,36,4,1484,74,0.596
713301633,Existing Customer,1964,F,3,Doctorate,Single,Unknown,Blue,36,1,1678,87,0.692
711399408,Attrited Customer,1987,F,2,Graduate,Divorced,Unknown,Blue,25,3,12373,40,0
711494208,Existing Customer,1969,M,2,Unknown,Married,Less than $40K,Blue,36,3,2846,86,0.564
711716133,Attrited Customer,1979,F,3,High School,Married,$40K - $60K,Blue,34,3,1585,40,0.871
713906508,Existing Customer,1979,F,3,Unknown,Single,Less than $40K,Blue,36,3,2837,69,0.294
708768258,Existing Customer,1970,F,4,Doctorate,Married,Less than $40K,Blue,43,1,2066,91,0.521
719538183,Existing Customer,1974,M,1,High School,Married,$60K - $80K,Blue,36,4,20789,67,0
718957083,Existing Customer,1973,F,1,Graduate,Single,Less than $40K,Blue,35,2,1449,88,0
720872433,Attrited Customer,1982,F,1,Uneducated,Single,$40K - $60K,Blue,28,3,3911,42,0
779403558,Existing Customer,1965,F,0,Unknown,Married,Less than $40K,Blue,45,1,1737,73,0
788994783,Existing Customer,1973,F,3,Graduate,Single,Less than $40K,Blue,35,4,1815,76,0.307
715530258,Attrited Customer,1975,F,2,Post-Graduate,Single,Unknown,Blue,37,3,4848,53,0.519
803380383,Existing Customer,1975,F,5,Graduate,Divorced,Less than $40K,Blue,40,3,1592,90,0.581
716766033,Existing Customer,1981,F,4,Unknown,Single,Less than $40K,Blue,31,2,1768,65,0.702
757300008,Existing Customer,1977,F,2,Graduate,Single,Unknown,Blue,37,3,8128,80,0.288
810986883,Existing Customer,1976,F,0,High School,Single,Unknown,Blue,40,4,2557,83,0.742
819200133,Existing Customer,1977,M,3,Graduate,Unknown,$60K - $80K,Blue,39,4,2991,62,0.215
710410158,Attrited Customer,1972,M,2,Graduate,Unknown,$80K - $120K,Blue,38,4,34516,35,0
714488433,Existing Customer,1976,M,2,Unknown,Married,$80K - $120K,Blue,36,2,19099,77,0.132
714267858,Existing Customer,1977,F,2,High School,Single,Unknown,Blue,37,2,4559,76,0.369
827062158,Existing Customer,1963,M,2,High School,Single,$80K - $120K,Blue,54,3,22981,66,0.074
710669733,Existing Customer,1983,F,1,Graduate,Single,$40K - $60K,Blue,36,2,2358,80,0.833
716498883,Existing Customer,1973,M,4,Graduate,Single,$80K - $120K,Blue,36,4,22067,64,0.031
780529908,Existing Customer,1978,F,3,College,Single,Less than $40K,Blue,30,3,2023,79,0.658
714028083,Existing Customer,1985,F,1,Unknown,Single,Unknown,Blue,31,1,2222,65,0
714572208,Existing Customer,1962,M,2,Graduate,Single,$60K - $80K,Blue,36,3,1438.3,65,0.548
708976908,Attrited Customer,1981,M,3,Post-Graduate,Single,$80K - $120K,Blue,36,4,8958,43,0
721409358,Existing Customer,1985,F,1,Uneducated,Single,Less than $40K,Blue,21,2,1937,73,0.378
809311758,Existing Customer,1981,M,3,Unknown,Single,$60K - $80K,Silver,35,3,25219,87,0.06
712602708,Attrited Customer,1985,M,3,Unknown,Unknown,$80K - $120K,Blue,36,1,1815,34,0
789087858,Existing Customer,1961,F,0,Graduate,Married,$40K - $60K,Blue,48,2,3361,69,0.736
711264033,Existing Customer,1974,M,3,Doctorate,Divorced,$40K - $60K,Blue,36,2,4786,74,0.317
770180808,Existing Customer,1984,F,4,Graduate,Single,Unknown,Blue,31,3,1438.3,91,0
789271533,Existing Customer,1970,F,1,Doctorate,Single,Less than $40K,Blue,40,3,1438.3,74,0.631
720152058,Existing Customer,1979,F,1,Doctorate,Single,Less than $40K,Blue,35,1,2725,85,0.897
826490133,Existing Customer,1979,F,4,Uneducated,Divorced,Unknown,Blue,38,3,10039,76,0.159
717966933,Existing Customer,1976,F,5,Uneducated,Married,Unknown,Blue,37,1,2467,81,0.586
808669083,Existing Customer,1969,F,1,Graduate,Married,Less than $40K,Blue,47,1,1438.3,68,0
771422883,Attrited Customer,1964,F,3,Graduate,Married,Less than $40K,Blue,45,4,1759,35,0.106
717570258,Existing Customer,1975,M,5,Graduate,Married,Less than $40K,Blue,35,2,2206,67,0.781
708703308,Attrited Customer,1986,F,1,Unknown,Married,$40K - $60K,Blue,26,4,2045,39,0.835
789508758,Existing Customer,1967,F,2,Unknown,Single,Less than $40K,Blue,46,2,4170,67,0.154
780653208,Existing Customer,1974,F,3,College,Married,Less than $40K,Blue,36,4,3300,55,0.763
709077933,Existing Customer,1995,F,0,High School,Married,Less than $40K,Blue,18,3,5422,62,0.126
715200783,Existing Customer,1965,F,2,Graduate,Married,Unknown,Blue,36,2,2015,76,0.4
710526633,Existing Customer,1974,M,2,Unknown,Single,$60K - $80K,Blue,34,3,2048,88,0.781
714186108,Existing Customer,1984,F,2,Unknown,Single,Less than $40K,Blue,19,5,2152,71,0.782
820047858,Attrited Customer,1977,F,4,Graduate,Unknown,Less than $40K,Blue,39,4,3017,50,0.619
708894183,Existing Customer,1968,M,3,College,Single,$120K +,Silver,44,4,34516,86,0.031
708186933,Attrited Customer,1988,M,1,Graduate,Single,$60K - $80K,Blue,36,3,1819,45,0.399
778937583,Existing Customer,1975,F,3,Uneducated,Married,Less than $40K,Blue,29,1,2228,83,0.65
708498033,Attrited Customer,1977,F,3,Unknown,Married,Less than $40K,Blue,36,4,2279,52,0.806
815315058,Attrited Customer,1973,F,4,High School,Married,$40K - $60K,Blue,43,2,1438.3,45,0
751607058,Existing Customer,1976,M,2,Doctorate,Married,$120K +,Blue,38,3,1686,77,0
718194858,Existing Customer,1973,F,5,Graduate,Single,Unknown,Blue,35,2,1942,88,0.766
827123883,Existing Customer,1968,M,4,High School,Single,$60K - $80K,Blue,49,1,3858,92,0
711473058,Existing Customer,1977,M,4,Graduate,Divorced,$60K - $80K,Blue,32,3,11651,64,0.117
715197633,Existing Customer,1978,M,3,Uneducated,Unknown,$40K - $60K,Blue,38,4,9449,93,0.203
713512308,Attrited Customer,1971,F,0,Graduate,Single,Less than $40K,Blue,41,3,3423,45,0
790023408,Existing Customer,1974,F,3,Unknown,Single,Less than $40K,Blue,39,2,2915,83,0.831
720403008,Existing Customer,1971,F,3,Uneducated,Married,Unknown,Blue,38,4,11486,79,0
709581483,Attrited Customer,1981,F,4,Doctorate,Married,Less than $40K,Blue,21,2,2984,53,0.843
711201108,Attrited Customer,1984,F,3,High School,Single,Less than $40K,Blue,29,3,1653,35,0
708784083,Existing Customer,1974,F,3,Uneducated,Single,Less than $40K,Blue,36,2,2723,83,0.583
712838358,Existing Customer,1981,F,4,Uneducated,Married,Less than $40K,Blue,31,2,1438.3,84,0
714887808,Attrited Customer,1978,F,1,Uneducated,Single,Less than $40K,Blue,36,3,1818,50,0
716581983,Existing Customer,1965,F,0,College,Married,$40K - $60K,Blue,36,2,4384,91,0.212
716930133,Existing Customer,1978,F,3,High School,Unknown,Less than $40K,Blue,36,3,1824,86,0
808981608,Existing Customer,1971,F,2,Uneducated,Married,Less than $40K,Blue,45,1,5452,66,0.099
709714008,Attrited Customer,1971,F,1,Unknown,Single,Unknown,Blue,39,3,9248,45,0
811942983,Existing Customer,1966,M,2,High School,Married,$120K +,Blue,50,2,17627,74,0.1
715565058,Existing Customer,1994,F,1,Uneducated,Unknown,Less than $40K,Blue,16,1,1438.3,70,0
714519408,Attrited Customer,1977,F,3,College,Married,Less than $40K,Blue,36,3,5357,48,0.399
719153433,Existing Customer,1972,F,4,Uneducated,Married,Unknown,Blue,38,2,2542,79,0.334
809127858,Existing Customer,1970,F,1,Post-Graduate,Single,$40K - $60K,Blue,46,1,2275,72,0.536
712740108,Attrited Customer,1978,F,4,Uneducated,Divorced,Less than $40K,Blue,33,3,1706,45,0
720251358,Attrited Customer,1967,F,2,High School,Divorced,Less than $40K,Blue,36,3,3591,43,0.701
713935533,Existing Customer,1977,M,3,Graduate,Single,$40K - $60K,Silver,29,1,19360,78,0.045
710243208,Existing Customer,1965,F,4,Unknown,Married,Less than $40K,Blue,44,3,1707,80,0
708870408,Existing Customer,1968,M,4,Unknown,Single,Less than $40K,Blue,43,3,3844,56,0.541
795844983,Existing Customer,1976,F,3,High School,Married,$40K - $60K,Blue,39,4,2851,64,0
828294933,Attrited Customer,1972,F,3,High School,Married,Less than $40K,Blue,45,2,2951,36,0.826
713531808,Existing Customer,1983,F,1,Doctorate,Married,Less than $40K,Blue,28,1,1438.3,74,0
712307283,Attrited Customer,1967,M,1,College,Single,$120K +,Blue,37,2,9090,43,0.277
715778358,Existing Customer,1976,M,5,Graduate,Married,$120K +,Blue,26,3,34516,59,0.023
778910883,Attrited Customer,1968,M,2,Unknown,Married,$80K - $120K,Blue,34,3,1837,43,0.476
710637183,Existing Customer,1973,F,4,Graduate,Single,Unknown,Blue,40,3,2300,71,0.829
712781883,Existing Customer,1985,F,1,Uneducated,Married,Less than $40K,Blue,36,1,2611,83,0.206
709664658,Existing Customer,1981,M,4,Unknown,Unknown,$80K - $120K,Blue,27,3,22863,69,0.041
717574683,Existing Customer,1968,F,3,Unknown,Married,$40K - $60K,Blue,46,3,2192,85,0.523
771497283,Existing Customer,1981,F,2,High School,Divorced,Less than $40K,Blue,28,6,2917,79,0.449
714991608,Existing Customer,1980,F,3,High School,Single,$40K - $60K,Blue,31,3,1438.3,68,0.635
779848383,Attrited Customer,1984,F,3,Graduate,Single,Less than $40K,Blue,21,2,1784,47,0.323
715495308,Existing Customer,1978,F,4,Graduate,Single,Less than $40K,Blue,36,4,8919,73,0.25
712431183,Existing Customer,1969,F,2,Uneducated,Single,Less than $40K,Blue,37,3,2164,80,0
714895608,Existing Customer,1973,F,2,Unknown,Single,Unknown,Blue,38,4,2792,62,0.492
718324983,Existing Customer,1961,F,0,College,Married,Less than $40K,Blue,49,3,1634,83,0.707
713541033,Existing Customer,1982,F,1,College,Single,Less than $40K,Blue,32,2,2144,85,0.726
771989733,Existing Customer,1984,M,2,Unknown,Single,$40K - $60K,Blue,26,1,3664,65,0.395
789698733,Existing Customer,1981,F,4,Uneducated,Married,Less than $40K,Blue,27,3,4788,78,0.227
787514433,Existing Customer,1987,F,3,College,Married,Less than $40K,Blue,23,3,2164,71,0.543
811081083,Existing Customer,1973,F,3,Uneducated,Single,Less than $40K,Blue,43,4,1532,78,0.772
717371583,Attrited Customer,1965,F,2,Uneducated,Single,Less than $40K,Blue,36,3,1883,45,0.212
715579233,Existing Customer,1977,F,3,Doctorate,Single,$40K - $60K,Blue,40,1,3659,74,0.371
781930233,Existing Customer,1974,F,2,High School,Married,Less than $40K,Blue,37,1,2946,70,0.794
716825808,Existing Customer,1976,F,3,Uneducated,Divorced,Less than $40K,Blue,36,1,2697,75,0.822
757053408,Existing Customer,1974,F,1,Graduate,Single,Unknown,Blue,40,1,3811,76,0.517
788418933,Existing Customer,1986,F,2,Graduate,Married,$40K - $60K,Blue,27,2,1613,85,0.673
788898933,Existing Customer,1979,F,4,College,Married,Less than $40K,Blue,27,2,2043,77,0
712163433,Attrited Customer,1974,M,3,Uneducated,Married,$40K - $60K,Blue,29,2,1684,36,0.382
717343833,Existing Customer,1974,F,5,Uneducated,Unknown,Unknown,Blue,34,1,3127,86,0.67
820868508,Existing Customer,1974,M,2,College,Married,$40K - $60K,Blue,43,4,7106,75,0.104
789240258,Existing Customer,1971,F,2,Uneducated,Single,$40K - $60K,Blue,35,3,2784,81,0.883
716951658,Existing Customer,1970,F,3,High School,Single,$40K - $60K,Blue,38,3,5536,82,0
718932633,Existing Customer,1976,F,3,College,Married,Less than $40K,Blue,35,2,1717,64,0.673
711487533,Attrited Customer,1974,F,3,Unknown,Married,Less than $40K,Blue,38,3,1438.3,38,0
715306983,Attrited Customer,1979,M,5,High School,Married,$60K - $80K,Blue,36,2,1866,42,0
712771233,Existing Customer,1969,M,3,Unknown,Single,$80K - $120K,Blue,36,4,2516,80,0.504
789637308,Attrited Customer,1976,F,2,College,Divorced,$40K - $60K,Blue,39,3,3076,50,0
717247383,Existing Customer,1973,M,4,Graduate,Single,$40K - $60K,Blue,36,2,7514,69,0
714842208,Existing Customer,1969,F,2,Graduate,Married,$40K - $60K,Blue,36,4,2804,69,0.636
794172033,Attrited Customer,1963,F,1,Post-Graduate,Divorced,Less than $40K,Blue,52,1,1817,45,0
713592408,Existing Customer,1978,F,3,High School,Married,Less than $40K,Blue,28,3,2590,66,0
709314408,Existing Customer,1982,F,2,College,Single,$40K - $60K,Blue,29,3,4938,82,0.323
715957233,Existing Customer,1968,M,3,College,Single,$60K - $80K,Blue,36,1,19940,75,0.101
719414658,Existing Customer,1969,F,0,Graduate,Single,Unknown,Blue,36,4,12366,76,0
719632683,Existing Customer,1981,M,3,Graduate,Single,$40K - $60K,Blue,30,3,2583,83,0.865
708136908,Existing Customer,1959,F,0,Graduate,Single,Less than $40K,Blue,53,2,2616,68,0.306
721393083,Existing Customer,1969,F,3,Unknown,Single,$40K - $60K,Blue,45,3,6053,64,0.095
714520233,Attrited Customer,1962,F,0,Graduate,Married,Less than $40K,Blue,36,3,1708,38,0
709455108,Existing Customer,1972,F,4,Unknown,Married,Less than $40K,Blue,33,2,2393,79,0.697
767058183,Existing Customer,1968,F,1,Graduate,Divorced,Less than $40K,Blue,46,4,3424,61,0.389
770800683,Existing Customer,1973,F,3,Post-Graduate,Married,Less than $40K,Blue,35,3,2640,72,0.808
779651058,Existing Customer,1962,F,0,Unknown,Single,$40K - $60K,Blue,42,2,1931,65,0.73
710443833,Existing Customer,1971,M,2,Unknown,Single,$120K +,Blue,38,4,2123,78,0.469
717725433,Attrited Customer,1967,F,2,Graduate,Married,$40K - $60K,Blue,44,4,1606,37,0
720600858,Existing Customer,1980,M,4,Graduate,Married,$60K - $80K,Blue,26,2,5633,75,0.248
717797658,Existing Customer,1964,F,2,Graduate,Married,Less than $40K,Blue,45,2,1438.3,87,0.514
779458383,Existing Customer,1971,F,3,High School,Married,Less than $40K,Blue,32,2,2590,73,0.806
788767983,Existing Customer,1978,M,5,Unknown,Single,$60K - $80K,Blue,24,1,4556,82,0
711994458,Existing Customer,1974,F,4,High School,Married,Unknown,Blue,39,4,1537,75,0
713948808,Existing Customer,1966,M,3,High School,Single,$60K - $80K,Blue,47,2,1602,97,0.6
710456658,Existing Customer,1971,F,4,Graduate,Married,Less than $40K,Blue,31,2,2080,82,0.865
771531708,Existing Customer,1975,F,2,Unknown,Single,Unknown,Blue,34,3,7565,87,0.117
713546883,Existing Customer,1974,M,2,Graduate,Divorced,$60K - $80K,Blue,29,2,4786,76,0.324
711447783,Existing Customer,1968,F,2,Graduate,Single,Less than $40K,Blue,38,2,2375,76,0.57
713746608,Existing Customer,1973,F,2,High School,Married,Unknown,Blue,37,2,8446,67,0.108
718020408,Existing Customer,1961,F,1,Graduate,Married,Less than $40K,Blue,36,4,1977,72,0.276
719475633,Existing Customer,1979,M,3,Post-Graduate,Married,$80K - $120K,Blue,30,2,13908,81,0
719654283,Existing Customer,1969,F,2,Graduate,Married,$40K - $60K,Silver,42,3,19220,81,0
720114633,Existing Customer,1977,F,5,High School,Single,Less than $40K,Blue,30,3,2709,89,0.637
816315558,Existing Customer,1983,M,1,High School,Single,$60K - $80K,Blue,33,4,1503,77,0.585
712567083,Existing Customer,1970,M,1,High School,Married,$80K - $120K,Blue,36,2,9186,88,0
711302883,Existing Customer,1971,F,0,Graduate,Single,Less than $40K,Blue,46,2,2165,72,0.643
719775408,Existing Customer,1980,F,4,High School,Single,Unknown,Blue,36,2,1438.3,85,0
712070208,Existing Customer,1960,F,1,College,Single,Unknown,Blue,50,4,6673,82,0.368
718641483,Existing Customer,1968,F,3,Graduate,Married,Less than $40K,Blue,42,1,2404,72,0.461
710690733,Attrited Customer,1974,F,3,Graduate,Married,Less than $40K,Blue,35,3,1666,38,0
718441308,Existing Customer,1980,M,2,Graduate,Single,$60K - $80K,Blue,31,1,8228,68,0.235
772243833,Existing Customer,1967,F,0,Doctorate,Single,Less than $40K,Blue,43,1,3186,75,0.304
711992133,Existing Customer,1968,F,1,Uneducated,Married,Less than $40K,Blue,41,2,2596,72,0.334
779084208,Attrited Customer,1978,F,3,High School,Divorced,Less than $40K,Blue,24,2,1662,31,0.369
715304958,Attrited Customer,1979,F,3,Graduate,Single,Less than $40K,Blue,27,2,2053,50,0
713179083,Existing Customer,1989,F,2,Uneducated,Single,Unknown,Blue,25,2,3193,75,0.48
709836258,Existing Customer,1976,F,4,Graduate,Married,Less than $40K,Blue,41,1,1927,81,0.694
715950483,Attrited Customer,1982,F,1,Uneducated,Married,$40K - $60K,Blue,27,3,2821,35,0.257
798281808,Existing Customer,1973,M,4,High School,Married,$60K - $80K,Blue,42,4,3879,79,0.313
720414558,Existing Customer,1965,F,2,Unknown,Married,Less than $40K,Blue,36,2,1971,84,0.468
713509908,Existing Customer,1973,F,2,Graduate,Married,Unknown,Blue,35,1,1755,90,0.603
711919608,Attrited Customer,1979,F,3,Graduate,Married,Less than $40K,Blue,36,3,2031,32,0.847
709993158,Existing Customer,1975,F,2,Graduate,Married,Less than $40K,Blue,31,2,2330,71,0.68
767815233,Existing Customer,1975,F,3,College,Married,Less than $40K,Blue,40,4,1438.3,88,0
717624708,Attrited Customer,1962,M,2,High School,Divorced,Less than $40K,Blue,51,5,1438.3,49,0
720015183,Existing Customer,1961,M,1,Graduate,Married,$120K +,Blue,46,3,5130,88,0.399
778236858,Existing Customer,1967,F,2,Graduate,Married,Unknown,Blue,42,1,11794,87,0.086
789095958,Attrited Customer,1971,M,1,Unknown,Single,$60K - $80K,Blue,38,3,7603,42,0.098
713736333,Attrited Customer,1980,F,3,Uneducated,Married,$40K - $60K,Blue,36,3,3606,41,0
717836733,Existing Customer,1972,F,1,Graduate,Married,Less than $40K,Blue,36,2,5153,81,0.267
712619808,Existing Customer,1974,F,3,College,Single,Less than $40K,Blue,36,2,2500,87,0.468
712221408,Existing Customer,1979,M,4,Graduate,Single,$40K - $60K,Blue,33,3,2654,82,0.561
714213708,Attrited Customer,1986,F,3,College,Single,Less than $40K,Blue,25,3,3611,45,0.697
720289533,Existing Customer,1974,F,4,Unknown,Married,Unknown,Blue,42,2,1882,85,0.607
709469658,Existing Customer,1974,M,3,Unknown,Single,$80K - $120K,Blue,36,1,7421,75,0
772323033,Existing Customer,1977,F,4,Graduate,Single,Less than $40K,Blue,33,2,4606,78,0.338
742572558,Existing Customer,1989,F,0,High School,Divorced,Unknown,Blue,25,3,12268,82,0.095
718848183,Existing Customer,1971,M,2,Post-Graduate,Married,$80K - $120K,Blue,42,1,9873,82,0.129
719034183,Existing Customer,1975,F,3,Graduate,Single,Less than $40K,Blue,38,1,1555,86,0.878
720142308,Attrited Customer,1969,F,2,Graduate,Married,Less than $40K,Blue,36,3,2160,56,0
771872733,Existing Customer,1983,M,0,Unknown,Married,$60K - $80K,Blue,26,2,3809,69,0.399
718816158,Existing Customer,1977,F,3,High School,Single,Less than $40K,Blue,33,3,5362,87,0.37
720003558,Existing Customer,1978,F,1,Graduate,Unknown,Less than $40K,Blue,32,4,1834,79,0.772
818993508,Existing Customer,1969,F,3,Graduate,Married,Less than $40K,Blue,47,4,2577,75,0.341
715672458,Existing Customer,1974,M,5,Graduate,Single,$60K - $80K,Blue,36,3,2721,71,0.465
789820308,Existing Customer,1971,F,3,Graduate,Married,Less than $40K,Blue,40,2,2925,47,0.706
819688458,Attrited Customer,1977,F,5,Graduate,Unknown,Less than $40K,Blue,39,3,1545,39,0
710785383,Attrited Customer,1972,F,2,Graduate,Married,Less than $40K,Blue,39,3,2212,55,0
712837233,Existing Customer,1975,M,2,High School,Single,$120K +,Blue,36,1,13001,55,0.114
713597658,Attrited Customer,1985,F,3,Uneducated,Single,Less than $40K,Blue,22,3,2784,57,0.854
713953383,Attrited Customer,1971,M,1,Post-Graduate,Single,$60K - $80K,Blue,36,3,2317,41,0
716891583,Existing Customer,1980,F,3,High School,Unknown,Less than $40K,Blue,36,2,1867,60,0.52
716510658,Attrited Customer,1971,F,0,Doctorate,Single,Less than $40K,Blue,38,3,2595,41,0.907
708125733,Existing Customer,1975,F,2,College,Divorced,Less than $40K,Blue,36,3,1438.3,77,0
716484333,Existing Customer,1975,F,2,Graduate,Married,Less than $40K,Blue,40,1,1696,84,0.694
708519108,Attrited Customer,1975,F,1,Graduate,Married,Unknown,Blue,24,3,2694,57,0.585
719740008,Attrited Customer,1970,F,4,High School,Married,Less than $40K,Blue,41,3,2791,49,0.337
717087858,Existing Customer,1970,F,1,Graduate,Single,$40K - $60K,Blue,36,3,2146,74,0.451
711605208,Attrited Customer,1960,M,0,Uneducated,Married,$80K - $120K,Blue,43,3,1438.3,47,0
714882258,Existing Customer,1983,F,2,College,Married,Unknown,Blue,36,1,1438.3,67,0.508
792300858,Existing Customer,1977,F,3,Graduate,Divorced,$40K - $60K,Blue,38,2,4269,75,0.434
766550808,Existing Customer,1976,F,3,Graduate,Married,$40K - $60K,Blue,38,6,4195,72,0.582
718941183,Existing Customer,1973,F,1,College,Married,Less than $40K,Blue,38,2,1832,87,0.408
708516558,Existing Customer,1984,F,2,High School,Married,Less than $40K,Blue,36,2,2588,83,0.689
709350783,Existing Customer,1958,F,0,Unknown,Single,Less than $40K,Blue,36,1,4847,76,0.383
771230508,Existing Customer,1975,F,4,College,Married,$40K - $60K,Blue,33,1,2423,80,0.177
710978058,Existing Customer,1971,F,0,Uneducated,Single,$40K - $60K,Blue,41,2,7507,71,0.226
713405133,Existing Customer,1970,M,2,College,Married,$120K +,Blue,43,2,5232,93,0.368
710723958,Existing Customer,1978,F,3,Uneducated,Single,Unknown,Blue,32,1,1438.3,86,0.341
823840458,Existing Customer,1974,F,1,High School,Married,Unknown,Blue,43,2,1828,82,0.83
791754258,Existing Customer,1972,F,5,Graduate,Married,Unknown,Blue,43,3,2557,73,0.919
789472833,Existing Customer,1979,F,2,College,Divorced,Less than $40K,Blue,33,3,2283,64,0.74
711099408,Existing Customer,1986,F,4,High School,Single,Less than $40K,Blue,25,2,2684,76,0.618
745853283,Existing Customer,1983,F,1,Graduate,Married,Unknown,Blue,31,1,7234,75,0
717790233,Existing Customer,1984,F,2,College,Single,$40K - $60K,Blue,26,2,1438.3,80,0.517
818791833,Existing Customer,1979,F,3,Graduate,Married,Less than $40K,Blue,37,2,2730,76,0.477
714981483,Existing Customer,1971,F,3,High School,Married,Unknown,Blue,38,2,2808,81,0.613
719373558,Existing Customer,1979,F,3,Unknown,Single,Less than $40K,Blue,36,1,6275,75,0
823609383,Existing Customer,1978,F,4,College,Unknown,$40K - $60K,Blue,39,1,1438.3,83,0
714408933,Attrited Customer,1977,M,4,Graduate,Single,$80K - $120K,Blue,36,2,10834,51,0
713661933,Existing Customer,1977,F,1,College,Married,Less than $40K,Blue,33,1,1522,70,0
716218908,Existing Customer,1973,F,4,Doctorate,Single,Unknown,Blue,39,1,2845,43,0.323
818710233,Existing Customer,1980,F,2,Graduate,Married,$40K - $60K,Blue,36,2,2329,70,0.546
719463708,Existing Customer,1974,F,1,Uneducated,Single,$40K - $60K,Blue,34,1,2099,80,0.555
817958733,Existing Customer,1979,F,2,Uneducated,Married,Unknown,Blue,37,1,5099,73,0.188
708397008,Existing Customer,1967,F,4,Graduate,Married,Unknown,Blue,43,2,3805,67,0.216
720547533,Existing Customer,1974,F,2,High School,Married,Unknown,Blue,32,2,11438,90,0
708780783,Existing Customer,1978,F,3,Graduate,Single,$40K - $60K,Blue,33,3,2434,76,0.48
758178558,Existing Customer,1977,F,3,Graduate,Single,Unknown,Blue,37,2,4703,89,0.331
716237508,Existing Customer,1977,F,5,High School,Married,Unknown,Blue,36,3,5254,64,0.477
714735033,Existing Customer,1976,F,5,Doctorate,Married,Less than $40K,Blue,34,2,1438.3,84,0.341
709726158,Existing Customer,1981,F,4,Graduate,Single,Less than $40K,Blue,26,3,2206,92,0.503
770909433,Existing Customer,1971,F,2,College,Married,$40K - $60K,Blue,37,2,3600,75,0.529
822121608,Existing Customer,1975,M,2,High School,Unknown,$60K - $80K,Blue,42,3,7116,81,0.097
717278808,Existing Customer,1984,F,3,College,Married,Less than $40K,Blue,28,2,1788,56,0
712640583,Existing Customer,1961,F,0,Doctorate,Married,Unknown,Blue,51,1,7508,70,0.286
716099958,Attrited Customer,1982,F,5,Unknown,Married,$40K - $60K,Blue,31,3,3333,50,0.56
788772708,Existing Customer,1971,F,2,Graduate,Married,Unknown,Blue,31,1,13745,61,0
712795833,Attrited Customer,1987,F,4,Graduate,Married,Less than $40K,Blue,36,2,5021,40,0.501
718892283,Existing Customer,1978,M,2,Graduate,Married,$40K - $60K,Blue,34,2,4396,78,0
720294258,Existing Customer,1981,F,4,Graduate,Single,Less than $40K,Blue,30,2,2558,82,0
721181883,Existing Customer,1991,F,0,College,Single,Unknown,Blue,18,2,9641,75,0
712098033,Existing Customer,1983,F,1,Uneducated,Married,Unknown,Blue,36,3,12621,78,0.072
712593933,Attrited Customer,1981,M,3,Doctorate,Married,$40K - $60K,Blue,36,3,2313,42,0
711343233,Existing Customer,1968,F,3,Uneducated,Married,Less than $40K,Blue,36,1,1438.3,65,0.822
712394283,Existing Customer,1977,F,4,Graduate,Divorced,Less than $40K,Blue,30,3,1791,79,0.734
790021233,Existing Customer,1969,F,3,Uneducated,Single,Less than $40K,Blue,44,3,2300,84,0.695
711890808,Existing Customer,1979,F,3,Graduate,Married,Less than $40K,Blue,36,2,2526,72,0.811
714164808,Attrited Customer,1979,F,4,Graduate,Married,$40K - $60K,Blue,33,3,2918,54,0
825850383,Existing Customer,1968,F,2,Graduate,Single,Unknown,Blue,49,2,6074,77,0
789533133,Existing Customer,1976,M,3,High School,Married,$60K - $80K,Blue,37,1,4995,82,0.354
779523258,Existing Customer,1987,M,2,Graduate,Married,$40K - $60K,Blue,17,2,3323,78,0.32
719617758,Existing Customer,1965,F,1,Graduate,Married,Less than $40K,Blue,48,1,2464,76,0.728
779858058,Existing Customer,1987,F,2,Graduate,Unknown,Less than $40K,Blue,18,1,2730,72,0
710423358,Existing Customer,1986,F,1,College,Unknown,Unknown,Blue,29,3,1438.3,81,0.672
710500983,Attrited Customer,1978,M,2,College,Single,$80K - $120K,Blue,34,4,4617,35,0.224
711851583,Existing Customer,1971,M,2,Graduate,Married,$120K +,Blue,42,2,8220,77,0.123
779405133,Existing Customer,1981,F,3,College,Single,Less than $40K,Blue,29,3,5716,79,0.109
719410083,Existing Customer,1972,F,2,Unknown,Single,Less than $40K,Blue,36,3,1635,56,0.746
796196733,Existing Customer,1969,F,2,Unknown,Single,$40K - $60K,Blue,46,2,4259,80,0
711904008,Attrited Customer,1981,M,4,High School,Married,$60K - $80K,Blue,36,3,5869,41,0
717666783,Attrited Customer,1965,F,3,College,Single,Less than $40K,Blue,46,3,2272,49,0.594
719911458,Existing Customer,1972,F,5,High School,Married,Less than $40K,Blue,36,2,2598,78,0.711
787506558,Existing Customer,1971,M,3,Graduate,Single,$60K - $80K,Blue,38,1,10762,71,0.065
719046558,Existing Customer,1982,M,2,Graduate,Married,$60K - $80K,Blue,36,3,1982,62,0.883
708291633,Existing Customer,1988,F,2,Doctorate,Unknown,Unknown,Blue,21,3,4651,79,0.537
720731808,Attrited Customer,1969,F,3,Graduate,Single,Less than $40K,Blue,38,3,2437,53,0
745124658,Existing Customer,1979,F,3,High School,Single,Less than $40K,Blue,35,2,2563,70,0.616
789907533,Attrited Customer,1972,M,3,Graduate,Married,$80K - $120K,Blue,40,2,4576,54,0.042
716466483,Existing Customer,1977,F,3,Uneducated,Single,$40K - $60K,Blue,34,3,2245,87,0.598
715919283,Attrited Customer,1982,F,4,College,Single,$40K - $60K,Blue,36,2,1776,31,0
756736008,Existing Customer,1976,F,2,Post-Graduate,Married,Less than $40K,Blue,38,2,2911,62,0.505
772857558,Existing Customer,1974,M,4,Graduate,Married,$60K - $80K,Blue,30,2,2257,94,0.397
709246683,Existing Customer,1959,M,1,Unknown,Single,Unknown,Blue,36,1,18457,69,0.122
714559458,Attrited Customer,1975,M,4,College,Married,$60K - $80K,Blue,36,2,1681,48,0
778405458,Existing Customer,1969,F,2,High School,Single,Unknown,Blue,32,1,1461,80,0
772150983,Attrited Customer,1973,F,3,High School,Unknown,Less than $40K,Blue,37,2,2363,40,0.414
715128408,Existing Customer,1972,F,2,Unknown,Married,Less than $40K,Blue,36,3,1438.3,67,0.6
717856983,Existing Customer,1979,F,5,Uneducated,Married,Unknown,Blue,29,2,1840,76,0.689
778231983,Existing Customer,1972,F,4,Unknown,Single,$40K - $60K,Blue,39,2,7382,65,0.18
823908858,Existing Customer,1970,M,4,Unknown,Married,$80K - $120K,Blue,47,3,3861,81,0.161
798011733,Existing Customer,1968,F,3,Graduate,Married,Less than $40K,Blue,47,1,1562,81,0.481
717945108,Existing Customer,1972,F,3,Graduate,Unknown,$40K - $60K,Blue,36,1,3088,77,0.478
712560558,Existing Customer,1966,F,3,College,Single,Less than $40K,Blue,42,2,1438.3,87,0
711391308,Existing Customer,1975,F,4,Uneducated,Married,$40K - $60K,Blue,34,3,2168,92,0.786
717688233,Existing Customer,1987,F,4,High School,Married,$40K - $60K,Blue,28,1,2432,69,0.35
721093608,Existing Customer,1977,M,2,High School,Single,$40K - $60K,Blue,31,1,2197,64,0
712669983,Existing Customer,1982,M,3,Graduate,Single,$80K - $120K,Blue,30,3,10009,75,0.16
790017858,Existing Customer,1974,F,3,Post-Graduate,Unknown,$40K - $60K,Blue,36,1,3979,67,0.331
712012758,Existing Customer,1972,F,2,Uneducated,Married,Less than $40K,Blue,41,1,2189,81,0.85
720249183,Existing Customer,1975,F,2,Graduate,Single,Unknown,Blue,31,2,8243,90,0.112
821813058,Existing Customer,1979,M,1,High School,Divorced,$80K - $120K,Blue,38,2,11946,77,0.098
778152108,Existing Customer,1990,F,0,High School,Single,Less than $40K,Blue,23,2,2239,83,0.561
720563958,Existing Customer,1973,F,3,Post-Graduate,Married,Unknown,Blue,38,1,4025,92,0
719633508,Existing Customer,1969,F,1,Doctorate,Married,Less than $40K,Blue,39,1,1663,86,0
716689383,Existing Customer,1982,F,2,Graduate,Married,$40K - $60K,Blue,26,1,3649,77,0.255
711420258,Existing Customer,1978,F,4,Unknown,Single,Less than $40K,Blue,36,3,1438.3,71,0
713177808,Existing Customer,1964,F,3,College,Single,Less than $40K,Blue,51,1,2894,87,0
708897408,Existing Customer,1975,M,3,College,Single,$60K - $80K,Blue,36,2,1621,73,0.486
710855508,Existing Customer,1976,F,3,Uneducated,Married,Less than $40K,Blue,33,3,2740,70,0.652
710115108,Existing Customer,1976,F,2,Graduate,Unknown,$40K - $60K,Blue,37,2,5562,76,0.28
713920158,Attrited Customer,1980,F,3,Uneducated,Unknown,Unknown,Blue,36,3,13733,30,0
715303608,Existing Customer,1975,F,4,High School,Married,Less than $40K,Blue,36,2,2374,81,0.561
710897133,Existing Customer,1970,F,3,Unknown,Unknown,Less than $40K,Blue,36,2,2267,85,0.599
772813458,Existing Customer,1973,F,3,Graduate,Married,Unknown,Blue,39,1,6130,63,0.284
712998033,Attrited Customer,1984,M,3,High School,Single,$120K +,Blue,36,2,7361,44,0
712843983,Attrited Customer,1980,F,2,College,Divorced,Less than $40K,Blue,36,3,1569,45,0.164
717947508,Existing Customer,1974,M,3,Uneducated,Divorced,$80K - $120K,Blue,34,1,1626,83,0.623
719279208,Existing Customer,1986,F,1,Unknown,Married,Less than $40K,Blue,36,1,2158,73,0.602
711365133,Existing Customer,1978,M,1,Unknown,Single,$60K - $80K,Blue,31,3,2283,76,0.644
720328008,Existing Customer,1964,F,1,High School,Unknown,$40K - $60K,Blue,42,1,2542,88,0.741
718183833,Existing Customer,1991,F,1,Graduate,Single,Less than $40K,Blue,18,2,1438.3,68,0
717985158,Existing Customer,1974,M,2,Graduate,Unknown,$40K - $60K,Blue,37,3,2335,81,0.588
771928608,Existing Customer,1987,M,1,Uneducated,Single,$60K - $80K,Blue,23,1,2033,74,0.901
713355708,Existing Customer,1980,F,3,High School,Married,Unknown,Blue,31,6,4739,84,0.396
816761433,Existing Customer,1985,M,2,College,Single,$80K - $120K,Blue,31,2,5821,96,0.131
714245358,Existing Customer,1974,F,3,Graduate,Divorced,Less than $40K,Blue,36,3,2182,77,0.718
716313858,Existing Customer,1968,F,3,Graduate,Married,Less than $40K,Blue,36,4,3319,84,0.275
714868608,Existing Customer,1969,F,4,Graduate,Married,Less than $40K,Blue,36,3,3021,76,0.506
717273333,Existing Customer,1972,M,5,College,Married,$80K - $120K,Blue,37,2,29219,84,0
711631158,Existing Customer,1969,F,2,High School,Single,Less than $40K,Blue,42,2,1438.3,77,0.604
714127383,Attrited Customer,1973,F,3,Unknown,Unknown,Unknown,Blue,36,3,4431,48,0.568
790204983,Existing Customer,1975,F,2,Graduate,Married,Unknown,Blue,40,5,3131,93,0
822051858,Existing Customer,1995,F,0,Graduate,Single,Less than $40K,Blue,22,1,1486,82,0
715144383,Existing Customer,1981,F,3,High School,Single,Unknown,Blue,36,3,6384,83,0.319
717971208,Existing Customer,1982,F,5,Graduate,Single,Less than $40K,Blue,28,3,2077,69,0
718829358,Existing Customer,1981,F,3,Uneducated,Divorced,$40K - $60K,Blue,32,1,1956,76,0.49
779380908,Attrited Customer,1970,M,1,Unknown,Married,$80K - $120K,Blue,39,3,24462,37,0.039
714144258,Existing Customer,1978,F,3,Graduate,Married,Less than $40K,Blue,34,2,2725,66,0.924
797666358,Existing Customer,1975,F,4,Uneducated,Unknown,$40K - $60K,Blue,40,3,1474,65,0.572
709965858,Existing Customer,1975,M,1,High School,Married,$120K +,Blue,28,3,9880,80,0.181
779980758,Existing Customer,1963,M,2,High School,Divorced,$60K - $80K,Blue,46,2,2467,73,0.477
811775883,Existing Customer,1975,M,4,Graduate,Divorced,$60K - $80K,Blue,41,2,5397,96,0.433
799720158,Existing Customer,1971,M,1,Graduate,Single,$80K - $120K,Blue,44,3,3370,86,0.336
713011683,Attrited Customer,1984,F,3,College,Married,Unknown,Blue,24,2,11239,43,0
713503983,Existing Customer,1966,F,3,College,Married,$40K - $60K,Blue,36,1,2240,71,0.55
712137033,Existing Customer,1969,F,2,College,Married,Unknown,Blue,45,1,2737,63,0.628
715910883,Existing Customer,1973,F,1,High School,Married,Less than $40K,Blue,40,4,4170,94,0.332
718142958,Existing Customer,1975,M,4,Graduate,Single,$60K - $80K,Blue,27,3,21839,94,0.044
719359458,Existing Customer,1972,F,2,Uneducated,Single,Less than $40K,Blue,42,3,1991,66,0
714869958,Existing Customer,1966,M,2,Uneducated,Single,$120K +,Blue,36,2,29795,71,0.079
771163533,Existing Customer,1969,F,1,Unknown,Married,$40K - $60K,Blue,39,2,1438.3,79,0.441
709028208,Existing Customer,1977,F,2,Graduate,Married,Unknown,Blue,37,3,24221,63,0.053
719834208,Existing Customer,1979,M,2,Graduate,Married,$60K - $80K,Blue,35,1,2131,81,0.604
779305008,Existing Customer,1980,F,4,High School,Single,Less than $40K,Blue,23,2,2787,76,0.737
714506583,Existing Customer,1973,F,4,Graduate,Unknown,Less than $40K,Blue,38,3,1438.3,78,0
712677633,Attrited Customer,1979,F,0,Uneducated,Divorced,Unknown,Blue,31,3,2712,28,0
708450033,Existing Customer,1978,F,3,High School,Unknown,Less than $40K,Blue,13,2,2605,79,0.871
719606133,Existing Customer,1979,M,2,Graduate,Single,$60K - $80K,Blue,31,2,5169,88,0.444
789772983,Existing Customer,1972,M,3,College,Unknown,$80K - $120K,Blue,38,3,4694,56,0
720656883,Existing Customer,1971,F,3,Graduate,Single,Less than $40K,Blue,40,3,1848,69,0.271
718108758,Existing Customer,1978,M,2,Unknown,Single,$60K - $80K,Blue,36,1,6039,86,0.291
709408983,Existing Customer,1967,M,2,High School,Married,$120K +,Blue,42,2,5256,91,0.169
771592458,Existing Customer,1973,F,1,Graduate,Unknown,Less than $40K,Blue,36,2,1708,79,0.62
778932633,Existing Customer,1964,F,2,Graduate,Married,Less than $40K,Blue,40,3,1629,83,0.727
708669408,Existing Customer,1967,M,5,College,Single,$60K - $80K,Blue,45,1,20401,75,0
779947908,Existing Customer,1965,M,2,Graduate,Divorced,$120K +,Blue,45,3,3296,66,0.435
716007708,Existing Customer,1973,M,2,Graduate,Married,$120K +,Blue,37,1,8956,73,0.143
767574108,Existing Customer,1972,F,1,College,Married,Less than $40K,Blue,43,3,1438.3,64,0.546
720777558,Existing Customer,1975,F,4,Graduate,Single,Less than $40K,Blue,38,2,2671,79,0.641
816841083,Existing Customer,1963,F,3,College,Married,Less than $40K,Blue,53,3,2493,90,0.628
778849908,Existing Customer,1962,F,1,Doctorate,Married,Less than $40K,Blue,40,3,2687,81,0.913
708745983,Existing Customer,1984,F,2,Unknown,Married,$40K - $60K,Blue,36,2,2208,81,0.706
713381433,Attrited Customer,1983,F,1,High School,Married,Less than $40K,Blue,28,3,4196,30,0.174
779404383,Existing Customer,1974,F,5,Uneducated,Divorced,Unknown,Blue,36,2,12581,76,0.098
718607883,Existing Customer,1980,M,3,Post-Graduate,Single,$80K - $120K,Blue,30,2,17890,81,0.141
710542983,Existing Customer,1973,F,4,Graduate,Married,Less than $40K,Blue,21,6,1930,87,0
709769283,Existing Customer,1985,F,4,Unknown,Divorced,Unknown,Blue,16,3,8513,70,0
721253508,Existing Customer,1981,M,3,High School,Married,$80K - $120K,Blue,36,3,9599,84,0.245
801037833,Existing Customer,1983,M,2,Uneducated,Single,$80K - $120K,Blue,32,2,3192,87,0.789
711452583,Existing Customer,1978,F,4,Graduate,Unknown,Unknown,Blue,36,5,2778,60,0.906
716697708,Attrited Customer,1960,F,1,High School,Single,Unknown,Blue,52,2,3293,56,0
708176208,Existing Customer,1973,F,1,Graduate,Married,$40K - $60K,Blue,36,4,7268,80,0
716474358,Existing Customer,1978,F,3,Unknown,Married,Less than $40K,Blue,35,3,1721,74,0.424
713121408,Existing Customer,1983,M,3,College,Married,$80K - $120K,Blue,30,3,3976,69,0.419
794567133,Existing Customer,1969,F,2,High School,Single,Less than $40K,Blue,35,2,1954,70,0.414
717609633,Existing Customer,1977,M,3,Unknown,Married,$120K +,Blue,32,2,12725,58,0.138
708899283,Existing Customer,1981,F,3,Uneducated,Single,Unknown,Blue,28,3,2690,81,0.719
772415808,Existing Customer,1973,F,5,Post-Graduate,Married,$40K - $60K,Blue,38,3,2926,78,0.245
716176683,Existing Customer,1975,M,4,Graduate,Single,$80K - $120K,Blue,33,1,2371,78,0.737
709245783,Existing Customer,1977,F,3,Graduate,Married,Unknown,Blue,27,1,7751,90,0.254
720507108,Attrited Customer,1979,F,3,College,Married,Less than $40K,Blue,28,3,1601,41,0
716751858,Attrited Customer,1987,F,1,Unknown,Married,Less than $40K,Blue,36,3,2401,40,0.207
712829808,Attrited Customer,1982,M,3,Uneducated,Married,$60K - $80K,Blue,29,3,2187,40,0
711900033,Existing Customer,1964,F,0,Doctorate,Married,Unknown,Blue,46,2,4661,81,0.372
712566258,Existing Customer,1981,F,2,Post-Graduate,Divorced,Unknown,Blue,27,3,8494,77,0.238
712732908,Existing Customer,1985,M,4,Graduate,Married,$80K - $120K,Blue,36,3,2262,84,0.641
717908208,Existing Customer,1978,F,3,Graduate,Divorced,Less than $40K,Blue,36,1,2525,82,0.632
826136283,Existing Customer,1983,F,3,High School,Married,Less than $40K,Blue,34,3,2450,66,0.809
778714833,Existing Customer,1985,F,4,College,Married,Unknown,Blue,18,3,3926,92,0.448
779302233,Attrited Customer,1981,F,4,Graduate,Single,Less than $40K,Blue,22,2,1438.3,45,0
778659108,Existing Customer,1970,F,2,High School,Single,Unknown,Blue,31,2,4789,81,0.46
720374808,Existing Customer,1980,F,2,Unknown,Unknown,Less than $40K,Blue,34,3,2864,78,0.673
719592483,Existing Customer,1978,F,5,Graduate,Single,Unknown,Blue,34,6,4607,77,0.53
714702033,Existing Customer,1978,F,4,Graduate,Unknown,Less than $40K,Blue,34,3,1971,75,0.497
717042333,Attrited Customer,1968,F,2,College,Married,Less than $40K,Blue,44,3,1473,48,0
779122908,Existing Customer,1966,F,3,Graduate,Single,$40K - $60K,Blue,37,1,3187,82,0.451
710676483,Existing Customer,1983,F,2,Unknown,Married,Less than $40K,Blue,36,2,5589,77,0
827712108,Existing Customer,1979,F,5,Graduate,Married,Less than $40K,Blue,38,1,2346,72,0.585
769200858,Existing Customer,1987,F,4,Graduate,Single,Less than $40K,Blue,28,2,1438.3,86,0
779114283,Existing Customer,1981,F,5,High School,Single,Less than $40K,Blue,22,1,1826,65,0.517
771061008,Attrited Customer,1981,F,2,Doctorate,Married,$40K - $60K,Blue,27,2,2208,56,0
716201133,Existing Customer,1986,F,2,High School,Married,Less than $40K,Blue,36,3,1476,76,0
817968783,Existing Customer,1970,F,3,Graduate,Single,Less than $40K,Blue,46,3,2927,70,0.512
826480308,Existing Customer,1968,M,3,Graduate,Unknown,$80K - $120K,Blue,49,2,4778,74,0.391
720307683,Existing Customer,1978,F,4,Graduate,Divorced,Less than $40K,Blue,36,2,1438.3,78,0.517
709618308,Existing Customer,1975,F,3,High School,Single,$40K - $60K,Silver,40,3,16239,48,0.092
710119233,Existing Customer,1984,M,1,High School,Married,$120K +,Blue,26,2,11726,63,0.164
789419658,Existing Customer,1974,F,4,College,Married,Unknown,Blue,38,2,1438.3,89,0
789800358,Existing Customer,1976,F,3,High School,Married,Less than $40K,Blue,34,1,2647,78,0.487
715466133,Existing Customer,1971,F,1,Doctorate,Married,Unknown,Blue,40,3,2492,75,0.566
717659883,Existing Customer,1975,F,2,Graduate,Single,Unknown,Blue,36,3,2418,64,0.457
781942983,Existing Customer,1971,M,1,Unknown,Single,$120K +,Blue,44,3,17827,88,0
712755783,Existing Customer,1972,F,1,Graduate,Divorced,$40K - $60K,Blue,40,2,1438.3,77,0
779551533,Existing Customer,1967,F,3,Doctorate,Single,Less than $40K,Blue,39,3,1764,92,0
714405183,Existing Customer,1974,F,3,Graduate,Married,Less than $40K,Blue,36,2,1776,60,0.855
801783108,Existing Customer,1975,M,3,College,Married,$120K +,Blue,40,3,1438.3,69,0
779839758,Existing Customer,1974,F,2,Post-Graduate,Single,Unknown,Blue,31,2,1491,92,0
820648608,Existing Customer,1975,F,2,Post-Graduate,Married,Less than $40K,Blue,41,1,2552,79,0.736
787587033,Existing Customer,1979,F,4,Graduate,Single,Less than $40K,Blue,32,1,2996,87,0.665
813967983,Existing Customer,1977,F,2,College,Married,$40K - $60K,Blue,39,1,1701,71,0.456
718067658,Existing Customer,1968,F,3,Unknown,Single,Unknown,Blue,40,3,3998,79,0
709952658,Existing Customer,1975,F,3,Graduate,Unknown,Less than $40K,Blue,33,3,3025,62,0.823
720824883,Attrited Customer,1973,F,1,Unknown,Single,Less than $40K,Blue,40,1,3251,50,0.774
789631908,Existing Customer,1970,M,4,High School,Single,$60K - $80K,Blue,45,1,3031,85,0.59
789089958,Existing Customer,1964,M,2,High School,Single,$60K - $80K,Silver,45,2,33211,81,0
715847058,Attrited Customer,1962,F,2,Uneducated,Divorced,Less than $40K,Blue,36,3,1863,40,0.995
721256808,Existing Customer,1986,F,2,Unknown,Single,Less than $40K,Blue,20,1,2691,86,0.719
721269108,Existing Customer,1976,F,5,Graduate,Single,Less than $40K,Blue,33,3,2288,87,0.546
712770408,Attrited Customer,1979,F,2,Graduate,Unknown,Less than $40K,Blue,36,3,3413,40,0
767958933,Existing Customer,1981,M,4,College,Married,$40K - $60K,Silver,34,2,15471,77,0.083
779866458,Existing Customer,1981,F,5,Uneducated,Married,Less than $40K,Blue,24,1,2038,67,0.389
721246833,Existing Customer,1974,F,3,Unknown,Unknown,Less than $40K,Blue,36,2,1953,70,0.558
710752233,Attrited Customer,1978,F,5,High School,Unknown,$40K - $60K,Blue,24,2,4430,49,0.497
709813008,Existing Customer,1977,F,3,High School,Unknown,Less than $40K,Blue,35,3,3398,93,0.711
710219658,Existing Customer,1973,F,3,Doctorate,Married,Unknown,Blue,44,3,2021,74,0.587
789121233,Existing Customer,1968,F,2,Unknown,Single,Less than $40K,Blue,41,1,2329,76,0.983
715146558,Attrited Customer,1987,F,2,College,Married,Less than $40K,Blue,36,3,1696,56,0
720205608,Existing Customer,1969,F,1,Uneducated,Married,Unknown,Blue,36,1,4222,77,0
778606308,Attrited Customer,1976,M,3,Uneducated,Divorced,$80K - $120K,Blue,25,2,6614,51,0.284
710438358,Attrited Customer,1979,F,1,Uneducated,Single,Less than $40K,Blue,35,3,3241,43,0
712562433,Attrited Customer,1973,F,2,Unknown,Married,Less than $40K,Blue,30,3,4204,43,0
718186233,Existing Customer,1987,F,3,Uneducated,Single,Less than $40K,Blue,26,2,3234,71,0.3
713717283,Attrited Customer,1981,F,3,Unknown,Single,$40K - $60K,Blue,29,3,2473,32,0.943
713822208,Attrited Customer,1979,M,2,High School,Single,$60K - $80K,Blue,33,3,4836,45,0.102
710466633,Existing Customer,1966,F,3,High School,Married,Less than $40K,Blue,44,1,1438.3,76,0
711153783,Existing Customer,1977,F,3,Uneducated,Single,Less than $40K,Blue,36,3,1438.3,70,0.376
718230933,Attrited Customer,1976,M,4,Graduate,Single,Less than $40K,Blue,36,2,1438.3,29,0.737
788885133,Existing Customer,1964,F,3,College,Unknown,Less than $40K,Silver,42,1,12675,63,0.191
711637458,Attrited Customer,1977,F,3,High School,Single,Less than $40K,Blue,36,3,2228,45,0
719532108,Existing Customer,1981,F,5,High School,Married,Less than $40K,Blue,31,2,2813,68,0.785
757643733,Existing Customer,1979,F,2,Post-Graduate,Single,Less than $40K,Blue,35,3,3223,79,0
715122858,Existing Customer,1966,F,2,Graduate,Married,$40K - $60K,Blue,36,3,2653,81,0
708384033,Attrited Customer,1976,F,3,Uneducated,Married,Less than $40K,Blue,35,3,2745,39,0.897
708273858,Existing Customer,1981,M,3,Graduate,Divorced,$120K +,Blue,30,2,34516,80,0
803952408,Existing Customer,1969,F,3,Uneducated,Married,Less than $40K,Blue,47,3,2516,77,0.591
778394358,Existing Customer,1975,F,2,High School,Divorced,Less than $40K,Blue,26,3,1870,88,0.955
713180433,Existing Customer,1965,F,2,Graduate,Single,Unknown,Blue,48,3,3934,87,0.64
787458783,Existing Customer,1972,F,4,High School,Married,Less than $40K,Blue,35,3,3038,83,0.702
720315933,Existing Customer,1968,F,1,Uneducated,Single,Less than $40K,Blue,39,2,1982,76,0.644
713677158,Attrited Customer,1990,F,1,Graduate,Divorced,Unknown,Blue,22,2,1623,45,0
739828308,Existing Customer,1966,M,3,Uneducated,Single,$120K +,Blue,48,2,3088,68,0.564
720959058,Existing Customer,1977,F,3,Unknown,Single,Unknown,Blue,33,3,8064,67,0.3
718090233,Attrited Customer,1965,F,3,Graduate,Single,Unknown,Blue,36,3,10016,37,0.187
789939558,Existing Customer,1967,F,2,College,Married,Unknown,Blue,45,3,4523,87,0.407
714169908,Existing Customer,1968,F,0,Graduate,Single,Less than $40K,Blue,34,2,1944,82,0.586
796145133,Existing Customer,1975,F,2,Uneducated,Married,Unknown,Blue,40,2,6083,86,0.282
789233808,Existing Customer,1983,F,3,Graduate,Married,Unknown,Blue,27,2,2425,74,0.576
709071408,Existing Customer,1965,F,5,Graduate,Single,$40K - $60K,Blue,37,2,2607,74,0.653
815830083,Existing Customer,1968,F,3,Uneducated,Single,Less than $40K,Blue,48,2,1953,72,0.622
715932708,Existing Customer,1980,M,3,Unknown,Unknown,$60K - $80K,Blue,36,3,5813,75,0.278
715281933,Existing Customer,1978,F,3,High School,Single,Less than $40K,Blue,36,3,1438.3,73,0
787529583,Attrited Customer,1980,F,5,Unknown,Married,$40K - $60K,Blue,30,2,1588,61,0
717446208,Existing Customer,1959,F,0,High School,Single,Less than $40K,Blue,36,2,3749,69,0.528
715236783,Existing Customer,1979,F,4,College,Divorced,$40K - $60K,Blue,36,3,3734,87,0.674
804583833,Existing Customer,1965,F,2,High School,Married,Unknown,Blue,51,1,1796,87,0.692
713772333,Attrited Customer,1976,F,3,Unknown,Divorced,Less than $40K,Blue,34,3,3223,38,0.075
715321983,Existing Customer,1988,F,2,Doctorate,Married,$40K - $60K,Blue,36,2,2748,75,0.679
717773433,Existing Customer,1964,F,0,Graduate,Married,Less than $40K,Blue,45,1,2448,98,0
778632933,Existing Customer,1972,F,3,College,Married,Less than $40K,Blue,29,1,2548,79,0.784
808527183,Existing Customer,1975,F,3,College,Married,Less than $40K,Blue,41,1,1489,94,0.637
714514008,Attrited Customer,1983,F,1,Graduate,Married,Unknown,Blue,29,3,8953,43,0
711669258,Attrited Customer,1971,F,3,Uneducated,Single,Unknown,Blue,36,3,3187,47,0.309
797218233,Existing Customer,1970,F,2,Unknown,Single,Less than $40K,Blue,45,1,1757,82,0
710612583,Existing Customer,1969,M,4,High School,Unknown,$60K - $80K,Blue,36,3,2597,80,0.67
712613808,Existing Customer,1976,F,5,College,Single,Unknown,Blue,32,3,5999,69,0.11
807173358,Existing Customer,1965,F,0,Post-Graduate,Married,Less than $40K,Blue,51,2,3617,76,0.243
778349883,Existing Customer,1965,F,0,Uneducated,Single,Less than $40K,Blue,36,3,3219,75,0.657
720592533,Attrited Customer,1980,M,4,Graduate,Unknown,$80K - $120K,Blue,31,3,19782,44,0.044
714668433,Existing Customer,1970,F,4,Graduate,Single,Less than $40K,Blue,36,3,2522,67,0.753
720967233,Existing Customer,1978,F,2,Unknown,Married,Less than $40K,Blue,29,1,3327,88,0.757
718629858,Existing Customer,1979,F,2,Uneducated,Married,Unknown,Blue,32,5,4708,89,0
737962608,Existing Customer,1973,F,4,College,Divorced,Less than $40K,Blue,41,3,3745,78,0.672
778207083,Attrited Customer,1968,M,4,Uneducated,Single,$80K - $120K,Blue,44,3,11561,39,0.189
778781508,Attrited Customer,1977,F,2,High School,Married,Unknown,Blue,32,3,8477,41,0.297
714142158,Existing Customer,1962,F,0,Graduate,Married,Less than $40K,Blue,48,2,2120,92,0.666
715390608,Existing Customer,1976,F,5,Graduate,Married,Less than $40K,Blue,39,3,2867,81,0.422
715243458,Existing Customer,1976,F,2,Graduate,Single,$40K - $60K,Blue,36,3,2293,94,0.569
715418508,Existing Customer,1970,M,1,Uneducated,Single,$120K +,Blue,36,1,8671,72,0.068
711164508,Existing Customer,1972,F,1,Graduate,Divorced,Unknown,Silver,43,3,34516,71,0.034
713239308,Existing Customer,1978,F,2,High School,Married,Unknown,Blue,36,3,2679,85,0.632
712323183,Existing Customer,1983,M,3,Unknown,Married,$80K - $120K,Blue,22,2,3224,63,0
797410983,Existing Customer,1976,F,3,High School,Married,Unknown,Blue,39,2,1438.3,83,0.518
721167783,Existing Customer,1967,M,4,High School,Single,$80K - $120K,Blue,39,3,7773,69,0.317
712130058,Attrited Customer,1977,F,4,Uneducated,Single,Unknown,Blue,36,3,8075,41,0.039
714060408,Existing Customer,1964,F,3,High School,Single,Unknown,Blue,37,1,3052,82,0.525
715515333,Existing Customer,1970,M,3,Graduate,Married,$120K +,Blue,42,1,7932,92,0.27
806970033,Existing Customer,1973,M,3,High School,Unknown,$40K - $60K,Blue,43,2,1753,77,0.818
817337958,Existing Customer,1973,F,5,Doctorate,Married,Less than $40K,Blue,33,1,5814,74,0.202
788132208,Existing Customer,1968,F,2,Graduate,Married,$40K - $60K,Blue,38,2,1989,70,0.504
812653383,Existing Customer,1966,F,1,College,Single,$40K - $60K,Blue,50,3,1843,92,0.825
709762908,Existing Customer,1969,F,1,Uneducated,Married,Unknown,Blue,40,2,1438.3,78,0.854
717114708,Existing Customer,1987,F,0,Graduate,Married,$40K - $60K,Blue,26,3,2991,77,0.612
767388783,Existing Customer,1978,M,3,High School,Married,$60K - $80K,Blue,36,3,9560,66,0
794719983,Attrited Customer,1977,F,4,High School,Unknown,Less than $40K,Blue,38,2,2616,42,0.958
778378983,Attrited Customer,1967,F,1,Graduate,Single,Less than $40K,Blue,34,2,2939,42,0.732
773275083,Existing Customer,1972,F,3,College,Married,Unknown,Blue,37,3,3085,79,0.313
719971458,Existing Customer,1972,M,5,Graduate,Single,$80K - $120K,Blue,41,3,5275,74,0.282
721001883,Existing Customer,1980,M,3,Uneducated,Married,$60K - $80K,Blue,30,1,1950,47,0.83
778245633,Existing Customer,1978,F,3,Graduate,Single,Unknown,Blue,33,3,2341,70,0.777
718535733,Existing Customer,1981,F,1,Uneducated,Divorced,Less than $40K,Blue,25,3,3758,79,0.545
711909933,Existing Customer,1967,M,4,Unknown,Married,$80K - $120K,Blue,42,3,1621,83,0.381
709253433,Existing Customer,1971,F,2,Uneducated,Married,$40K - $60K,Blue,41,1,10946,58,0.175
719797758,Existing Customer,1965,F,1,High School,Single,Less than $40K,Blue,36,1,3422,84,0.736
789420933,Existing Customer,1982,F,2,Uneducated,Married,Less than $40K,Blue,30,1,3108,87,0.25
709850508,Attrited Customer,1988,F,2,Graduate,Married,Less than $40K,Blue,20,2,3202,37,0
715335558,Existing Customer,1978,F,5,Uneducated,Single,Less than $40K,Blue,36,1,1855,81,0.489
711516783,Existing Customer,1974,F,4,Uneducated,Married,$40K - $60K,Blue,36,1,2155,91,0.519
798917883,Existing Customer,1979,F,4,College,Single,Less than $40K,Blue,36,3,4150,76,0.607
721525758,Existing Customer,1976,M,5,Doctorate,Married,$80K - $120K,Blue,35,2,2226,77,0.552
716249508,Existing Customer,1973,F,5,High School,Married,$40K - $60K,Blue,36,2,1610,85,0
716953083,Existing Customer,1968,F,2,Graduate,Married,Unknown,Blue,41,2,2046,81,0.616
712448658,Attrited Customer,1969,F,1,High School,Single,Less than $40K,Blue,36,3,1795,55,0
711766758,Existing Customer,1979,F,4,Unknown,Married,Less than $40K,Blue,30,2,1531,67,0.645
709432833,Existing Customer,1968,F,1,Unknown,Married,Less than $40K,Blue,36,2,1472,73,0.812
719964933,Existing Customer,1971,F,5,Graduate,Single,Less than $40K,Blue,41,2,1438.3,78,0
719857008,Existing Customer,1984,F,1,Graduate,Single,$40K - $60K,Blue,36,3,2886,81,0.762
758340108,Existing Customer,1982,F,2,Graduate,Single,Less than $40K,Silver,29,3,10024,78,0.091
708276183,Attrited Customer,1969,F,3,Post-Graduate,Married,Less than $40K,Blue,45,4,1760,35,0
716481408,Existing Customer,1983,F,2,Graduate,Single,Less than $40K,Blue,36,1,1461,76,0
720590058,Attrited Customer,1970,F,1,Graduate,Single,$40K - $60K,Blue,36,3,8840,47,0.203
789347133,Existing Customer,1983,F,2,Post-Graduate,Married,$40K - $60K,Blue,28,1,4468,79,0.536
719112258,Existing Customer,1979,M,4,College,Unknown,$60K - $80K,Blue,35,3,2516,79,0.541
717748608,Attrited Customer,1986,F,4,High School,Married,Less than $40K,Blue,24,2,1555,51,0.561
710740008,Existing Customer,1964,M,1,Graduate,Unknown,$80K - $120K,Blue,39,1,1438.3,82,0.446
716694108,Attrited Customer,1979,M,4,Uneducated,Married,$120K +,Blue,34,3,5195,48,0.09
719372583,Existing Customer,1964,M,3,Graduate,Single,$120K +,Blue,36,2,17268,90,0.069
719981508,Attrited Customer,1984,M,2,Uneducated,Single,Unknown,Blue,24,2,1649,51,0
751350558,Existing Customer,1964,F,1,High School,Married,Less than $40K,Blue,50,2,1609,85,0
715123983,Existing Customer,1978,F,1,College,Single,Less than $40K,Blue,36,2,3342,81,0.753
709250508,Existing Customer,1958,M,1,Uneducated,Single,Less than $40K,Blue,56,1,6973,88,0.361
716754783,Attrited Customer,1978,M,4,High School,Married,$120K +,Blue,30,2,17228,44,0.077
719025333,Existing Customer,1973,M,2,Post-Graduate,Married,$40K - $60K,Blue,42,2,1898,59,0
718566858,Existing Customer,1975,F,2,College,Single,Less than $40K,Blue,36,2,1438.3,79,0
710675508,Existing Customer,1981,F,3,College,Unknown,Unknown,Blue,28,3,2321,98,0.513
818729208,Existing Customer,1969,M,3,Graduate,Married,$60K - $80K,Blue,47,3,8185,77,0.115
709068183,Existing Customer,1968,M,4,College,Single,$60K - $80K,Blue,42,3,3096,87,0
715358283,Existing Customer,1964,F,2,Uneducated,Married,Less than $40K,Blue,46,3,2129,73,0.535
710966433,Existing Customer,1971,F,3,Uneducated,Married,Less than $40K,Blue,36,2,2615,67,0.537
708575058,Attrited Customer,1975,F,3,Uneducated,Divorced,$40K - $60K,Blue,39,3,3157,58,0.306
713929533,Attrited Customer,1985,F,3,College,Married,Less than $40K,Blue,36,2,1707,52,0
714087258,Existing Customer,1972,F,1,Uneducated,Divorced,Less than $40K,Blue,36,3,1838,72,0
756383283,Existing Customer,1983,F,3,College,Married,Less than $40K,Blue,31,1,5523,80,0.456
720766908,Attrited Customer,1981,F,2,Uneducated,Single,Less than $40K,Blue,28,2,3021,37,0
718133733,Existing Customer,1977,F,4,Post-Graduate,Unknown,Less than $40K,Blue,36,1,7317,76,0.21
720823458,Existing Customer,1962,F,2,Unknown,Married,Less than $40K,Blue,46,6,5218,85,0.365
720027258,Existing Customer,1968,F,2,High School,Single,Less than $40K,Blue,40,1,1438.3,73,0
807604233,Existing Customer,1967,M,3,Graduate,Married,$80K - $120K,Blue,49,3,11114,81,0.223
801786483,Existing Customer,1970,M,0,High School,Single,$80K - $120K,Blue,45,2,10648,89,0.236
789138258,Existing Customer,1976,F,3,High School,Single,Less than $40K,Blue,34,3,2976,83,0.797
805524708,Attrited Customer,1969,F,3,High School,Divorced,Less than $40K,Blue,47,3,6629,50,0.38
779642733,Existing Customer,1979,F,5,Unknown,Married,Less than $40K,Blue,25,1,2812,77,0.796
771735933,Existing Customer,1973,M,2,High School,Married,$80K - $120K,Blue,36,1,10761,82,0.16
789917208,Existing Customer,1981,F,4,High School,Married,Less than $40K,Blue,31,3,1968,69,0.905
779608083,Existing Customer,1966,M,2,Doctorate,Single,Less than $40K,Blue,44,2,3897,62,0.32
711287733,Existing Customer,1976,M,4,Unknown,Married,$40K - $60K,Blue,36,2,4721,74,0.273
774675933,Existing Customer,1981,M,3,College,Divorced,$80K - $120K,Silver,34,1,34516,62,0.059
716741508,Existing Customer,1988,F,3,High School,Married,Less than $40K,Blue,21,1,2831,65,0.412
721106133,Existing Customer,1964,F,3,Uneducated,Divorced,Unknown,Blue,36,4,2312,82,0.774
716698608,Existing Customer,1970,M,2,Unknown,Single,$80K - $120K,Blue,39,1,8924,87,0
716299608,Attrited Customer,1963,F,3,Unknown,Divorced,Less than $40K,Blue,36,2,1508,31,0
718116933,Existing Customer,1968,F,3,Graduate,Single,Less than $40K,Blue,36,3,1438.3,79,0.438
720513333,Existing Customer,1975,M,3,High School,Single,$80K - $120K,Blue,39,1,21350,78,0.081
802460433,Attrited Customer,1964,F,3,High School,Married,Unknown,Blue,51,5,1438.3,37,0
720482583,Existing Customer,1969,F,1,College,Married,Unknown,Blue,43,3,10431,69,0.207
719584608,Existing Customer,1981,M,4,High School,Unknown,$40K - $60K,Blue,32,1,1438.3,79,0
709477233,Existing Customer,1984,F,2,High School,Single,Unknown,Blue,36,2,2346,79,0.691
719512983,Attrited Customer,1974,F,4,Graduate,Single,Less than $40K,Blue,39,3,1438.3,51,0
714923583,Attrited Customer,1983,F,2,Graduate,Unknown,Less than $40K,Blue,36,3,2369,48,0
779397183,Existing Customer,1979,F,2,Graduate,Single,Less than $40K,Blue,31,1,3659,61,0
714671658,Existing Customer,1983,F,5,Graduate,Married,Less than $40K,Blue,31,5,2153,85,0.647
779218233,Existing Customer,1974,F,5,Post-Graduate,Single,Less than $40K,Blue,37,3,9430,75,0
713456583,Existing Customer,1976,M,2,High School,Married,$80K - $120K,Silver,37,2,34516,70,0.043
790221633,Existing Customer,1977,F,4,Graduate,Single,$40K - $60K,Blue,38,3,3897,77,0.589
721299483,Existing Customer,1974,M,3,Graduate,Single,$80K - $120K,Blue,32,1,11671,71,0.112
711701958,Existing Customer,1973,M,1,Unknown,Single,$60K - $80K,Blue,38,3,11367,63,0.176
783573408,Existing Customer,1979,F,4,College,Single,$40K - $60K,Blue,36,1,2575,83,0.83
709641933,Existing Customer,1979,F,3,Graduate,Married,$40K - $60K,Blue,36,1,3433,84,0.544
718755483,Existing Customer,1977,M,2,High School,Married,$60K - $80K,Blue,36,2,7317,86,0.131
720914358,Existing Customer,1975,F,3,Graduate,Married,Less than $40K,Blue,36,2,4416,84,0.302
714811533,Existing Customer,1982,M,2,High School,Unknown,$60K - $80K,Blue,32,2,1715,91,0
719898108,Existing Customer,1964,F,2,Doctorate,Married,$40K - $60K,Blue,41,3,3667,79,0.221
720719883,Attrited Customer,1967,F,1,Graduate,Single,Unknown,Blue,41,3,1874,55,0
780338733,Existing Customer,1971,F,2,Graduate,Married,Less than $40K,Blue,37,1,1438.3,83,0.341
709810458,Existing Customer,1965,F,0,Unknown,Single,Less than $40K,Blue,44,2,1579,72,0.486
821356083,Existing Customer,1967,F,3,Uneducated,Married,$40K - $60K,Blue,49,1,1626,87,0
793428408,Existing Customer,1971,F,3,Uneducated,Married,Less than $40K,Blue,44,2,1596,76,0.742
746453583,Existing Customer,1965,F,1,Unknown,Married,$40K - $60K,Blue,49,2,2604,85,0.536
771799008,Existing Customer,1960,F,1,Graduate,Married,Unknown,Blue,50,3,3359,79,0.418
719075883,Existing Customer,1983,F,3,High School,Married,$40K - $60K,Blue,27,3,2363,66,0.86
714986583,Existing Customer,1966,F,4,Uneducated,Single,Less than $40K,Blue,46,2,4978,62,0.185
753233733,Existing Customer,1983,M,1,Graduate,Single,$80K - $120K,Blue,29,3,2155,61,0.599
806914158,Attrited Customer,1983,F,4,Graduate,Married,$40K - $60K,Blue,33,3,4047,34,0
812671758,Attrited Customer,1974,F,5,Doctorate,Married,Unknown,Blue,42,5,4345,44,0.501
789191358,Existing Customer,1966,M,4,Graduate,Single,$80K - $120K,Blue,44,3,1854,80,0.428
772111083,Existing Customer,1971,M,1,High School,Married,$80K - $120K,Blue,39,3,5384,75,0.259
714961383,Existing Customer,1973,F,3,Uneducated,Single,Less than $40K,Blue,36,3,1438.3,81,0.671
817288458,Existing Customer,1988,F,2,Graduate,Single,Less than $40K,Blue,19,2,5141,82,0.338
719163108,Existing Customer,1977,M,3,Graduate,Married,$120K +,Blue,31,2,3977,62,0.333
713922183,Existing Customer,1969,M,2,Uneducated,Single,$120K +,Blue,36,2,2507,73,0.502
716443608,Existing Customer,1975,F,3,Unknown,Unknown,Less than $40K,Blue,36,3,7199,78,0.172
827953683,Existing Customer,1980,M,2,Graduate,Married,$60K - $80K,Blue,37,2,3786,75,0.309
789678483,Existing Customer,1971,F,2,High School,Married,Less than $40K,Silver,37,3,13384,77,0
793630083,Attrited Customer,1982,M,2,High School,Single,$120K +,Blue,33,3,1726,34,0.855
756306183,Existing Customer,1979,F,1,College,Married,Less than $40K,Blue,35,1,2873,71,0.876
736893108,Existing Customer,1988,F,2,Doctorate,Single,Less than $40K,Blue,26,3,1438.3,87,0
712900308,Attrited Customer,1977,F,2,College,Single,Less than $40K,Blue,34,3,1751,37,0
798045708,Existing Customer,1979,F,5,Graduate,Married,$40K - $60K,Blue,36,1,7434,76,0
715657833,Existing Customer,1969,F,3,Unknown,Single,Less than $40K,Blue,41,3,1438.3,89,0.547
712111608,Existing Customer,1962,F,2,Post-Graduate,Single,Less than $40K,Blue,54,1,1438.3,72,0
711792783,Existing Customer,1976,F,3,Unknown,Divorced,$40K - $60K,Blue,26,1,2032,80,0.588
716067333,Existing Customer,1960,M,0,Graduate,Married,Unknown,Blue,36,3,6959,84,0.136
780660183,Attrited Customer,1978,F,4,High School,Divorced,Less than $40K,Blue,32,3,8203,46,0
720761208,Attrited Customer,1962,M,1,College,Single,$120K +,Blue,47,4,4789,41,0.075
788794758,Attrited Customer,1975,M,4,Graduate,Single,$40K - $60K,Blue,28,2,2979,38,0
711150333,Attrited Customer,1981,F,3,Graduate,Single,Less than $40K,Blue,31,3,2391,40,0
714418158,Existing Customer,1958,F,0,Uneducated,Single,Less than $40K,Blue,56,2,7264,69,0.117
713634108,Existing Customer,1976,F,3,Graduate,Single,Unknown,Blue,36,2,4348,66,0.421
717231558,Existing Customer,1972,F,4,Graduate,Married,Less than $40K,Blue,43,2,3002,74,0.482
711589758,Existing Customer,1979,M,5,High School,Married,$60K - $80K,Blue,32,2,4162,75,0.394
787481208,Existing Customer,1975,F,1,Unknown,Unknown,Less than $40K,Blue,34,3,2762,78,0.649
715516458,Attrited Customer,1979,F,1,High School,Married,$40K - $60K,Blue,36,3,2705,43,0.898
714998508,Existing Customer,1968,M,3,Uneducated,Married,$120K +,Blue,36,2,3742,62,0.389
713328108,Existing Customer,1961,F,1,College,Married,Less than $40K,Blue,36,2,1671,79,0.627
716229108,Existing Customer,1966,F,3,College,Divorced,Less than $40K,Blue,46,3,3282,84,0.689
820925433,Existing Customer,1971,F,2,Post-Graduate,Single,Less than $40K,Blue,45,3,1529,81,0.464
816129258,Existing Customer,1987,F,2,Post-Graduate,Single,Less than $40K,Blue,29,3,2509,74,0.756
808903308,Attrited Customer,1967,F,1,Unknown,Married,$40K - $60K,Blue,49,3,2471,35,0
713809833,Existing Customer,1979,F,3,Graduate,Unknown,Unknown,Blue,32,3,9749,86,0.088
713542008,Existing Customer,1973,F,3,High School,Unknown,Less than $40K,Blue,37,2,1438.3,83,0
717385083,Existing Customer,1975,M,3,High School,Married,$120K +,Blue,35,2,4916,87,0.228
708652908,Existing Customer,1974,F,5,Uneducated,Married,Less than $40K,Blue,36,6,2291,81,0.619
715644633,Existing Customer,1979,F,3,Graduate,Single,$40K - $60K,Blue,34,2,1528,88,0.537
708761733,Existing Customer,1969,F,3,High School,Married,Unknown,Blue,36,2,8279,63,0.191
714600258,Existing Customer,1976,M,2,Post-Graduate,Married,$60K - $80K,Blue,36,2,5945,70,0.339
823566408,Existing Customer,1977,F,3,Graduate,Married,Less than $40K,Blue,40,2,1438.3,93,0
713373708,Attrited Customer,1967,F,3,Unknown,Single,Less than $40K,Blue,36,3,1857,57,0
708307533,Existing Customer,1979,M,2,Uneducated,Married,$60K - $80K,Blue,30,2,3086,81,0
820085808,Existing Customer,1967,F,3,Graduate,Married,Less than $40K,Blue,49,1,2598,86,0.517
716685033,Existing Customer,1983,F,1,High School,Married,$40K - $60K,Blue,19,1,5559,82,0.288
713063958,Existing Customer,1970,M,1,Graduate,Single,$80K - $120K,Blue,39,1,7562,85,0.143
708371733,Existing Customer,1980,F,3,High School,Married,Less than $40K,Blue,15,1,4662,81,0
780277458,Existing Customer,1969,F,2,Graduate,Single,Less than $40K,Blue,38,2,2904,89,0.867
797232183,Existing Customer,1979,F,4,Unknown,Married,Less than $40K,Blue,36,1,2676,75,0.733
720789933,Existing Customer,1975,F,4,Graduate,Married,Unknown,Blue,32,1,5798,82,0.117
808281483,Existing Customer,1975,F,2,Unknown,Single,Less than $40K,Blue,41,3,2665,76,0.809
712968708,Existing Customer,1966,F,1,High School,Single,$40K - $60K,Blue,47,3,2343,78,0.76
711263058,Existing Customer,1992,F,1,Unknown,Single,Less than $40K,Blue,36,1,2763,80,0.68
788813658,Existing Customer,1959,F,0,Graduate,Single,Unknown,Blue,45,2,10503,88,0
721444758,Existing Customer,1974,F,2,College,Married,Less than $40K,Blue,36,3,2780,78,0.797
711448983,Attrited Customer,1974,F,2,Graduate,Married,Less than $40K,Blue,34,2,2234,37,0.906
712664658,Attrited Customer,1986,F,1,Graduate,Single,Less than $40K,Blue,30,2,1649,54,0
714237033,Attrited Customer,1979,F,4,Uneducated,Married,Unknown,Blue,36,2,5557,39,0.404
718370733,Existing Customer,1973,F,2,Uneducated,Married,Unknown,Blue,35,3,6074,90,0
713726958,Attrited Customer,1981,F,3,Doctorate,Married,Less than $40K,Blue,21,2,1728,38,0
794160408,Existing Customer,1975,F,3,Graduate,Married,Unknown,Blue,40,1,3044,73,0.648
716009883,Existing Customer,1980,F,1,Graduate,Single,$40K - $60K,Blue,28,3,8482,74,0.069
711873033,Attrited Customer,1986,F,3,Unknown,Single,Unknown,Blue,29,2,1438.3,56,0
712715208,Attrited Customer,1969,M,1,High School,Single,$80K - $120K,Blue,44,3,3770,51,0
778899708,Attrited Customer,1965,F,2,Unknown,Single,$40K - $60K,Blue,37,2,2963,47,0
771865908,Attrited Customer,1973,F,2,Graduate,Single,Unknown,Blue,37,2,11750,48,0.041
716273133,Existing Customer,1980,F,3,Graduate,Married,Less than $40K,Blue,36,2,1593,78,0
709927458,Existing Customer,1983,M,3,Graduate,Single,$40K - $60K,Blue,20,3,10486,77,0.147
715162608,Attrited Customer,1973,F,2,Graduate,Single,Less than $40K,Blue,41,2,2168,38,0.61
719862258,Existing Customer,1983,F,2,Uneducated,Single,Unknown,Blue,28,3,5666,90,0.246
788719533,Existing Customer,1968,M,4,Post-Graduate,Married,$80K - $120K,Blue,34,2,13679,61,0
715566408,Existing Customer,1976,F,3,Doctorate,Married,Less than $40K,Blue,36,2,2143,77,0.69
717359208,Existing Customer,1964,F,0,College,Married,Less than $40K,Blue,47,3,4945,72,0.36
721410858,Existing Customer,1967,F,4,High School,Single,Less than $40K,Blue,36,3,1921,90,0.694
779420583,Existing Customer,1976,F,4,Graduate,Single,Less than $40K,Blue,33,1,3001,70,0.685
714222183,Existing Customer,1983,F,3,Graduate,Single,$40K - $60K,Blue,36,1,2132,78,0.508
709079883,Attrited Customer,1976,F,4,Doctorate,Married,Less than $40K,Blue,36,3,1663,38,0.609
721406658,Attrited Customer,1989,F,0,Unknown,Divorced,Less than $40K,Blue,36,3,1732,43,0
713782608,Existing Customer,1975,F,4,Graduate,Single,$40K - $60K,Blue,36,3,2652,83,0.9
720236433,Existing Customer,1980,M,4,College,Married,$80K - $120K,Blue,22,2,5037,67,0.332
785106933,Existing Customer,1970,F,1,Unknown,Single,Unknown,Blue,45,2,6519,71,0.334
716673258,Existing Customer,1961,F,1,Unknown,Single,Less than $40K,Blue,36,1,2347,83,0.634
708341958,Existing Customer,1990,F,1,College,Divorced,Less than $40K,Blue,21,2,2061,86,0.924
797150733,Attrited Customer,1977,M,3,Unknown,Single,$40K - $60K,Blue,38,2,1643,39,0
718279983,Existing Customer,1972,F,1,College,Married,Unknown,Blue,36,3,5039,74,0.494
718548558,Existing Customer,1968,F,3,Unknown,Single,Less than $40K,Blue,42,1,2915,70,0.7
780360558,Existing Customer,1988,F,1,Graduate,Married,Less than $40K,Blue,20,2,1507,87,0
715012833,Existing Customer,1975,F,1,High School,Married,Less than $40K,Blue,36,3,3073,77,0.819
772388508,Existing Customer,1978,F,3,Graduate,Married,Unknown,Blue,32,3,8314,80,0.162
788199858,Existing Customer,1979,F,3,High School,Unknown,Unknown,Blue,34,3,2798,87,0.375
769578108,Existing Customer,1981,M,4,Unknown,Single,$60K - $80K,Blue,26,2,20929,76,0.079
719843958,Existing Customer,1975,M,2,Graduate,Married,$120K +,Blue,34,3,1754,79,0.51
767197983,Existing Customer,1969,F,2,High School,Single,Less than $40K,Blue,45,1,4209,83,0
711874833,Existing Customer,1976,M,3,College,Divorced,$40K - $60K,Blue,37,3,2449,88,0
714930333,Attrited Customer,1982,M,3,College,Married,$80K - $120K,Blue,30,3,4618,49,0
720989133,Existing Customer,1980,F,2,College,Married,Less than $40K,Blue,36,1,1654,82,0.661
720893958,Existing Customer,1972,F,4,Uneducated,Single,Less than $40K,Blue,36,3,1544,53,0.647
769709058,Existing Customer,1961,M,1,Uneducated,Single,$60K - $80K,Blue,54,2,3618,63,0.269
711005583,Existing Customer,1984,M,3,High School,Single,$80K - $120K,Blue,24,2,3437,76,0.31
826548708,Existing Customer,1971,M,2,Graduate,Single,$80K - $120K,Blue,46,3,5965,91,0.104
711093408,Existing Customer,1975,F,2,Doctorate,Married,Less than $40K,Blue,33,3,2644,83,0.574
712831908,Existing Customer,1962,F,1,College,Married,$40K - $60K,Blue,49,2,3481,81,0.173
780222408,Existing Customer,1972,F,5,Graduate,Unknown,Less than $40K,Blue,36,3,3272,83,0.637
714181008,Existing Customer,1986,F,0,Graduate,Married,Less than $40K,Blue,36,2,3019,71,0.484
772346358,Existing Customer,1969,F,3,Uneducated,Single,Less than $40K,Blue,41,1,1801,79,0
717489033,Attrited Customer,1994,F,0,High School,Single,Less than $40K,Blue,18,1,1438.3,40,0
710969433,Existing Customer,1980,F,1,Uneducated,Married,Less than $40K,Blue,31,2,2909,68,0.413
715807383,Existing Customer,1976,F,4,Post-Graduate,Single,$40K - $60K,Blue,36,3,4688,89,0
711807333,Existing Customer,1984,F,2,College,Single,Less than $40K,Blue,26,1,1438.3,84,0
816086508,Existing Customer,1974,F,2,Unknown,Married,Less than $40K,Blue,42,3,1438.3,73,0
714424533,Attrited Customer,1980,F,4,Graduate,Married,Less than $40K,Blue,36,2,1655,37,0
779536233,Existing Customer,1974,F,4,Graduate,Divorced,$40K - $60K,Blue,30,1,1438.3,83,0.418
710794983,Existing Customer,1980,F,3,High School,Single,Unknown,Blue,32,1,4745,78,0.244
779890833,Existing Customer,1970,F,2,High School,Divorced,Less than $40K,Blue,36,1,1438.3,65,0
779837808,Existing Customer,1968,F,2,High School,Married,$40K - $60K,Blue,37,4,5182,85,0.482
713748708,Attrited Customer,1975,F,3,Graduate,Single,Less than $40K,Blue,37,2,1438.3,44,0
709123908,Existing Customer,1978,F,2,Graduate,Married,$40K - $60K,Blue,36,3,4287,82,0
816476658,Attrited Customer,1967,F,2,Unknown,Married,Unknown,Blue,49,4,1812,44,0.992
743800833,Existing Customer,1968,F,3,College,Married,$40K - $60K,Blue,46,1,2304,85,0.497
806415183,Existing Customer,1970,F,0,Doctorate,Married,Unknown,Blue,46,3,13623,83,0.105
794054058,Existing Customer,1971,F,2,Graduate,Single,Less than $40K,Blue,44,1,2765,59,0
771907158,Existing Customer,1967,M,5,Unknown,Married,$120K +,Blue,42,1,3731,88,0.51
815789883,Existing Customer,1975,F,3,College,Single,Less than $40K,Blue,41,3,2485,81,0.346
712177908,Existing Customer,1971,F,4,College,Single,Less than $40K,Blue,36,3,2446,75,0.721
711234783,Attrited Customer,1977,F,4,Unknown,Married,Less than $40K,Blue,28,2,2020,45,0
793379058,Existing Customer,1973,F,3,Graduate,Single,Less than $40K,Blue,42,2,2214,82,0.463
720480183,Existing Customer,1976,F,3,Unknown,Divorced,Less than $40K,Blue,34,2,1811,80,0.435
712974558,Existing Customer,1965,F,2,College,Single,Less than $40K,Blue,43,3,5254,89,0
717409533,Attrited Customer,1985,F,2,Post-Graduate,Single,Less than $40K,Blue,26,2,1821,43,0.816
712200033,Existing Customer,1977,F,4,High School,Single,Less than $40K,Blue,36,3,3024,78,0
713563383,Existing Customer,1971,F,3,Unknown,Single,Less than $40K,Blue,36,3,1930,80,0.493
802795608,Existing Customer,1967,F,2,High School,Single,Less than $40K,Blue,48,3,1517,82,0.367
787452333,Attrited Customer,1982,F,1,High School,Married,Less than $40K,Blue,25,2,2024,36,0
709520058,Attrited Customer,1968,M,5,Uneducated,Married,$120K +,Blue,38,2,19138,43,0
819690933,Existing Customer,1965,M,1,Graduate,Single,$80K - $120K,Blue,51,3,16835,80,0.053
820694133,Attrited Customer,1961,F,0,High School,Married,Unknown,Blue,55,1,5549,38,0
711800658,Attrited Customer,1979,F,3,High School,Single,Less than $40K,Blue,36,3,2145,42,0
717722958,Existing Customer,1978,M,3,Uneducated,Married,$80K - $120K,Blue,36,3,4654,71,0.29
712279683,Attrited Customer,1977,M,3,Graduate,Married,$60K - $80K,Blue,36,3,9114,52,0
716606733,Existing Customer,1988,F,1,Graduate,Single,$40K - $60K,Blue,18,2,3043,85,0.675
716060358,Existing Customer,1968,F,2,Graduate,Married,$40K - $60K,Blue,45,2,4621,82,0.198
709158333,Existing Customer,1977,M,4,Graduate,Single,$60K - $80K,Blue,28,2,2758,96,0.167
721113333,Existing Customer,1967,F,0,Graduate,Married,Less than $40K,Blue,36,2,1740,93,0
712620858,Existing Customer,1987,F,4,Doctorate,Married,Unknown,Blue,36,2,7744,60,0.233
712855683,Existing Customer,1971,F,2,Post-Graduate,Married,Less than $40K,Blue,36,2,3350,89,0.399
715463133,Existing Customer,1981,M,5,High School,Single,$120K +,Blue,31,1,34516,64,0.041
716551533,Existing Customer,1974,F,1,High School,Single,Unknown,Blue,36,1,2874,86,0.766
771220758,Existing Customer,1981,F,3,Doctorate,Single,Unknown,Blue,27,1,2896,83,0.725
709920258,Existing Customer,1980,F,3,Graduate,Divorced,$40K - $60K,Blue,28,1,9294,73,0.19
708959583,Existing Customer,1974,M,2,High School,Married,$60K - $80K,Blue,39,2,9389,84,0.077
712510833,Existing Customer,1977,M,3,College,Married,$40K - $60K,Blue,30,3,9317,81,0.091
710840433,Existing Customer,1987,M,1,College,Unknown,$40K - $60K,Blue,20,1,7452,51,0.222
712853358,Attrited Customer,1982,F,3,High School,Unknown,Less than $40K,Blue,36,3,1817,44,0
788502858,Existing Customer,1963,M,3,High School,Single,$80K - $120K,Blue,51,2,10021,68,0.195
721139808,Existing Customer,1979,F,3,Graduate,Single,Less than $40K,Blue,36,2,2344,80,0.461
711375558,Existing Customer,1973,F,2,Uneducated,Single,$40K - $60K,Blue,34,3,3072,78,0.564
713798958,Existing Customer,1983,F,3,Unknown,Single,Less than $40K,Blue,36,3,1946,87,0.735
709362033,Attrited Customer,1969,F,1,Graduate,Married,Less than $40K,Blue,42,5,1471,48,0
719860308,Attrited Customer,1979,F,2,Graduate,Married,Less than $40K,Blue,36,3,1438.3,48,0
714443058,Attrited Customer,1978,F,4,College,Married,Less than $40K,Blue,28,2,1484,39,0
716315508,Attrited Customer,1984,F,3,Post-Graduate,Married,$40K - $60K,Blue,36,2,3233,32,0.779
717651333,Existing Customer,1966,F,2,Graduate,Single,Less than $40K,Blue,43,3,1745,67,0.669
798489258,Existing Customer,1962,F,1,Uneducated,Divorced,Unknown,Blue,53,3,3709,82,0.323
710742408,Existing Customer,1968,F,2,College,Married,Less than $40K,Blue,43,1,2160,93,0.952
812089383,Existing Customer,1980,M,5,Unknown,Single,$80K - $120K,Blue,36,2,1438.3,88,0.62
711968358,Existing Customer,1966,F,4,Graduate,Single,Less than $40K,Blue,44,2,2638,77,0.539
794227308,Existing Customer,1965,M,2,College,Married,$80K - $120K,Blue,50,1,10214,79,0.14
719845908,Existing Customer,1969,F,3,Uneducated,Single,Less than $40K,Blue,36,1,3240,83,0
716851908,Existing Customer,1963,F,5,Unknown,Married,$40K - $60K,Blue,47,3,2038,70,0.539
720599658,Existing Customer,1972,M,1,Unknown,Married,$40K - $60K,Blue,36,2,1438.3,75,0
720401658,Attrited Customer,1968,F,3,Graduate,Single,Less than $40K,Blue,34,3,1438.3,38,0.716
827442858,Existing Customer,1965,M,3,High School,Divorced,$80K - $120K,Blue,52,3,8111,69,0.253
779034708,Existing Customer,1961,F,0,Doctorate,Married,Unknown,Blue,41,3,10730,71,0.09
718806783,Attrited Customer,1975,F,3,Uneducated,Married,Unknown,Blue,36,3,2872,41,0.124
714484008,Attrited Customer,1972,F,4,Uneducated,Married,Less than $40K,Blue,31,3,1567,41,0
719176308,Attrited Customer,1978,M,3,College,Divorced,$80K - $120K,Blue,32,3,7278,43,0
769662033,Existing Customer,1976,F,2,College,Unknown,Less than $40K,Blue,29,2,1438.3,85,0
721020858,Existing Customer,1987,F,1,College,Single,Unknown,Blue,20,2,3190,66,0.614
714630858,Attrited Customer,1985,F,1,Uneducated,Unknown,Less than $40K,Blue,36,3,1470,39,0.312
710838108,Existing Customer,1976,M,2,Graduate,Married,$80K - $120K,Blue,36,4,3081,72,0.817
712662783,Attrited Customer,1978,F,2,College,Married,Unknown,Blue,36,2,3793,57,0.664
713160258,Existing Customer,1967,F,2,Graduate,Married,Less than $40K,Blue,44,2,3034,90,0.67
778163508,Existing Customer,1984,F,2,High School,Married,Unknown,Blue,27,1,5245,70,0.199
713785608,Existing Customer,1972,F,1,Doctorate,Single,Less than $40K,Blue,40,2,2960,63,0
779905008,Attrited Customer,1967,F,4,Graduate,Unknown,$40K - $60K,Blue,38,2,1779,41,0
789491058,Existing Customer,1978,F,4,Graduate,Married,Less than $40K,Blue,34,3,1620,82,0
793736958,Existing Customer,1972,M,3,High School,Single,$120K +,Blue,43,2,21680,86,0.073
720961383,Attrited Customer,1974,F,3,Uneducated,Single,Unknown,Blue,36,3,2952,60,0
714202008,Attrited Customer,1968,F,2,High School,Married,Less than $40K,Blue,36,3,3918,42,0.642
721479108,Existing Customer,1969,M,1,Uneducated,Single,$120K +,Blue,41,1,12764,64,0
715549158,Existing Customer,1992,F,1,Graduate,Married,Less than $40K,Blue,36,2,1438.3,84,0
710308983,Existing Customer,1971,F,3,Graduate,Unknown,Less than $40K,Blue,39,1,3287,83,0.766
710981583,Existing Customer,1977,F,5,Unknown,Single,$40K - $60K,Blue,36,1,3891,86,0.261
712704933,Attrited Customer,1972,F,4,High School,Unknown,$40K - $60K,Blue,43,3,4048,41,0
716165508,Existing Customer,1970,M,2,Uneducated,Married,$60K - $80K,Blue,40,1,3559,94,0
710630583,Existing Customer,1974,M,3,High School,Single,$60K - $80K,Blue,39,1,2843,77,0.616
709571958,Existing Customer,1963,F,2,Graduate,Single,Less than $40K,Blue,47,1,2127,65,0
790115358,Existing Customer,1982,F,2,Unknown,Single,Less than $40K,Blue,32,1,4325,77,0.559
715904433,Attrited Customer,1979,F,4,College,Married,$40K - $60K,Blue,34,3,1695,46,0
709078908,Existing Customer,1973,F,3,High School,Single,Less than $40K,Blue,32,2,2648,89,0.581
717541308,Existing Customer,1960,F,2,Graduate,Single,Less than $40K,Blue,45,2,2602,85,0.554
779916408,Existing Customer,1982,F,4,Graduate,Single,Unknown,Blue,23,3,1811,70,0
714979383,Existing Customer,1965,M,3,Graduate,Single,$60K - $80K,Blue,46,2,1891,77,0.6
711691608,Attrited Customer,1975,F,4,Graduate,Single,Less than $40K,Blue,36,3,2881,49,0.85
788930358,Existing Customer,1979,F,4,College,Single,$40K - $60K,Blue,28,2,2827,81,0.671
716351208,Existing Customer,1973,F,3,Uneducated,Married,Less than $40K,Blue,38,3,4095,77,0.615
708266883,Attrited Customer,1987,F,2,Graduate,Single,Less than $40K,Blue,36,2,1666,35,0
718858683,Existing Customer,1979,F,1,Graduate,Married,Less than $40K,Blue,36,3,1438.3,76,0
771617883,Existing Customer,1967,F,2,High School,Single,$40K - $60K,Blue,42,2,2205,82,0.595
718001508,Existing Customer,1980,F,3,Graduate,Married,Less than $40K,Blue,29,1,2890,84,0.744
708995283,Existing Customer,1971,F,1,Graduate,Unknown,Unknown,Blue,36,1,10417,75,0.22
721173183,Existing Customer,1964,F,2,Uneducated,Married,Unknown,Blue,43,1,2363,85,0.794
711102858,Attrited Customer,1973,F,2,Doctorate,Single,Unknown,Blue,36,2,3137,34,0.274
711722808,Attrited Customer,1970,F,4,Graduate,Single,Less than $40K,Blue,44,3,1483,40,0
787466808,Existing Customer,1986,F,0,Unknown,Married,Less than $40K,Blue,22,2,3009,82,0.836
716116383,Existing Customer,1976,F,1,Unknown,Married,Less than $40K,Blue,36,2,5087,77,0.495
713257083,Existing Customer,1975,F,4,Unknown,Married,$40K - $60K,Blue,36,3,1925,66,0.624
772661808,Existing Customer,1965,M,3,Graduate,Married,$120K +,Blue,46,1,7234,83,0.284
713382558,Existing Customer,1964,F,3,College,Single,Less than $40K,Blue,42,1,2063,81,0.462
717596883,Existing Customer,1963,F,0,Graduate,Single,$40K - $60K,Blue,39,3,5530,78,0.223
712993008,Existing Customer,1963,F,1,Unknown,Single,Less than $40K,Blue,48,3,3819,68,0.493
824763783,Existing Customer,1962,F,0,College,Single,Less than $40K,Blue,55,2,2645,76,0.426
771730758,Existing Customer,1970,F,1,High School,Single,Unknown,Blue,39,3,5448,75,0
780265458,Existing Customer,1965,F,2,Uneducated,Single,Less than $40K,Blue,42,2,3495,85,0.408
714256758,Existing Customer,1971,M,2,Unknown,Single,$60K - $80K,Blue,36,1,8074,66,0
710292333,Attrited Customer,1977,F,3,High School,Married,Unknown,Blue,36,3,7772,52,0
712171158,Existing Customer,1979,F,2,High School,Married,Less than $40K,Blue,30,1,3124,79,0
787339158,Attrited Customer,1965,M,1,Graduate,Married,$80K - $120K,Blue,50,6,8688,41,0
788782008,Existing Customer,1972,F,3,Unknown,Married,Less than $40K,Gold,30,3,15987,69,0
714848958,Attrited Customer,1974,F,2,Graduate,Single,Less than $40K,Gold,37,2,15109,43,0.059
714987633,Existing Customer,1979,M,3,Graduate,Married,$60K - $80K,Blue,36,2,4953,53,0.412
717684858,Existing Customer,1971,M,3,Uneducated,Single,$120K +,Blue,38,3,22304,60,0.06
767376483,Existing Customer,1994,F,1,College,Married,Less than $40K,Blue,20,3,1893,91,0
709901058,Existing Customer,1983,M,1,High School,Single,$40K - $60K,Blue,30,2,2232,80,0.521
823149483,Existing Customer,1969,F,1,Post-Graduate,Single,$40K - $60K,Blue,48,5,1766,76,0
780073158,Existing Customer,1962,M,0,High School,Single,Less than $40K,Blue,44,1,3790,85,0.303
779998083,Existing Customer,1988,M,3,High School,Married,$40K - $60K,Blue,23,2,6392,66,0.224
713144208,Attrited Customer,1970,F,0,High School,Married,Unknown,Blue,42,4,9989,49,0.057
771594783,Attrited Customer,1965,F,1,College,Married,Unknown,Blue,44,4,1438.3,37,0
816613158,Existing Customer,1973,F,1,Doctorate,Married,Less than $40K,Blue,43,3,2559,69,0.592
770774133,Existing Customer,1968,M,3,Graduate,Single,$80K - $120K,Silver,39,2,34516,70,0.035
712300683,Existing Customer,1980,F,1,Graduate,Single,Less than $40K,Blue,32,2,1438.3,96,0
714536208,Existing Customer,1971,F,3,Uneducated,Married,Less than $40K,Blue,36,2,2473,73,0.677
784880958,Existing Customer,1987,F,4,Graduate,Single,$40K - $60K,Blue,28,3,4022,84,0.418
713784558,Existing Customer,1962,F,1,Graduate,Single,$40K - $60K,Blue,36,2,3510,77,0.268
719305608,Attrited Customer,1964,F,3,High School,Single,Less than $40K,Blue,36,3,2347,47,0.81
720190083,Attrited Customer,1965,F,3,Unknown,Single,Less than $40K,Blue,39,3,1632,47,0
708323208,Attrited Customer,1972,F,3,Uneducated,Married,Less than $40K,Blue,36,2,1522,36,0
781183233,Existing Customer,1977,F,3,High School,Single,Less than $40K,Blue,25,1,2085,79,0.733
718825908,Existing Customer,1961,F,1,Doctorate,Single,Unknown,Blue,47,1,3803,78,0.381
716963283,Attrited Customer,1974,F,3,Graduate,Unknown,Less than $40K,Blue,38,2,3165,49,0.795
714924483,Existing Customer,1961,F,1,Unknown,Single,Less than $40K,Blue,46,3,4628,92,0.503
779922183,Existing Customer,1969,F,1,High School,Married,Less than $40K,Blue,36,2,2253,81,0.879
719449533,Attrited Customer,1972,F,3,Uneducated,Single,$40K - $60K,Blue,38,2,2655,49,0.86
712559058,Existing Customer,1967,M,0,High School,Single,$80K - $120K,Blue,45,3,20882,76,0.073
717853233,Existing Customer,1980,M,2,College,Married,$80K - $120K,Blue,31,1,3306,76,0.214
790069233,Existing Customer,1976,F,3,High School,Divorced,Less than $40K,Blue,37,1,2052,72,0
794576058,Existing Customer,1979,M,3,Graduate,Married,$80K - $120K,Blue,26,2,8480,76,0.158
779877858,Existing Customer,1968,F,2,College,Unknown,Less than $40K,Blue,37,3,2081,80,0.645
772334133,Existing Customer,1968,F,1,Graduate,Married,Unknown,Blue,42,1,4637,86,0
714139308,Existing Customer,1968,M,3,Uneducated,Married,$60K - $80K,Blue,42,5,1438.3,81,0
806634783,Existing Customer,1983,F,2,College,Married,Less than $40K,Blue,33,3,3420,75,0.411
720101658,Existing Customer,1995,F,0,Graduate,Single,Less than $40K,Blue,19,1,3416,70,0.325
719925483,Existing Customer,1975,M,4,Graduate,Married,$80K - $120K,Blue,36,1,2171,88,0.48
719572833,Existing Customer,1964,F,3,Graduate,Unknown,$40K - $60K,Blue,46,2,2791,83,0.555
720729108,Existing Customer,1989,F,0,Unknown,Single,Less than $40K,Blue,17,2,4445,87,0.243
819214233,Existing Customer,1978,F,3,Graduate,Married,Less than $40K,Blue,38,2,1530,84,0
718896108,Existing Customer,1973,F,3,High School,Unknown,Less than $40K,Blue,36,1,1438.3,84,0
713723433,Existing Customer,1969,F,4,High School,Single,Less than $40K,Blue,44,1,5721,79,0
708514383,Existing Customer,1983,F,2,College,Married,Unknown,Blue,29,1,3809,81,0.308
716961033,Existing Customer,1973,F,3,High School,Single,Less than $40K,Blue,40,3,3520,78,0.611
778819083,Attrited Customer,1980,F,2,Doctorate,Married,$40K - $60K,Blue,33,3,1604,47,0
714773508,Attrited Customer,1967,F,1,Graduate,Married,$40K - $60K,Blue,46,4,1632,43,0.215
814181433,Existing Customer,1975,M,5,College,Married,$40K - $60K,Blue,41,3,3914,64,0.43
711984633,Existing Customer,1985,F,3,Graduate,Married,Less than $40K,Blue,27,2,2328,89,0.839
710662158,Existing Customer,1980,M,4,Unknown,Married,$120K +,Blue,34,3,34516,41,0.073
711356733,Existing Customer,1976,F,5,Unknown,Single,Less than $40K,Blue,36,2,3883,90,0.218
711456108,Attrited Customer,1975,F,4,Unknown,Married,$40K - $60K,Blue,39,3,1438.3,44,0.569
780727833,Existing Customer,1970,F,3,High School,Single,Less than $40K,Blue,41,4,3229,95,0.779
771471708,Existing Customer,1977,F,2,Graduate,Unknown,Less than $40K,Blue,32,1,3080,77,0.577
714320358,Existing Customer,1983,F,2,College,Single,Less than $40K,Blue,33,1,2569,56,0.501
720700008,Existing Customer,1971,F,1,High School,Single,Less than $40K,Blue,36,1,4517,81,0.495
713027058,Attrited Customer,1975,F,4,Doctorate,Single,Less than $40K,Blue,36,2,2292,31,0
778228458,Existing Customer,1969,F,3,Uneducated,Single,Less than $40K,Blue,42,3,2510,70,0.768
781137783,Attrited Customer,1981,M,3,High School,Unknown,Less than $40K,Blue,33,3,2420,43,0.079
719821908,Attrited Customer,1983,F,2,High School,Single,Less than $40K,Blue,16,1,2703,43,0
720537633,Existing Customer,1977,F,3,Doctorate,Married,Less than $40K,Blue,36,3,3047,85,0.702
712378983,Attrited Customer,1967,M,1,Unknown,Single,$80K - $120K,Blue,47,6,7570,61,0.127
763681908,Existing Customer,1987,F,3,Unknown,Married,Less than $40K,Blue,27,2,5795,78,0.159
721164483,Existing Customer,1975,F,2,College,Married,$40K - $60K,Blue,34,1,1441,84,0.446
715447008,Existing Customer,1971,F,3,Graduate,Married,Less than $40K,Blue,36,3,2999,83,0.606
769676358,Existing Customer,1983,M,2,High School,Single,$60K - $80K,Blue,32,1,1438.3,76,0.91
710487033,Existing Customer,1977,F,2,High School,Married,$40K - $60K,Blue,28,3,1438.3,78,0
714197133,Attrited Customer,1970,F,3,College,Married,$40K - $60K,Blue,36,3,4762,52,0
718488783,Existing Customer,1981,M,3,College,Unknown,$40K - $60K,Blue,30,2,4802,66,0.354
715663458,Existing Customer,1970,F,4,Unknown,Married,Less than $40K,Blue,39,3,2268,88,0.287
717865008,Existing Customer,1970,F,1,Unknown,Married,$40K - $60K,Blue,36,1,1438.3,81,0.325
771400608,Existing Customer,1965,F,2,Graduate,Married,Unknown,Blue,44,1,8204,76,0.168
708148158,Existing Customer,1982,F,4,Unknown,Married,Unknown,Blue,21,3,1827,86,0
720589008,Existing Customer,1974,F,3,Doctorate,Unknown,Unknown,Blue,38,3,4072,83,0.391
784795083,Existing Customer,1990,F,1,High School,Divorced,Less than $40K,Blue,25,1,1984,73,0
809844108,Existing Customer,1973,M,2,Doctorate,Single,$60K - $80K,Blue,43,1,8086,78,0
711521958,Existing Customer,1970,F,2,Unknown,Single,Less than $40K,Blue,36,2,1588,68,0.948
711833508,Existing Customer,1974,M,2,High School,Single,$40K - $60K,Blue,27,3,1536,89,0
713146683,Existing Customer,1986,F,1,High School,Unknown,Unknown,Blue,36,3,4460,79,0
716968683,Existing Customer,1975,F,5,High School,Single,Unknown,Blue,38,2,11287,72,0.134
716279508,Attrited Customer,1973,M,3,College,Married,$80K - $120K,Blue,41,3,3430,46,0.734
771336783,Existing Customer,1970,F,3,High School,Single,Less than $40K,Blue,38,3,1759,81,0.765
717502083,Attrited Customer,1980,M,3,Doctorate,Single,$120K +,Blue,28,2,6314,44,0
714843483,Existing Customer,1964,F,3,Uneducated,Single,Unknown,Blue,48,1,7176,83,0.208
709745508,Attrited Customer,1963,F,2,Unknown,Divorced,$40K - $60K,Blue,47,4,2295,40,0
711382458,Attrited Customer,1978,M,5,Graduate,Married,$60K - $80K,Blue,38,3,1438.3,49,0
712190358,Existing Customer,1973,F,4,Uneducated,Married,Less than $40K,Blue,29,3,1843,73,0.978
788805858,Existing Customer,1972,M,3,College,Divorced,$40K - $60K,Blue,31,3,2181,89,0.558
709102458,Attrited Customer,1974,M,2,High School,Single,$80K - $120K,Blue,36,3,4754,41,0
712533708,Existing Customer,1978,M,0,High School,Single,$80K - $120K,Blue,36,2,11247,85,0
720326733,Existing Customer,1966,M,2,Graduate,Single,$120K +,Blue,47,3,16258,58,0.053
713605908,Existing Customer,1972,M,3,Graduate,Married,$120K +,Blue,37,1,34516,69,0.038
711598533,Existing Customer,1978,M,1,High School,Married,$60K - $80K,Blue,36,2,4255,75,0.406
795855258,Existing Customer,1973,F,4,College,Single,Less than $40K,Blue,42,3,1438.3,82,0
826783233,Existing Customer,1964,F,3,High School,Single,Less than $40K,Blue,53,3,3029,89,0.731
789228108,Existing Customer,1965,F,4,Graduate,Single,Unknown,Blue,45,2,9091,86,0.144
785230083,Existing Customer,1971,M,2,Uneducated,Single,$60K - $80K,Blue,44,2,3318,80,0.708
807946833,Attrited Customer,1977,F,2,Graduate,Single,Less than $40K,Blue,39,3,1791,36,0
711011508,Existing Customer,1978,F,3,Graduate,Single,Less than $40K,Blue,35,3,1620,91,0.476
718632933,Existing Customer,1963,F,1,College,Single,Less than $40K,Blue,46,5,1552,71,0
717284133,Existing Customer,1968,F,1,High School,Married,Less than $40K,Blue,41,2,3472,84,0.725
711701058,Existing Customer,1973,F,4,Graduate,Married,Less than $40K,Silver,36,2,10973,94,0.134
712228458,Existing Customer,1971,M,2,Unknown,Unknown,$120K +,Blue,32,3,25645,63,0.042
717146208,Attrited Customer,1962,F,1,Graduate,Single,Less than $40K,Blue,51,4,4257,50,0.591
719028783,Existing Customer,1979,F,1,Graduate,Married,Less than $40K,Blue,29,3,3422,74,0
713274183,Existing Customer,1976,F,1,Graduate,Single,Less than $40K,Blue,35,1,4977,85,0.284
789218433,Existing Customer,1988,F,3,Unknown,Married,$40K - $60K,Blue,22,3,1438.3,86,0
790139583,Existing Customer,1982,F,0,Graduate,Divorced,Less than $40K,Blue,32,2,1438.3,64,0.557
720218658,Existing Customer,1981,F,1,Unknown,Married,Unknown,Blue,26,3,3369,96,0.224
747074058,Existing Customer,1974,F,3,Unknown,Single,Unknown,Blue,40,3,7114,81,0.23
719170683,Existing Customer,1983,M,1,Unknown,Single,$80K - $120K,Blue,29,2,10972,73,0
708753633,Existing Customer,1976,F,3,Doctorate,Married,$40K - $60K,Blue,32,1,1438.3,77,0
710780883,Existing Customer,1973,F,5,Uneducated,Single,$40K - $60K,Blue,38,2,2446,78,0.597
785237958,Attrited Customer,1976,M,5,College,Married,$60K - $80K,Blue,39,3,3439,35,0
711333933,Existing Customer,1965,F,3,Post-Graduate,Single,$40K - $60K,Blue,36,1,3005,72,0.552
710797833,Existing Customer,1971,F,5,Graduate,Married,Less than $40K,Blue,30,3,2033,95,0.414
720154533,Existing Customer,1968,F,4,Graduate,Unknown,Less than $40K,Blue,39,3,2415,78,0.68
719123958,Attrited Customer,1981,M,4,Unknown,Divorced,$60K - $80K,Blue,27,2,5051,45,0
780942633,Existing Customer,1972,M,4,High School,Married,Unknown,Blue,32,1,3519,68,0.38
720034983,Existing Customer,1995,M,0,Unknown,Unknown,Less than $40K,Silver,13,1,10254,68,0
717307158,Existing Customer,1973,F,3,Unknown,Single,Less than $40K,Blue,36,1,1853,79,0.709
708876183,Existing Customer,1970,M,1,High School,Single,$60K - $80K,Silver,43,3,28673,69,0
712660308,Attrited Customer,1977,F,1,High School,Single,Less than $40K,Blue,36,3,1895,40,0
715958583,Existing Customer,1965,F,2,High School,Married,Less than $40K,Blue,43,2,2041,63,0.567
771546708,Existing Customer,1975,F,2,Graduate,Single,Less than $40K,Blue,34,2,1438.3,81,0
711252258,Existing Customer,1967,F,1,High School,Single,Less than $40K,Blue,36,3,1572,54,0.627
772585008,Existing Customer,1973,F,4,High School,Married,Unknown,Blue,38,3,3187,90,0.608
751143858,Existing Customer,1962,F,1,High School,Single,Unknown,Blue,52,1,7427,91,0.326
708824958,Existing Customer,1971,F,4,High School,Single,Less than $40K,Blue,42,1,1460,63,0
819612933,Existing Customer,1969,M,3,Graduate,Single,$80K - $120K,Blue,47,3,25410,70,0
712804383,Existing Customer,1965,F,0,College,Married,Less than $40K,Blue,38,1,2143,82,0.557
790149483,Existing Customer,1979,M,3,Uneducated,Single,$40K - $60K,Blue,35,3,8566,89,0.173
712121508,Existing Customer,1978,M,3,Uneducated,Single,$60K - $80K,Blue,30,2,1438.3,89,0
778853358,Existing Customer,1962,F,0,College,Single,Less than $40K,Blue,40,3,3297,91,0
716512383,Existing Customer,1982,F,2,High School,Married,Less than $40K,Blue,36,3,2816,87,0.894
823548858,Attrited Customer,1968,F,4,Graduate,Married,Unknown,Blue,49,5,10533,48,0.031
712144158,Attrited Customer,1968,F,1,Graduate,Single,Less than $40K,Blue,48,6,2370,45,0.492
824560758,Attrited Customer,1986,F,3,Graduate,Single,Less than $40K,Blue,31,3,1678,61,0
757710783,Attrited Customer,1985,F,1,Graduate,Married,Less than $40K,Blue,29,2,1493,63,0
713081583,Existing Customer,1970,F,4,Unknown,Married,Less than $40K,Blue,32,2,2350,86,0.541
710481333,Attrited Customer,1971,F,4,High School,Married,Less than $40K,Blue,36,3,2690,57,0.6
721060083,Existing Customer,1979,F,3,College,Married,Unknown,Blue,27,1,7226,71,0.261
713759583,Existing Customer,1967,F,3,High School,Married,Less than $40K,Blue,36,1,3173,71,0.574
717547383,Existing Customer,1978,F,2,Graduate,Married,Less than $40K,Blue,32,3,2890,77,0.482
711683358,Attrited Customer,1975,F,3,High School,Unknown,Less than $40K,Blue,41,3,3313,44,0
710044308,Existing Customer,1981,F,4,Graduate,Single,$40K - $60K,Blue,27,2,2625,47,0.607
713101383,Existing Customer,1977,F,2,Unknown,Married,$40K - $60K,Blue,36,1,1834,87,0
757685733,Existing Customer,1978,F,2,Graduate,Single,Less than $40K,Blue,36,2,3226,75,0.665
717823383,Existing Customer,1965,M,4,Unknown,Married,$60K - $80K,Blue,47,1,3426,81,0.537
796029483,Existing Customer,1972,F,3,Graduate,Married,Less than $40K,Blue,43,3,2174,78,0.361
710099358,Existing Customer,1961,F,1,Unknown,Single,$40K - $60K,Blue,36,3,3959,92,0
713872008,Existing Customer,1972,F,1,High School,Married,Less than $40K,Blue,42,3,2215,72,0.608
788802483,Existing Customer,1974,F,3,Uneducated,Unknown,Less than $40K,Blue,29,2,2814,87,0.567
817988433,Existing Customer,1965,M,3,Unknown,Single,$60K - $80K,Blue,51,2,6941,78,0.146
823554783,Existing Customer,1977,F,3,College,Single,Unknown,Blue,40,1,3269,85,0
710643183,Existing Customer,1979,F,2,High School,Single,Less than $40K,Blue,23,2,3172,83,0.366
779859558,Attrited Customer,1967,F,3,High School,Married,Less than $40K,Blue,38,2,2452,29,0.413
798238008,Existing Customer,1985,F,2,Uneducated,Married,Less than $40K,Blue,30,1,5070,85,0
811974483,Existing Customer,1965,M,2,Graduate,Single,$40K - $60K,Blue,51,3,1466,86,0.493
778471758,Existing Customer,1969,F,2,Graduate,Married,Less than $40K,Blue,37,3,2427,85,0.973
718513233,Existing Customer,1962,M,2,Graduate,Single,$120K +,Blue,48,3,17999,78,0.103
718147233,Existing Customer,1977,F,1,High School,Married,$40K - $60K,Blue,31,2,4553,95,0.338
713700258,Existing Customer,1966,F,1,Post-Graduate,Married,Unknown,Blue,42,3,2953,79,0.642
780670083,Attrited Customer,1982,F,2,Unknown,Unknown,$40K - $60K,Blue,28,2,4363,48,0
711438033,Existing Customer,1964,F,1,Graduate,Married,Less than $40K,Blue,45,3,1894,73,0
712253058,Existing Customer,1973,F,3,High School,Married,Less than $40K,Blue,40,2,2097,83,0.598
713519508,Existing Customer,1974,M,4,High School,Divorced,$60K - $80K,Blue,36,1,1983,80,0.499
789992733,Existing Customer,1971,F,1,Unknown,Unknown,Less than $40K,Blue,42,1,2210,75,0.696
710110683,Existing Customer,1969,M,2,College,Married,$60K - $80K,Blue,36,1,7879,83,0.128
720260433,Existing Customer,1975,F,3,High School,Married,$40K - $60K,Blue,34,3,3336,95,0.506
714148758,Existing Customer,1987,F,2,Post-Graduate,Married,Less than $40K,Blue,27,3,1726,68,0.81
715522233,Existing Customer,1976,F,3,Doctorate,Single,Less than $40K,Blue,27,6,2917,92,0.522
712790358,Attrited Customer,1982,F,3,Uneducated,Married,Unknown,Blue,30,3,3023,44,0.446
714943233,Existing Customer,1972,M,2,Doctorate,Married,$40K - $60K,Blue,31,2,1915,80,0.807
789579033,Existing Customer,1978,M,3,Graduate,Unknown,$40K - $60K,Blue,36,3,4878,84,0.43
708952758,Existing Customer,1980,F,3,College,Married,Less than $40K,Blue,35,1,2066,76,0.746
721374033,Existing Customer,1968,F,1,High School,Married,$40K - $60K,Blue,39,3,2164,69,0.515
808891983,Existing Customer,1979,F,5,Graduate,Unknown,Less than $40K,Blue,37,3,6250,60,0.294
794516508,Existing Customer,1978,F,3,High School,Married,Less than $40K,Blue,24,2,1484,81,0
714032883,Existing Customer,1976,M,2,College,Unknown,$40K - $60K,Blue,36,1,4718,80,0.337
778722033,Existing Customer,1977,F,2,Uneducated,Married,Less than $40K,Blue,28,2,2275,77,0.556
823578483,Existing Customer,1977,F,4,High School,Single,Less than $40K,Blue,40,1,1438.3,78,0.813
715148658,Existing Customer,1970,F,2,Graduate,Married,Less than $40K,Blue,43,3,3683,86,0.282
709669533,Existing Customer,1983,F,1,High School,Divorced,Less than $40K,Blue,30,3,2722,88,0.479
787467858,Existing Customer,1978,M,1,High School,Married,$80K - $120K,Silver,30,1,34516,54,0.059
708671733,Existing Customer,1973,M,4,Graduate,Married,$60K - $80K,Blue,36,3,2072,71,0.723
709790058,Existing Customer,1968,M,4,Graduate,Married,$120K +,Blue,40,1,6383,87,0.237
712714008,Existing Customer,1982,F,4,Unknown,Married,$40K - $60K,Blue,28,3,2725,81,0.845
715191258,Existing Customer,1974,F,5,Unknown,Married,Unknown,Blue,41,2,2675,64,0.747
757722708,Existing Customer,1979,M,3,College,Married,$60K - $80K,Blue,35,3,1438.3,83,0
718086783,Existing Customer,1971,M,5,Uneducated,Married,$120K +,Blue,36,2,13478,56,0
815253708,Existing Customer,1975,F,2,High School,Divorced,Less than $40K,Blue,41,2,2841,73,0.636
715083633,Existing Customer,1988,F,1,Uneducated,Married,Less than $40K,Blue,23,2,1830,76,0.971
792098883,Existing Customer,1984,M,2,Doctorate,Single,$120K +,Blue,31,1,2360,82,0.51
711873858,Existing Customer,1978,M,3,High School,Married,$60K - $80K,Blue,35,3,3717,91,0.506
713931258,Attrited Customer,1965,F,3,Graduate,Married,Less than $40K,Blue,45,3,1438.3,42,0
787591008,Existing Customer,1979,M,3,Uneducated,Divorced,$60K - $80K,Blue,34,1,2289,83,0.522
801518958,Existing Customer,1965,F,1,Graduate,Married,Unknown,Blue,50,3,5338,69,0
713068833,Existing Customer,1977,F,3,Uneducated,Single,Less than $40K,Blue,32,2,1438.3,85,0.622
710566533,Existing Customer,1981,M,1,Unknown,Married,$60K - $80K,Blue,27,3,2276,67,0.603
789151983,Existing Customer,1978,F,4,Graduate,Unknown,$40K - $60K,Blue,31,3,4091,87,0.271
766673433,Existing Customer,1976,M,4,Unknown,Married,$80K - $120K,Blue,38,3,3798,80,0.413
807589908,Existing Customer,1974,F,5,Unknown,Married,Less than $40K,Blue,42,2,1778,80,0.462
708190158,Attrited Customer,1983,F,3,High School,Single,Less than $40K,Blue,26,3,2920,41,0.831
784895358,Attrited Customer,1972,F,1,Graduate,Married,Less than $40K,Blue,43,3,1938,49,0
710090133,Existing Customer,1959,F,1,College,Divorced,Less than $40K,Blue,51,3,4049,80,0.416
799242033,Existing Customer,1976,M,4,Doctorate,Married,$80K - $120K,Blue,39,3,1438.3,86,0.808
719377383,Existing Customer,1981,M,2,College,Single,$60K - $80K,Blue,28,2,10880,90,0.186
710371683,Existing Customer,1970,M,4,Doctorate,Married,$60K - $80K,Blue,36,1,3451,67,0.581
719926683,Existing Customer,1980,M,3,High School,Divorced,$60K - $80K,Blue,33,2,20749,77,0.105
793597833,Existing Customer,1972,F,0,Post-Graduate,Single,Less than $40K,Blue,43,3,2481,69,0.632
713739708,Existing Customer,1960,M,0,High School,Single,$60K - $80K,Blue,53,3,2415,71,0.849
709389558,Existing Customer,1988,F,4,College,Single,Less than $40K,Blue,36,3,1438.3,85,0
811907583,Existing Customer,1976,F,4,Uneducated,Single,Unknown,Blue,40,2,7600,67,0.207
709087983,Existing Customer,1986,F,3,Doctorate,Single,Less than $40K,Blue,27,2,1438.3,94,0
712774908,Existing Customer,1980,F,4,High School,Married,Less than $40K,Blue,29,2,2601,83,0.715
820639908,Existing Customer,1973,F,4,High School,Married,Unknown,Blue,44,2,2625,81,0.959
713497983,Existing Customer,1972,M,5,High School,Single,$60K - $80K,Blue,36,2,5578,53,0
713489358,Existing Customer,1969,F,2,Graduate,Married,Less than $40K,Blue,40,3,3698,82,0
711381183,Existing Customer,1970,F,2,Unknown,Married,$40K - $60K,Blue,36,3,1438.3,85,0.793
814989933,Existing Customer,1976,F,4,College,Unknown,Less than $40K,Blue,40,2,1795,73,0.589
711847833,Existing Customer,1979,F,2,Graduate,Single,Less than $40K,Blue,32,2,1933,71,0.583
772837083,Existing Customer,1980,M,3,Graduate,Married,$120K +,Blue,32,3,27169,87,0
713652783,Existing Customer,1991,F,0,Unknown,Single,Less than $40K,Blue,36,1,2367,90,0.515
719202708,Existing Customer,1967,F,3,High School,Married,Less than $40K,Blue,36,2,5642,84,0.096
714566133,Existing Customer,1961,F,2,Graduate,Married,Less than $40K,Blue,36,2,3239,91,0.727
717553683,Existing Customer,1969,F,1,Unknown,Married,Less than $40K,Blue,36,1,3040,61,0.828
814987983,Existing Customer,1984,F,2,College,Single,$40K - $60K,Blue,32,1,3680,77,0.186
789588933,Existing Customer,1977,M,2,Graduate,Married,$60K - $80K,Blue,37,1,1787,79,0
714317058,Existing Customer,1969,M,2,Graduate,Married,$60K - $80K,Blue,36,3,4752,63,0.513
772271508,Attrited Customer,1975,F,3,Uneducated,Single,Unknown,Blue,35,3,1706,42,0
716366208,Existing Customer,1976,F,2,Uneducated,Married,Unknown,Blue,36,1,8103,82,0
710971908,Existing Customer,1978,M,1,High School,Married,$60K - $80K,Blue,31,3,3764,80,0.473
711412533,Attrited Customer,1981,F,3,High School,Single,Less than $40K,Blue,35,3,5492,45,0.286
720593583,Existing Customer,1982,F,2,Doctorate,Divorced,Less than $40K,Blue,32,2,3554,90,0.21
720165258,Existing Customer,1977,F,2,High School,Unknown,Less than $40K,Blue,29,3,3170,91,0.735
716147658,Existing Customer,1972,F,2,Uneducated,Single,Unknown,Blue,40,3,2464,86,0.65
778436283,Existing Customer,1980,M,4,High School,Single,Less than $40K,Blue,21,3,3429,76,0.439
711492258,Existing Customer,1971,M,2,Graduate,Married,$60K - $80K,Blue,45,1,2021,71,0.781
771106458,Existing Customer,1967,F,4,College,Married,Less than $40K,Blue,41,5,2444,61,0.537
713183508,Existing Customer,1982,F,1,High School,Married,Unknown,Blue,36,3,2751,82,0.421
710832108,Existing Customer,1969,F,2,Unknown,Single,$40K - $60K,Blue,44,3,9017,81,0.262
719940483,Existing Customer,1970,F,1,Graduate,Married,$40K - $60K,Blue,43,2,2107,88,0.789
715207458,Existing Customer,1975,F,1,Unknown,Single,Less than $40K,Blue,39,2,2029,90,0.529
716839983,Existing Customer,1973,M,3,College,Married,$120K +,Blue,36,3,32777,75,0
781073733,Existing Customer,1971,M,2,Graduate,Married,$120K +,Blue,41,3,4607,88,0
757594083,Existing Customer,1969,F,1,Unknown,Married,Unknown,Blue,45,4,23486,74,0
764496708,Existing Customer,1967,F,2,High School,Married,Unknown,Blue,47,3,1997,82,0
714080433,Existing Customer,1981,F,5,College,Married,$40K - $60K,Blue,36,3,3144,67,0.568
757675158,Existing Customer,1974,F,4,Post-Graduate,Divorced,$40K - $60K,Blue,40,2,2725,85,0.679
715361433,Existing Customer,1968,F,2,High School,Single,Less than $40K,Blue,36,2,1874,78,0.53
778191933,Attrited Customer,1976,M,3,Uneducated,Single,$120K +,Blue,35,3,7135,42,0.353
718792758,Existing Customer,1986,F,4,Uneducated,Married,Unknown,Blue,25,3,3379,80,0.174
709738008,Existing Customer,1973,F,3,Unknown,Married,$40K - $60K,Blue,36,6,2804,81,0.377
799020258,Existing Customer,1977,M,2,Uneducated,Divorced,$60K - $80K,Blue,38,1,16553,82,0
718152333,Attrited Customer,1980,F,3,Doctorate,Single,Unknown,Blue,36,3,2246,51,0
716324583,Existing Customer,1979,F,4,Uneducated,Single,Unknown,Blue,36,4,2875,81,0.658
720887058,Existing Customer,1970,F,1,Unknown,Married,Unknown,Blue,35,2,3668,87,0
714825408,Existing Customer,1976,F,3,High School,Single,$40K - $60K,Blue,36,3,2853,65,0.882
788620083,Existing Customer,1971,F,3,Graduate,Single,Less than $40K,Blue,41,2,2382,89,0.596
719490108,Existing Customer,1967,F,3,Graduate,Single,Less than $40K,Blue,36,3,2830,74,0.629
709044183,Existing Customer,1974,F,3,Unknown,Married,Unknown,Blue,27,3,24987,64,0.033
756944133,Existing Customer,1969,F,4,Graduate,Married,Less than $40K,Blue,45,1,3705,89,0.585
785285883,Attrited Customer,1972,F,3,Graduate,Single,Less than $40K,Blue,43,3,1675,53,0
779770683,Existing Customer,1974,F,3,Uneducated,Divorced,$40K - $60K,Blue,36,3,1439,79,0
718510983,Existing Customer,1967,F,3,Unknown,Single,$40K - $60K,Blue,41,3,4440,89,0
710322033,Existing Customer,1969,F,1,High School,Married,Less than $40K,Blue,44,1,2563,77,0.689
710560008,Existing Customer,1975,F,4,High School,Married,Less than $40K,Blue,33,3,1896,75,0.917
711298458,Attrited Customer,1982,F,3,Unknown,Married,Less than $40K,Blue,26,2,2190,40,0
789164283,Existing Customer,1966,F,0,Uneducated,Married,Less than $40K,Blue,44,1,2596,87,0.743
715773783,Attrited Customer,1977,F,2,Graduate,Single,$40K - $60K,Blue,35,3,4196,38,0.134
779158533,Existing Customer,1978,F,3,Uneducated,Single,Less than $40K,Blue,25,3,1616,74,0.598
720463833,Existing Customer,1979,M,5,Uneducated,Single,$60K - $80K,Blue,36,1,6618,76,0.263
712747758,Attrited Customer,1971,F,4,Uneducated,Single,Less than $40K,Blue,36,2,2477,43,0
771067308,Existing Customer,1983,F,3,High School,Single,$40K - $60K,Blue,25,1,3040,73,0.628
750995508,Attrited Customer,1980,M,3,Unknown,Single,$60K - $80K,Blue,32,3,4697,29,0.223
716171358,Existing Customer,1970,M,4,College,Married,$40K - $60K,Blue,36,3,4436,85,0.501
794637333,Existing Customer,1977,F,2,Graduate,Divorced,Less than $40K,Silver,25,2,13138,77,0
718437033,Attrited Customer,1975,M,2,Uneducated,Unknown,$60K - $80K,Blue,30,3,1438.3,38,0.473
718492908,Existing Customer,1983,F,3,College,Married,Less than $40K,Blue,36,2,3297,86,0.471
716033508,Existing Customer,1975,M,2,Graduate,Single,$60K - $80K,Blue,34,3,6272,66,0.229
717603858,Existing Customer,1967,M,3,College,Single,$40K - $60K,Blue,42,2,5608,77,0.317
714741933,Existing Customer,1979,M,4,Unknown,Married,$60K - $80K,Blue,32,1,9906,76,0.178
716558283,Existing Customer,1991,F,0,Graduate,Married,Less than $40K,Blue,36,2,1621,84,0.645
719022558,Existing Customer,1972,F,4,Uneducated,Married,Less than $40K,Blue,38,3,2305,74,0.509
717334233,Existing Customer,1967,F,1,Uneducated,Single,$40K - $60K,Blue,43,3,9525,79,0.264
709222008,Attrited Customer,1980,M,3,Unknown,Single,$80K - $120K,Blue,32,3,4742,41,0.468
719192808,Existing Customer,1970,M,4,Graduate,Single,$120K +,Blue,36,1,3168,71,0.678
719281533,Existing Customer,1984,F,3,College,Married,Less than $40K,Blue,27,1,2939,84,0.472
710877108,Existing Customer,1977,F,1,High School,Divorced,Less than $40K,Blue,32,1,2724,75,0.473
714155283,Existing Customer,1975,F,2,Unknown,Married,Unknown,Blue,36,3,6990,77,0.125
771214083,Existing Customer,1976,M,2,High School,Unknown,$60K - $80K,Blue,32,2,1870,65,0
770581983,Existing Customer,1966,F,4,Graduate,Married,$40K - $60K,Blue,41,1,1438.3,88,0
718742808,Attrited Customer,1966,F,1,High School,Married,$40K - $60K,Blue,46,4,4629,49,0.153
710257683,Existing Customer,1971,M,3,Graduate,Single,$120K +,Blue,33,2,34516,73,0.033
721426383,Attrited Customer,1985,F,3,Unknown,Single,Less than $40K,Blue,36,3,1558,40,0.168
721041483,Attrited Customer,1976,M,4,Doctorate,Married,$60K - $80K,Blue,37,2,13093,39,0.192
719922558,Existing Customer,1976,F,5,Unknown,Divorced,$40K - $60K,Blue,33,2,1438.3,84,0
715072533,Existing Customer,1980,F,3,Unknown,Unknown,$40K - $60K,Blue,36,6,4451,75,0
716214108,Existing Customer,1977,M,4,Uneducated,Single,$60K - $80K,Blue,36,2,6426,80,0
772216833,Existing Customer,1974,F,5,Graduate,Single,Less than $40K,Blue,36,2,2761,88,0.706
708553008,Existing Customer,1983,F,1,High School,Single,$40K - $60K,Blue,36,2,2148,64,0.514
778880358,Existing Customer,1972,F,4,Graduate,Divorced,$40K - $60K,Blue,30,3,2485,71,0.663
720258183,Existing Customer,1982,F,4,Graduate,Single,$40K - $60K,Blue,25,3,3394,75,0.742
720689583,Existing Customer,1971,F,3,High School,Married,$40K - $60K,Blue,40,3,3367,91,0.519
758168133,Existing Customer,1971,F,0,High School,Married,$40K - $60K,Blue,43,3,4154,86,0.255
716322783,Existing Customer,1974,F,3,Unknown,Married,Less than $40K,Blue,37,2,2154,74,0.756
711118083,Existing Customer,1967,F,4,Graduate,Divorced,Less than $40K,Blue,43,2,2506,80,0.712
709591533,Existing Customer,1975,F,3,College,Divorced,Less than $40K,Blue,38,1,1774,60,0.629
794556333,Existing Customer,1978,F,2,Unknown,Single,Unknown,Blue,27,3,3287,77,0.516
771630783,Existing Customer,1979,F,3,High School,Married,Unknown,Blue,30,1,1821,87,0.513
708672708,Existing Customer,1972,M,4,High School,Unknown,$80K - $120K,Blue,31,3,34516,65,0.073
715590258,Existing Customer,1976,F,4,Uneducated,Single,$40K - $60K,Blue,36,1,3918,69,0.528
714241083,Existing Customer,1972,F,1,Graduate,Married,Unknown,Blue,39,1,5455,58,0.383
708416433,Attrited Customer,1980,F,1,High School,Single,Less than $40K,Blue,36,3,2372,41,0
779183958,Attrited Customer,1976,F,2,Graduate,Single,Less than $40K,Blue,33,3,1492,38,0
709061658,Existing Customer,1977,F,1,Graduate,Single,Less than $40K,Blue,31,2,1550,87,0.462
717384183,Existing Customer,1963,F,3,Graduate,Single,Less than $40K,Blue,53,3,2669,79,0.767
778921908,Existing Customer,1979,M,4,College,Single,$60K - $80K,Blue,23,3,3311,80,0.254
714745608,Existing Customer,1970,F,4,High School,Single,Less than $40K,Blue,33,4,3068,71,0.675
709200633,Existing Customer,1966,F,1,Graduate,Single,Unknown,Blue,49,4,2721,73,0
714714558,Existing Customer,1984,F,2,Uneducated,Single,$40K - $60K,Blue,27,3,3050,75,0.825
801363633,Existing Customer,1961,F,2,Graduate,Married,Unknown,Blue,54,2,3356,81,0.496
778847808,Existing Customer,1979,F,4,Graduate,Married,$40K - $60K,Blue,23,2,2647,82,0.47
713015433,Existing Customer,1971,F,4,Unknown,Married,Less than $40K,Blue,36,4,2407,71,0.458
711666708,Attrited Customer,1969,F,2,High School,Married,Unknown,Blue,39,3,2233,50,0.802
809631483,Existing Customer,1979,M,3,Post-Graduate,Unknown,$80K - $120K,Blue,37,1,32106,83,0
808967883,Existing Customer,1973,F,4,Unknown,Married,Less than $40K,Blue,43,1,2089,76,0.604
710532258,Existing Customer,1973,F,3,High School,Divorced,Less than $40K,Blue,36,1,2185,83,0.684
812235108,Existing Customer,1977,F,2,Graduate,Unknown,Less than $40K,Blue,39,3,4057,58,0.186
817293258,Existing Customer,1977,F,4,College,Married,$40K - $60K,Blue,27,1,3183,63,0.791
714695883,Existing Customer,1976,F,5,Uneducated,Unknown,Less than $40K,Blue,36,2,2699,75,0.587
738062658,Existing Customer,1964,M,3,Graduate,Single,$80K - $120K,Blue,50,3,17096,62,0.103
709518858,Existing Customer,1971,F,2,Graduate,Married,Less than $40K,Blue,38,1,2897,87,0
819634233,Attrited Customer,1975,F,2,Graduate,Unknown,Less than $40K,Blue,40,2,6568,33,0
711272058,Existing Customer,1981,F,4,Graduate,Married,Unknown,Blue,28,3,1622,71,0.599
716262708,Existing Customer,1970,F,2,College,Single,Less than $40K,Blue,36,3,1438.3,71,0.499
708928008,Existing Customer,1987,F,2,High School,Single,$40K - $60K,Blue,36,3,1677,87,0
765755283,Existing Customer,1973,F,2,Graduate,Married,Unknown,Blue,41,1,7884,74,0.094
711922158,Existing Customer,1964,F,2,Graduate,Married,Less than $40K,Blue,45,3,1860,62,0
773177358,Existing Customer,1973,F,3,Graduate,Married,Unknown,Blue,41,2,8074,93,0.3
779638983,Existing Customer,1974,F,4,Graduate,Married,Less than $40K,Blue,30,3,2124,83,0.741
708723858,Existing Customer,1973,F,4,Graduate,Single,Less than $40K,Blue,37,1,3413,67,0.502
712184133,Existing Customer,1980,F,5,Graduate,Married,Less than $40K,Blue,24,3,2178,80,0.646
709948233,Existing Customer,1974,F,3,Uneducated,Single,Unknown,Blue,35,4,2446,87,0.776
709415583,Existing Customer,1984,F,2,Unknown,Single,Less than $40K,Blue,21,1,3967,66,0.372
714005508,Existing Customer,1976,F,4,Graduate,Married,Unknown,Blue,36,2,4146,64,0.489
712407033,Existing Customer,1995,F,0,Uneducated,Unknown,Unknown,Silver,13,2,34516,59,0.07
716333283,Existing Customer,1963,F,0,Unknown,Unknown,Less than $40K,Blue,52,2,1869,80,0.671
715534083,Existing Customer,1975,F,2,College,Single,Unknown,Blue,33,3,2168,73,0.615
789492558,Existing Customer,1972,F,2,College,Married,Less than $40K,Blue,40,2,2096,82,0.609
770929383,Existing Customer,1980,M,2,Graduate,Single,$60K - $80K,Blue,28,1,7293,82,0.136
708890133,Existing Customer,1975,F,4,College,Married,Unknown,Blue,35,2,1438.3,74,0
788595183,Existing Customer,1979,M,2,Graduate,Single,$40K - $60K,Blue,36,1,1438.3,80,0.477
713167383,Existing Customer,1964,F,3,High School,Single,Less than $40K,Blue,46,2,2298,81,0.67
717704433,Existing Customer,1973,F,4,Unknown,Single,Unknown,Blue,37,2,3829,85,0.218
718590183,Existing Customer,1963,F,3,Doctorate,Married,Less than $40K,Blue,47,3,1517,69,0.606
719019483,Existing Customer,1975,F,2,College,Unknown,Less than $40K,Silver,36,3,13427,63,0.112
710401458,Existing Customer,1968,M,3,Unknown,Married,$80K - $120K,Blue,40,2,16747,76,0
720783558,Existing Customer,1963,F,1,Graduate,Married,Unknown,Blue,48,3,9926,73,0.223
772364358,Existing Customer,1967,F,2,High School,Unknown,Less than $40K,Blue,44,1,2691,80,0.301
719868183,Attrited Customer,1979,F,3,High School,Married,$40K - $60K,Blue,30,3,1456,42,0
709388058,Existing Customer,1978,F,4,Graduate,Single,Less than $40K,Blue,34,3,2005,80,0.63
717004533,Existing Customer,1986,F,3,High School,Married,Less than $40K,Blue,36,3,4790,81,0.248
714969183,Existing Customer,1975,F,2,Unknown,Married,Less than $40K,Blue,36,3,3123,76,0.525
720837708,Existing Customer,1979,F,3,College,Unknown,Less than $40K,Blue,28,2,5471,94,0.46
759947433,Existing Customer,1968,M,3,Graduate,Married,$120K +,Blue,46,2,13670,81,0
767404083,Attrited Customer,1969,M,2,Graduate,Single,$60K - $80K,Blue,45,3,3460,47,0
781926633,Existing Customer,1973,M,2,Uneducated,Married,$40K - $60K,Blue,42,3,3202,88,0.786
772127508,Attrited Customer,1990,F,1,Uneducated,Married,Less than $40K,Blue,20,2,1438.3,49,0
720518283,Existing Customer,1971,M,2,Post-Graduate,Single,$60K - $80K,Blue,36,3,2296,77,0.597
715380483,Existing Customer,1967,F,5,Unknown,Single,Less than $40K,Blue,49,3,1476,75,0
789296133,Existing Customer,1986,F,3,Doctorate,Single,Unknown,Blue,24,1,12287,65,0.063
711029358,Existing Customer,1980,F,4,Unknown,Single,Less than $40K,Blue,36,3,2470,61,0.634
712615008,Existing Customer,1975,M,2,Graduate,Unknown,$120K +,Blue,34,3,24431,66,0.037
816826008,Existing Customer,1980,M,4,Unknown,Married,Less than $40K,Blue,36,1,1950,84,0.512
715488483,Existing Customer,1972,F,4,Graduate,Married,Less than $40K,Blue,36,3,6615,75,0
717759783,Existing Customer,1974,F,4,Unknown,Single,Unknown,Blue,34,3,5756,72,0.149
796083783,Attrited Customer,1966,F,2,College,Single,Unknown,Blue,49,0,1438.3,57,0
709925733,Existing Customer,1989,F,0,Unknown,Single,Less than $40K,Blue,22,3,1438.3,80,0.496
715309083,Existing Customer,1971,F,2,Graduate,Married,Less than $40K,Blue,36,3,1912,87,0
778441533,Attrited Customer,1976,F,4,High School,Single,Unknown,Blue,26,2,4549,34,0.359
715891533,Existing Customer,1976,F,4,Graduate,Unknown,Less than $40K,Blue,33,2,1979,84,0.659
788848458,Existing Customer,1981,F,5,Unknown,Married,$40K - $60K,Blue,24,1,2803,71,0.623
708399858,Existing Customer,1976,F,3,High School,Married,Less than $40K,Blue,35,2,2548,77,0.883
711944733,Existing Customer,1976,F,2,High School,Married,Less than $40K,Blue,36,2,1457,93,0.568
712683633,Attrited Customer,1989,F,0,Unknown,Married,Less than $40K,Blue,36,3,1438.3,37,0
785487783,Existing Customer,1962,F,1,Graduate,Single,$40K - $60K,Blue,53,2,1980,96,0.712
718951683,Existing Customer,1973,F,2,Graduate,Married,Less than $40K,Blue,35,3,2216,83,0.569
718329183,Existing Customer,1964,F,3,Graduate,Divorced,$40K - $60K,Blue,47,3,4262,75,0.591
788960658,Existing Customer,1979,F,2,Uneducated,Married,Less than $40K,Blue,28,2,2573,88,0.677
713120433,Existing Customer,1966,F,2,High School,Married,$40K - $60K,Blue,42,2,5431,82,0.37
720980958,Existing Customer,1978,F,5,Uneducated,Married,Less than $40K,Blue,30,3,3092,87,0.294
709606158,Existing Customer,1984,F,2,Graduate,Married,Less than $40K,Blue,31,3,2984,86,0
714168183,Existing Customer,1973,F,2,Uneducated,Married,Unknown,Blue,38,3,2186,77,0.465
712524858,Existing Customer,1987,M,1,Graduate,Single,Less than $40K,Blue,28,6,2669,74,0.618
815072283,Existing Customer,1971,F,3,Graduate,Married,Less than $40K,Blue,45,3,1789,75,0.646
715980258,Existing Customer,1985,F,1,Doctorate,Single,Less than $40K,Blue,25,2,2835,77,0.886
788715483,Existing Customer,1977,F,5,Graduate,Single,Less than $40K,Blue,28,2,1558,86,0.564
809276808,Existing Customer,1974,M,4,Graduate,Single,$80K - $120K,Blue,42,1,7299,83,0
708885558,Attrited Customer,1965,F,1,High School,Single,Less than $40K,Blue,48,5,3556,45,0
789373683,Existing Customer,1976,F,3,Graduate,Married,Less than $40K,Blue,35,2,1438.3,70,0.58
714216858,Existing Customer,1986,F,2,Unknown,Single,Unknown,Blue,36,1,1507,85,0
719150658,Attrited Customer,1970,F,2,Graduate,Married,Unknown,Blue,34,3,7551,46,0
712302783,Existing Customer,1983,F,2,Uneducated,Single,Less than $40K,Blue,25,3,2468,76,0.353
799717458,Existing Customer,1979,F,3,Unknown,Married,Less than $40K,Blue,36,3,2515,74,0.578
716354883,Attrited Customer,1962,F,0,Graduate,Unknown,Unknown,Blue,49,3,9076,53,0
719601708,Existing Customer,1976,M,3,College,Single,$60K - $80K,Blue,35,1,10699,61,0.103
720150858,Attrited Customer,1987,M,2,High School,Married,$80K - $120K,Blue,25,2,1439,44,0
824915208,Existing Customer,1977,F,3,Doctorate,Married,Unknown,Blue,40,1,7212,82,0.14
798777708,Existing Customer,1967,F,4,High School,Single,$40K - $60K,Blue,48,4,3089,75,0.381
805229133,Existing Customer,1975,M,3,Unknown,Unknown,$80K - $120K,Blue,41,2,11250,70,0
716365233,Existing Customer,1968,F,1,College,Married,Less than $40K,Blue,36,3,1665,75,0.579
796544133,Existing Customer,1967,M,1,College,Single,$120K +,Blue,48,3,2456,84,0.673
778143183,Existing Customer,1974,M,1,Graduate,Married,$60K - $80K,Blue,40,2,11773,58,0
717011958,Existing Customer,1978,F,4,Graduate,Single,$40K - $60K,Blue,23,1,1438.3,82,0
778264008,Existing Customer,1980,F,3,College,Single,$40K - $60K,Blue,32,1,3104,77,0.63
789507408,Existing Customer,1973,F,3,College,Unknown,Unknown,Blue,40,6,2337,90,0
788842008,Existing Customer,1971,F,3,Uneducated,Married,Less than $40K,Blue,34,2,4060,87,0.575
714742758,Existing Customer,1979,F,4,Uneducated,Single,Less than $40K,Blue,24,2,3428,87,0.644
717742908,Existing Customer,1977,M,3,Unknown,Married,$40K - $60K,Blue,36,1,12967,74,0.194
712874433,Existing Customer,1976,M,3,Unknown,Single,Less than $40K,Blue,36,1,2326,90,0.276
711092658,Attrited Customer,1982,F,3,Graduate,Married,Unknown,Blue,26,2,4376,52,0.195
720299283,Existing Customer,1975,M,3,Uneducated,Married,$60K - $80K,Blue,33,2,12745,80,0
719237058,Existing Customer,1982,M,2,Doctorate,Single,$60K - $80K,Blue,36,2,1790,96,0.498
719671383,Existing Customer,1981,F,3,Uneducated,Unknown,Less than $40K,Blue,30,3,2969,70,0
788290383,Existing Customer,1978,M,3,Doctorate,Single,$40K - $60K,Blue,35,6,4970,83,0.32
779701983,Existing Customer,1972,F,3,Graduate,Single,$40K - $60K,Blue,32,3,5400,80,0.264
779247483,Attrited Customer,1975,F,1,Uneducated,Unknown,Unknown,Blue,28,2,2069,55,0
767093133,Existing Customer,1969,F,2,Unknown,Married,Unknown,Blue,45,2,3192,80,0
717979008,Existing Customer,1973,F,3,Unknown,Single,Less than $40K,Blue,37,2,2105,81,0.509
712132383,Existing Customer,1977,M,4,College,Single,$80K - $120K,Blue,34,2,1876,82,0.459
772306383,Attrited Customer,1964,F,3,Unknown,Unknown,Less than $40K,Blue,43,3,1462,42,0
714469008,Existing Customer,1981,F,2,Unknown,Single,$40K - $60K,Blue,29,3,2351,84,0.569
812446158,Existing Customer,1967,F,3,Uneducated,Single,Less than $40K,Blue,49,2,1719,65,0
779401233,Existing Customer,1974,F,4,Uneducated,Single,$40K - $60K,Blue,36,1,1438.3,78,0
784994883,Existing Customer,1995,F,0,Unknown,Married,Less than $40K,Blue,20,2,2516,75,0.945
721080183,Existing Customer,1988,F,1,Graduate,Single,$40K - $60K,Blue,20,2,4883,82,0
712572858,Existing Customer,1983,M,3,High School,Single,$80K - $120K,Blue,29,1,3413,45,0.528
719759733,Attrited Customer,1962,F,0,Unknown,Single,$40K - $60K,Blue,52,4,1852,49,0
780371433,Existing Customer,1986,F,2,Graduate,Married,Unknown,Blue,25,3,3339,83,0.603
822170733,Attrited Customer,1976,F,4,College,Single,Less than $40K,Blue,41,3,3785,54,0.665
708224133,Existing Customer,1960,M,0,Uneducated,Single,$40K - $60K,Blue,49,2,2228,71,0.664
719299533,Attrited Customer,1966,F,1,Unknown,Unknown,Less than $40K,Blue,36,3,3626,42,0.219
780633483,Existing Customer,1963,F,0,Graduate,Married,$40K - $60K,Blue,47,2,2194,81,0.593
771356508,Existing Customer,1980,F,5,Graduate,Married,Less than $40K,Blue,28,3,2665,71,0.726
823629333,Existing Customer,1979,M,4,Uneducated,Married,$40K - $60K,Blue,38,4,2444,50,0
712961658,Existing Customer,1976,F,4,Uneducated,Married,Less than $40K,Blue,32,1,3335,78,0.671
710464683,Existing Customer,1976,F,3,Post-Graduate,Married,Less than $40K,Blue,32,3,2726,89,0.78
716688183,Attrited Customer,1970,F,1,High School,Married,Less than $40K,Blue,43,3,1665,45,0.914
789082758,Existing Customer,1981,F,2,High School,Married,Less than $40K,Blue,28,3,2734,90,0.608
709140858,Existing Customer,1964,F,2,College,Single,Less than $40K,Blue,47,3,1727,82,0.577
822127008,Existing Customer,1971,F,1,Post-Graduate,Married,Unknown,Blue,46,2,19349,79,0.032
720496158,Existing Customer,1968,M,0,Unknown,Single,$60K - $80K,Blue,42,2,13409,82,0.087
774588633,Existing Customer,1976,F,3,Graduate,Single,Less than $40K,Blue,39,2,1438.3,84,0
788465583,Existing Customer,1979,F,3,College,Single,$40K - $60K,Blue,35,3,6330,52,0.248
741517458,Attrited Customer,1972,F,4,Graduate,Married,Less than $40K,Blue,42,4,2575,40,0.977
709935708,Existing Customer,1966,F,1,Unknown,Married,$40K - $60K,Blue,43,1,3391,77,0.5
721112508,Existing Customer,1973,F,3,Graduate,Married,Less than $40K,Blue,40,3,5298,80,0
720734583,Existing Customer,1977,F,2,Post-Graduate,Married,Less than $40K,Blue,32,3,2540,82,0.615
772286658,Attrited Customer,1958,M,1,Graduate,Single,$60K - $80K,Blue,52,4,14324,56,0.175
807149058,Existing Customer,1973,F,5,Unknown,Married,Less than $40K,Blue,43,1,2876,80,0.566
771045708,Attrited Customer,1980,F,5,Graduate,Married,Less than $40K,Blue,28,3,1504,51,0.645
711733308,Existing Customer,1976,F,2,Uneducated,Single,Less than $40K,Blue,36,2,1839,91,0
710518308,Existing Customer,1967,F,2,Doctorate,Married,Less than $40K,Blue,35,4,1685,85,0
716586408,Existing Customer,1973,F,3,Graduate,Unknown,Less than $40K,Blue,36,1,4850,86,0.211
713152383,Existing Customer,1981,F,3,Uneducated,Married,Less than $40K,Blue,27,1,2840,82,0.886
771935283,Existing Customer,1974,F,4,Graduate,Single,$40K - $60K,Blue,36,2,2977,88,0.647
720460083,Attrited Customer,1976,F,4,Unknown,Single,Unknown,Gold,27,2,34516,42,0
825838908,Existing Customer,1982,F,1,Uneducated,Single,Less than $40K,Blue,35,5,1961,92,0
709082808,Existing Customer,1968,F,2,High School,Married,Less than $40K,Blue,36,3,2156,95,0.556
710937783,Existing Customer,1968,F,0,Uneducated,Married,$40K - $60K,Blue,40,3,2772,68,0.871
789540108,Existing Customer,1992,F,1,Uneducated,Married,Less than $40K,Blue,21,1,2832,75,0.642
709824633,Existing Customer,1977,F,4,High School,Single,Less than $40K,Blue,35,5,1552,80,0.886
717874533,Attrited Customer,1975,M,2,High School,Single,$40K - $60K,Blue,36,2,6362,51,0
712571883,Existing Customer,1981,M,3,Graduate,Divorced,Less than $40K,Silver,36,3,11409,58,0.145
716926758,Existing Customer,1981,F,2,Uneducated,Single,Less than $40K,Blue,27,6,1965,91,0
716181858,Existing Customer,1979,F,2,Uneducated,Married,$40K - $60K,Blue,29,2,1622,67,0
779613933,Existing Customer,1983,F,4,Uneducated,Married,Less than $40K,Blue,27,3,1736,86,0.76
712136058,Attrited Customer,1967,F,2,College,Single,Unknown,Blue,36,3,8827,50,0
709678608,Existing Customer,1972,M,4,High School,Married,$80K - $120K,Blue,36,3,24256,69,0.044
714276408,Attrited Customer,1969,F,3,Uneducated,Single,$40K - $60K,Blue,36,3,1915,39,0.755
719953383,Existing Customer,1983,F,4,College,Single,Less than $40K,Blue,27,3,1438.3,79,0
718795083,Existing Customer,1977,F,2,Graduate,Married,Unknown,Blue,26,1,2006,85,0.513
720503508,Existing Customer,1977,F,1,Uneducated,Divorced,Less than $40K,Blue,37,2,5594,75,0.221
770762133,Existing Customer,1969,F,3,High School,Married,Unknown,Blue,38,1,3505,79,0.718
713555133,Attrited Customer,1965,F,3,High School,Unknown,Less than $40K,Blue,44,3,1667,40,0.357
711232608,Attrited Customer,1974,F,5,High School,Single,Less than $40K,Blue,36,3,1636,35,0
780322908,Existing Customer,1969,F,3,Unknown,Married,Less than $40K,Blue,38,2,3281,67,0.278
708207783,Existing Customer,1971,F,3,High School,Single,Less than $40K,Blue,42,3,1477,80,0
719590458,Attrited Customer,1977,F,4,Graduate,Married,Less than $40K,Blue,36,3,1905,46,0
778679883,Existing Customer,1982,M,2,Graduate,Single,$60K - $80K,Blue,19,2,6146,76,0
780230208,Existing Customer,1968,M,2,College,Married,$40K - $60K,Blue,40,3,2672,75,0.6
827703258,Existing Customer,1979,M,4,High School,Married,$60K - $80K,Blue,38,2,13426,66,0
807379833,Attrited Customer,1973,M,3,Graduate,Divorced,$40K - $60K,Blue,43,3,9104,34,0.016
711178383,Existing Customer,1974,M,2,Post-Graduate,Married,$80K - $120K,Blue,35,3,30300,64,0.038
712203333,Existing Customer,1970,M,3,Graduate,Married,$80K - $120K,Blue,39,2,7088,76,0.247
709261383,Existing Customer,1965,F,3,Graduate,Married,$40K - $60K,Blue,36,3,1872,81,0.353
715829358,Existing Customer,1988,F,4,College,Married,$40K - $60K,Blue,26,2,2874,88,0.876
713213133,Existing Customer,1985,M,2,Graduate,Single,$40K - $60K,Blue,36,2,6763,76,0.245
778860783,Attrited Customer,1964,M,2,Unknown,Divorced,$120K +,Blue,38,2,24379,41,0.046
779442783,Existing Customer,1982,F,1,Graduate,Single,Less than $40K,Blue,21,2,2867,89,0.476
780008358,Attrited Customer,1962,M,0,Uneducated,Unknown,$60K - $80K,Blue,48,6,13172,47,0
721274208,Attrited Customer,1980,F,2,High School,Single,Less than $40K,Blue,36,3,2201,38,0.956
714076683,Attrited Customer,1992,F,0,College,Married,Less than $40K,Blue,19,1,3261,54,0.772
788791383,Existing Customer,1982,F,3,High School,Married,$40K - $60K,Blue,21,2,5027,70,0
709459608,Existing Customer,1974,F,2,Unknown,Unknown,$40K - $60K,Blue,36,3,1811,87,0
711560058,Existing Customer,1972,M,1,High School,Married,$60K - $80K,Blue,36,3,2465,83,0.541
717657333,Existing Customer,1978,F,3,Graduate,Single,Less than $40K,Blue,36,3,7584,65,0.242
812218908,Attrited Customer,1975,F,2,Unknown,Married,Less than $40K,Blue,36,3,4065,51,0.619
787482033,Attrited Customer,1961,M,1,High School,Divorced,$80K - $120K,Blue,48,5,28930,27,0
779141658,Existing Customer,1973,M,4,Graduate,Married,$80K - $120K,Blue,33,3,4963,78,0.426
813810333,Attrited Customer,1971,M,3,Post-Graduate,Married,$60K - $80K,Blue,45,4,2049,54,0
789613083,Existing Customer,1974,M,3,Uneducated,Divorced,$60K - $80K,Blue,41,3,1943,81,0
794540883,Existing Customer,1965,F,1,Post-Graduate,Married,$40K - $60K,Blue,38,2,3485,87,0.42
811889808,Existing Customer,1978,M,3,Graduate,Married,$80K - $120K,Blue,38,5,23459,83,0.098
720509433,Existing Customer,1970,F,2,College,Single,Less than $40K,Blue,31,1,2306,70,0.706
715091208,Existing Customer,1979,M,3,High School,Married,$80K - $120K,Blue,36,3,18177,94,0.046
719269308,Existing Customer,1972,F,2,Graduate,Unknown,Less than $40K,Blue,36,1,3252,90,0.774
718200333,Existing Customer,1974,F,3,Uneducated,Single,Less than $40K,Blue,41,3,2894,87,0.732
713487633,Existing Customer,1977,M,3,Post-Graduate,Married,$80K - $120K,Blue,32,4,34516,91,0.052
789363408,Existing Customer,1977,M,3,High School,Married,$120K +,Silver,34,1,34516,83,0.073
713916708,Existing Customer,1968,M,3,Graduate,Single,$120K +,Gold,43,1,34516,98,0.071
823833483,Existing Customer,1980,M,3,Graduate,Single,$40K - $60K,Blue,37,3,7839,83,0.197
717756258,Existing Customer,1972,M,2,Unknown,Married,$120K +,Blue,38,6,16494,84,0.07
712879158,Existing Customer,1972,M,1,High School,Married,$60K - $80K,Gold,36,2,6224,70,0.354
709474683,Existing Customer,1979,F,3,College,Married,Less than $40K,Blue,13,2,6078,95,0.243
772313358,Existing Customer,1971,M,3,High School,Single,$80K - $120K,Blue,39,3,21322,91,0.104
711856683,Existing Customer,1970,M,3,Post-Graduate,Married,$40K - $60K,Blue,36,3,1590,80,0.801
718530258,Existing Customer,1969,F,3,Uneducated,Divorced,Less than $40K,Blue,36,1,1986,86,0.71
716288208,Existing Customer,1973,M,3,Graduate,Single,$60K - $80K,Blue,36,1,15618,77,0
718712583,Existing Customer,1977,M,2,Uneducated,Married,$80K - $120K,Blue,33,1,34496,80,0.048
806432433,Existing Customer,1981,F,2,High School,Single,$40K - $60K,Blue,35,1,2544,88,0.673
720074583,Existing Customer,1979,M,1,Graduate,Unknown,$80K - $120K,Blue,36,1,4765,76,0.318
768848658,Existing Customer,1978,F,3,Unknown,Single,Unknown,Blue,37,3,16583,87,0.108
709895508,Existing Customer,1979,M,3,Graduate,Married,Less than $40K,Blue,36,2,6153,92,0.158
711542358,Existing Customer,1979,F,4,High School,Married,Less than $40K,Gold,36,3,15987,88,0.074
718773333,Existing Customer,1970,F,4,Unknown,Single,Less than $40K,Blue,40,2,5139,89,0.35
816832383,Existing Customer,1960,F,1,High School,Single,Less than $40K,Blue,56,2,3421,75,0.662
714042108,Existing Customer,1962,M,0,Uneducated,Single,$40K - $60K,Blue,36,2,11000,86,0.092
714664683,Existing Customer,1975,F,4,Uneducated,Married,Less than $40K,Blue,37,3,2490,91,0
713894358,Existing Customer,1970,M,2,Post-Graduate,Unknown,$80K - $120K,Gold,46,3,34516,98,0.024
715436883,Existing Customer,1973,F,3,Post-Graduate,Married,Less than $40K,Blue,36,2,2490,86,0.635
715260558,Existing Customer,1977,F,4,High School,Single,$40K - $60K,Blue,36,2,2055,80,0
713664258,Existing Customer,1965,M,2,Unknown,Single,$40K - $60K,Blue,48,2,14344,85,0.14
713364783,Existing Customer,1979,F,1,Post-Graduate,Single,Less than $40K,Blue,28,3,3453,85,0.292
718078008,Existing Customer,1981,M,2,College,Divorced,$60K - $80K,Blue,36,2,20304,85,0
798546408,Existing Customer,1960,F,1,College,Single,Less than $40K,Blue,55,3,8283,104,0.174
779018508,Existing Customer,1976,M,4,Uneducated,Single,$80K - $120K,Blue,35,2,11318,93,0.184
802668333,Attrited Customer,1972,M,2,Graduate,Single,$80K - $120K,Blue,43,3,2384,50,0.805
718320933,Existing Customer,1974,M,3,Uneducated,Married,$60K - $80K,Blue,36,3,11919,96,0.197
789016983,Existing Customer,1976,F,3,High School,Married,Less than $40K,Blue,32,5,2948,86,0.328
713907633,Existing Customer,1978,M,3,College,Unknown,$60K - $80K,Blue,36,1,5397,84,0.234
708474333,Existing Customer,1979,M,3,Graduate,Married,$60K - $80K,Blue,29,3,12294,87,0.205
778894233,Existing Customer,1979,M,5,High School,Unknown,$80K - $120K,Blue,23,2,7253,83,0
717244683,Existing Customer,1978,F,3,College,Married,Unknown,Blue,36,3,21922,89,0.067
711410958,Existing Customer,1981,M,3,High School,Married,$60K - $80K,Blue,28,2,13452,69,0.187
799711833,Existing Customer,1971,F,3,College,Married,Unknown,Blue,44,1,24735,95,0.093
714047733,Existing Customer,1968,F,3,Graduate,Single,$40K - $60K,Blue,45,2,4942,85,0.429
710061783,Attrited Customer,1972,M,1,Graduate,Married,$40K - $60K,Blue,40,1,14973,59,0
711082908,Existing Customer,1977,M,4,Uneducated,Single,$80K - $120K,Blue,31,2,19719,97,0.066
721190358,Existing Customer,1972,M,4,Unknown,Unknown,$80K - $120K,Blue,29,2,29690,86,0.085
712760208,Existing Customer,1979,F,4,Graduate,Married,Unknown,Blue,31,2,6751,93,0.177
751563933,Existing Customer,1978,F,3,High School,Married,Less than $40K,Blue,36,3,9484,95,0.258
815498733,Existing Customer,1970,F,3,Unknown,Single,Less than $40K,Blue,46,2,4333,85,0.426
718433508,Existing Customer,1981,F,3,Uneducated,Unknown,Less than $40K,Blue,30,5,2481,88,0.854
720935658,Existing Customer,1964,F,4,Post-Graduate,Single,Less than $40K,Blue,45,2,3059,89,0.57
714754533,Existing Customer,1970,M,0,Doctorate,Single,$120K +,Platinum,44,2,34516,87,0.056
714713508,Existing Customer,1972,M,2,Doctorate,Divorced,$80K - $120K,Blue,36,3,25178,87,0.072
715038033,Existing Customer,1960,M,1,Graduate,Single,Less than $40K,Blue,54,3,7169,80,0.088
809169858,Existing Customer,1959,M,2,Graduate,Single,$60K - $80K,Blue,56,3,18224,93,0.076
718379358,Existing Customer,1982,M,1,Unknown,Single,$80K - $120K,Silver,28,1,34516,90,0.058
779456508,Existing Customer,1969,M,2,Graduate,Divorced,$60K - $80K,Blue,34,1,4813,91,0
708907833,Existing Customer,1983,F,1,High School,Single,Unknown,Blue,27,2,24965,84,0.101
708693558,Existing Customer,1971,F,3,High School,Single,Less than $40K,Silver,38,2,12569,95,0.172
718665933,Existing Customer,1978,M,3,Unknown,Divorced,$120K +,Blue,30,1,34516,86,0.073
816073983,Existing Customer,1968,F,2,College,Single,Less than $40K,Blue,48,2,8259,88,0.143
715851333,Existing Customer,1979,M,4,High School,Married,$60K - $80K,Blue,27,3,13804,97,0.138
712884408,Existing Customer,1978,F,1,High School,Single,Unknown,Blue,30,2,5700,95,0.334
715404783,Existing Customer,1978,F,4,Graduate,Married,Less than $40K,Blue,35,3,6448,88,0.227
773356008,Existing Customer,1964,M,2,Post-Graduate,Divorced,$60K - $80K,Blue,51,3,5479,86,0.219
789525408,Existing Customer,1971,F,0,Uneducated,Married,Less than $40K,Blue,42,4,3749,89,0.425
721212258,Existing Customer,1973,M,4,High School,Single,$120K +,Blue,40,3,30210,88,0.064
719625933,Existing Customer,1980,M,3,Graduate,Married,$120K +,Blue,36,2,5807,96,0.197
714304458,Existing Customer,1977,M,3,High School,Married,$60K - $80K,Blue,36,2,3605,78,0
819975183,Existing Customer,1977,F,4,College,Single,$40K - $60K,Silver,39,1,17077,75,0.128
785515533,Existing Customer,1978,F,2,College,Married,Less than $40K,Blue,37,3,5380,93,0.249
720712533,Existing Customer,1970,M,3,Graduate,Married,$80K - $120K,Gold,36,1,34516,88,0.022
709861008,Existing Customer,1974,M,4,Post-Graduate,Married,$80K - $120K,Blue,30,3,27720,89,0.087
713911233,Existing Customer,1974,F,3,Doctorate,Single,$40K - $60K,Silver,39,2,18341,85,0.058
712580958,Existing Customer,1983,M,1,High School,Single,$120K +,Blue,30,1,27712,91,0.077
719473458,Existing Customer,1975,M,3,High School,Single,$40K - $60K,Blue,42,2,8285,84,0.164
711764733,Existing Customer,1980,F,4,Uneducated,Unknown,$40K - $60K,Silver,36,2,19704,81,0
794124708,Existing Customer,1974,M,2,Graduate,Unknown,$80K - $120K,Blue,41,2,21325,69,0.103
780707733,Existing Customer,1980,M,1,Graduate,Married,$80K - $120K,Blue,30,3,34516,87,0.061
780620883,Existing Customer,1972,F,2,Uneducated,Single,$40K - $60K,Blue,37,1,7045,98,0.184
720849708,Existing Customer,1977,M,4,Graduate,Single,$80K - $120K,Blue,37,3,14388,85,0.175
789312033,Attrited Customer,1973,F,4,Post-Graduate,Single,Less than $40K,Blue,38,3,3874,51,0.119
778742358,Existing Customer,1977,M,4,Graduate,Married,$60K - $80K,Blue,24,2,4752,76,0
719658858,Existing Customer,1971,F,4,Doctorate,Married,Unknown,Silver,36,2,34516,73,0.061
713425383,Attrited Customer,1962,F,1,High School,Single,Less than $40K,Blue,46,3,7484,56,0.259
770842833,Attrited Customer,1972,F,3,High School,Married,Unknown,Silver,36,3,34516,51,0.037
712029783,Existing Customer,1979,M,4,Uneducated,Single,$80K - $120K,Silver,36,2,34516,93,0.065
718893333,Existing Customer,1969,M,3,Graduate,Married,$60K - $80K,Blue,36,3,18336,84,0.113
711203658,Existing Customer,1975,M,3,Graduate,Unknown,$40K - $60K,Blue,34,6,2259,88,0.596
718567758,Existing Customer,1980,M,1,College,Married,$40K - $60K,Blue,32,4,10682,92,0.125
771719283,Existing Customer,1982,F,4,Doctorate,Married,Less than $40K,Blue,27,1,8587,92,0.154
717926358,Existing Customer,1975,F,2,Graduate,Single,Less than $40K,Blue,30,1,5494,78,0.39
779751258,Existing Customer,1976,F,2,Graduate,Married,Less than $40K,Blue,31,1,1946,82,0.608
774491958,Existing Customer,1968,M,3,High School,Single,$60K - $80K,Blue,47,1,6228,77,0.279
713428833,Existing Customer,1979,M,3,Unknown,Married,$80K - $120K,Blue,32,1,7537,90,0.164
714166833,Existing Customer,1977,F,3,Graduate,Single,Less than $40K,Silver,34,3,13609,77,0.105
809464608,Attrited Customer,1974,F,3,High School,Married,Unknown,Silver,31,3,34516,42,0.073
789681708,Existing Customer,1975,M,3,Uneducated,Married,$60K - $80K,Gold,33,1,34516,82,0.021
713102733,Existing Customer,1983,F,3,Graduate,Single,Less than $40K,Gold,31,3,15987,94,0.11
715195383,Existing Customer,1975,F,3,Graduate,Divorced,Less than $40K,Blue,36,2,2391,101,0.68
812408058,Existing Customer,1982,M,2,Unknown,Unknown,$120K +,Blue,34,2,34516,92,0.031
787226508,Existing Customer,1974,M,2,College,Single,$60K - $80K,Blue,41,3,20811,82,0.063
713537733,Existing Customer,1975,M,4,Doctorate,Unknown,$60K - $80K,Gold,36,2,34516,95,0.041
715170183,Existing Customer,1976,M,2,Graduate,Married,$40K - $60K,Blue,36,1,3735,82,0.566
717109983,Existing Customer,1971,F,2,High School,Married,$40K - $60K,Blue,39,2,2275,83,0.94
713208033,Existing Customer,1978,F,3,High School,Married,Less than $40K,Blue,36,3,7350,64,0.185
712788258,Existing Customer,1973,M,3,College,Married,$40K - $60K,Blue,34,2,1913,80,0.734
758382183,Existing Customer,1971,F,3,Graduate,Unknown,Less than $40K,Blue,43,3,4249,93,0.186
715469583,Existing Customer,1981,F,2,Graduate,Unknown,$40K - $60K,Blue,36,1,2136,88,0.585
709235058,Existing Customer,1975,M,4,College,Married,$40K - $60K,Silver,36,2,18956,88,0.089
714786483,Existing Customer,1976,M,4,College,Single,$60K - $80K,Blue,35,2,13445,82,0.088
713299758,Existing Customer,1968,M,1,High School,Single,Less than $40K,Blue,36,3,8979,87,0.144
771912408,Existing Customer,1972,F,2,Graduate,Married,Less than $40K,Blue,38,3,6674,92,0.21
721445658,Existing Customer,1969,F,2,Post-Graduate,Single,Less than $40K,Blue,34,3,6265,89,0.268
719787633,Existing Customer,1974,M,0,Graduate,Married,$80K - $120K,Silver,36,2,34516,92,0.055
713697933,Existing Customer,1974,M,2,Uneducated,Single,$80K - $120K,Blue,36,2,34516,77,0.037
712208658,Existing Customer,1978,M,2,High School,Single,$60K - $80K,Blue,33,2,13165,95,0.095
708219108,Existing Customer,1972,M,3,College,Divorced,$80K - $120K,Blue,38,3,9959,77,0.115
709065483,Existing Customer,1981,F,3,College,Divorced,$40K - $60K,Blue,28,2,9243,82,0.218
715237683,Existing Customer,1968,F,4,Graduate,Single,Less than $40K,Blue,44,1,4737,88,0.348
712925808,Attrited Customer,1970,F,1,Unknown,Married,$40K - $60K,Blue,36,3,2710,60,0
788931558,Existing Customer,1975,M,2,High School,Single,$40K - $60K,Blue,32,2,2000,85,0.87
717521508,Existing Customer,1980,M,3,High School,Single,$80K - $120K,Gold,28,2,34516,87,0.061
713688933,Existing Customer,1979,F,0,Unknown,Married,Less than $40K,Blue,28,1,8798,74,0.172
712405908,Existing Customer,1971,M,2,High School,Unknown,$120K +,Blue,40,2,24670,76,0.066
789298833,Existing Customer,1970,M,2,Uneducated,Divorced,$80K - $120K,Blue,40,2,23453,96,0
715729683,Existing Customer,1977,M,3,High School,Single,$120K +,Silver,36,2,34516,76,0.032
717682233,Existing Customer,1972,M,4,Uneducated,Married,$60K - $80K,Blue,36,2,6139,80,0.258
712266633,Existing Customer,1970,F,2,Unknown,Married,$40K - $60K,Blue,36,2,14800,94,0.069
719272458,Existing Customer,1968,F,5,Graduate,Single,$40K - $60K,Blue,41,1,9815,89,0.173
780769308,Existing Customer,1972,F,4,Unknown,Single,Less than $40K,Blue,29,3,3919,85,0.581
721468533,Existing Customer,1962,M,1,Graduate,Single,Unknown,Blue,36,5,12265,82,0.115
816615633,Existing Customer,1974,F,2,Doctorate,Married,$40K - $60K,Blue,42,3,3256,89,0.625
720167508,Existing Customer,1971,M,3,Uneducated,Single,$80K - $120K,Blue,35,2,19000,74,0.126
711152658,Existing Customer,1977,M,4,Graduate,Single,$120K +,Silver,36,2,34516,86,0.047
771772083,Existing Customer,1973,M,4,Graduate,Married,$60K - $80K,Blue,37,1,13197,84,0
708419733,Attrited Customer,1974,M,3,College,Single,$60K - $80K,Blue,39,3,22599,55,0
709372608,Existing Customer,1978,M,4,Uneducated,Married,$60K - $80K,Blue,31,1,23457,96,0.107
788907033,Existing Customer,1981,M,2,High School,Unknown,$80K - $120K,Blue,26,3,5238,73,0.397
711136008,Existing Customer,1980,M,4,Graduate,Single,$80K - $120K,Blue,33,1,31560,93,0.041
716691783,Existing Customer,1975,F,3,High School,Single,Less than $40K,Blue,36,2,6218,84,0.405
812618883,Existing Customer,1974,M,2,High School,Divorced,Unknown,Silver,42,2,34516,95,0.058
715908558,Existing Customer,1977,M,0,Graduate,Unknown,$60K - $80K,Silver,36,1,29572,88,0.054
718024908,Existing Customer,1969,F,2,Graduate,Unknown,Less than $40K,Blue,40,1,2743,97,0.622
709558608,Existing Customer,1982,M,3,Uneducated,Single,$80K - $120K,Blue,31,2,2844,73,0.726
824177733,Existing Customer,1968,F,2,High School,Single,Less than $40K,Blue,49,2,9678,90,0.177
719784708,Existing Customer,1972,M,0,Unknown,Married,$80K - $120K,Blue,36,2,26882,89,0.062
717535083,Existing Customer,1969,F,2,Post-Graduate,Married,Less than $40K,Blue,40,2,5207,84,0.215
712453308,Existing Customer,1975,M,4,High School,Divorced,$40K - $60K,Silver,36,2,15034,84,0.09
721008933,Existing Customer,1977,F,2,Graduate,Divorced,$40K - $60K,Blue,36,1,3107,87,0.642
720859533,Existing Customer,1969,F,2,High School,Single,$40K - $60K,Blue,39,1,12214,105,0.195
789556533,Existing Customer,1969,M,4,Graduate,Married,$80K - $120K,Blue,45,2,23070,81,0.074
717656433,Existing Customer,1971,F,2,Graduate,Single,Less than $40K,Blue,40,2,2167,83,0.456
792524358,Existing Customer,1966,M,3,High School,Single,$80K - $120K,Gold,49,1,34516,95,0.023
758211483,Existing Customer,1976,M,5,Unknown,Married,$60K - $80K,Blue,38,2,6895,85,0.336
801380808,Attrited Customer,1977,M,2,Doctorate,Married,$80K - $120K,Blue,38,2,25894,49,0.097
716329383,Attrited Customer,1975,F,3,Graduate,Single,Less than $40K,Blue,36,2,3138,56,0.314
716871633,Existing Customer,1972,M,1,Uneducated,Single,$120K +,Blue,38,2,12055,93,0.154
718491708,Existing Customer,1968,F,2,College,Single,Unknown,Blue,38,3,16592,89,0.086
787502883,Existing Customer,1961,F,1,Doctorate,Single,Unknown,Silver,48,2,34516,98,0.045
715183308,Existing Customer,1974,M,3,Post-Graduate,Unknown,Unknown,Silver,38,1,33184,93,0.026
713872833,Existing Customer,1967,F,2,Graduate,Single,$40K - $60K,Blue,41,1,10753,80,0.172
708535158,Existing Customer,1982,M,2,Post-Graduate,Unknown,$80K - $120K,Blue,29,1,9959,86,0.151
711658758,Existing Customer,1975,F,3,Uneducated,Married,Less than $40K,Blue,35,5,2069,82,0.532
717248583,Existing Customer,1978,F,3,College,Married,Less than $40K,Silver,34,2,11362,88,0.165
713087958,Existing Customer,1968,M,4,High School,Divorced,$120K +,Blue,36,3,34516,85,0.039
721495458,Existing Customer,1977,M,3,Graduate,Married,$60K - $80K,Blue,32,1,20001,96,0
786097158,Existing Customer,1973,M,2,High School,Married,$40K - $60K,Blue,42,3,8786,92,0.177
712219083,Existing Customer,1980,M,3,Uneducated,Single,$80K - $120K,Blue,28,3,7142,83,0.268
715327683,Attrited Customer,1976,F,4,Post-Graduate,Single,Less than $40K,Blue,36,3,4477,55,0.562
715624533,Existing Customer,1980,F,3,Unknown,Unknown,$40K - $60K,Blue,30,2,5357,97,0.237
715599633,Existing Customer,1970,M,1,College,Married,$80K - $120K,Silver,38,3,34516,89,0
718958583,Attrited Customer,1977,M,4,Post-Graduate,Single,$80K - $120K,Blue,36,3,2367,59,0.678
717397983,Existing Customer,1982,M,2,Uneducated,Single,$60K - $80K,Blue,29,2,23402,98,0.041
715037133,Existing Customer,1981,M,3,Doctorate,Unknown,Less than $40K,Blue,36,1,4587,83,0.386
818767458,Existing Customer,1980,M,3,Graduate,Married,$120K +,Blue,36,3,6565,97,0.172
778863258,Attrited Customer,1975,F,4,Unknown,Married,Unknown,Blue,27,2,6030,62,0
712075083,Attrited Customer,1971,M,4,High School,Single,$120K +,Blue,41,3,6982,50,0
711963183,Existing Customer,1971,M,3,Uneducated,Married,Less than $40K,Blue,36,3,5128,98,0
720903258,Attrited Customer,1973,M,3,Unknown,Unknown,$60K - $80K,Blue,28,2,9405,47,0
772404633,Existing Customer,1972,M,2,Graduate,Married,$80K - $120K,Silver,39,1,34516,74,0.032
713302758,Existing Customer,1972,M,2,Graduate,Married,$120K +,Blue,40,4,14646,92,0.099
717859233,Existing Customer,1980,M,5,Graduate,Married,$80K - $120K,Blue,37,3,12578,82,0.2
712955433,Existing Customer,1985,F,4,Uneducated,Unknown,$40K - $60K,Blue,16,2,4370,90,0.28
718292283,Existing Customer,1969,F,1,High School,Single,$40K - $60K,Blue,42,3,3416,75,0.577
713197308,Existing Customer,1979,M,4,Graduate,Married,$60K - $80K,Silver,33,2,6224,82,0
789175683,Existing Customer,1972,F,2,College,Married,Less than $40K,Silver,38,3,10741,71,0.234
811700058,Attrited Customer,1980,M,2,Graduate,Single,$60K - $80K,Gold,36,3,34516,57,0.02
818476383,Existing Customer,1971,M,1,Unknown,Unknown,$120K +,Silver,45,2,34516,72,0.044
720164358,Attrited Customer,1968,F,4,Graduate,Single,$40K - $60K,Blue,43,3,6058,60,0
710357208,Existing Customer,1972,M,4,Uneducated,Married,$80K - $120K,Blue,39,3,8561,79,0.107
711325308,Attrited Customer,1975,M,3,Unknown,Single,$80K - $120K,Blue,34,3,9959,64,0
721486908,Existing Customer,1970,F,5,High School,Single,Less than $40K,Blue,36,1,7645,75,0.272
711210633,Existing Customer,1970,M,3,Uneducated,Single,$60K - $80K,Blue,42,4,1922,76,0.585
712570458,Existing Customer,1970,F,2,High School,Married,Less than $40K,Blue,33,1,5625,75,0.292
712058133,Existing Customer,1967,F,2,College,Single,Less than $40K,Blue,36,3,2274,74,0.311
708153558,Existing Customer,1975,M,5,Doctorate,Divorced,$120K +,Blue,31,2,34516,101,0.052
709893858,Attrited Customer,1978,M,3,Post-Graduate,Married,$40K - $60K,Blue,36,2,9422,58,0.224
709225758,Existing Customer,1973,F,3,Post-Graduate,Married,Unknown,Blue,37,1,7469,86,0.331
709984083,Existing Customer,1978,F,3,Unknown,Single,Less than $40K,Blue,36,2,3849,90,0.333
711854808,Attrited Customer,1980,M,3,High School,Married,$120K +,Blue,32,2,34516,57,0
822125283,Existing Customer,1972,M,3,Uneducated,Married,$80K - $120K,Blue,45,1,4778,74,0.283
717340608,Existing Customer,1970,F,3,High School,Single,Unknown,Gold,39,1,34516,104,0.054
711084183,Existing Customer,1974,F,5,Uneducated,Unknown,$40K - $60K,Blue,42,2,5168,80,0.438
720891633,Attrited Customer,1968,F,2,High School,Single,Less than $40K,Blue,46,1,3199,59,0
719607183,Existing Customer,1966,F,2,Graduate,Single,Unknown,Blue,42,3,21046,95,0.077
715839708,Existing Customer,1970,M,1,Graduate,Married,$120K +,Blue,39,3,34516,82,0.071
717008358,Existing Customer,1981,F,1,Unknown,Married,Less than $40K,Blue,36,2,6540,88,0
769152783,Attrited Customer,1961,F,2,High School,Single,Less than $40K,Blue,54,6,8141,53,0.222
788240358,Existing Customer,1981,F,5,Graduate,Married,Unknown,Silver,24,1,33441,83,0.021
716098683,Existing Customer,1975,F,5,Graduate,Unknown,Unknown,Blue,36,3,5496,93,0.33
802675983,Existing Customer,1979,F,3,Graduate,Married,Less than $40K,Blue,33,3,3794,80,0.407
712716108,Existing Customer,1975,F,2,Graduate,Single,Less than $40K,Blue,36,1,5785,86,0.368
709238358,Existing Customer,1970,F,0,Uneducated,Married,Unknown,Blue,39,3,19387,87,0.042
708682908,Existing Customer,1978,F,4,Unknown,Single,Unknown,Blue,28,2,2838,87,0.681
812794983,Existing Customer,1980,F,3,College,Married,Less than $40K,Blue,31,2,4086,87,0.483
708968733,Existing Customer,1974,M,3,Uneducated,Married,$80K - $120K,Blue,38,3,31987,83,0
779315508,Attrited Customer,1978,M,4,Post-Graduate,Single,$40K - $60K,Blue,25,2,9043,48,0.218
740065833,Existing Customer,1974,F,3,Graduate,Single,Less than $40K,Silver,40,2,11128,93,0.226
721063533,Existing Customer,1970,M,2,Graduate,Single,$40K - $60K,Blue,41,3,3062,75,0.672
718189908,Existing Customer,1977,F,4,Unknown,Unknown,$40K - $60K,Gold,31,2,23981,86,0.089
780064983,Existing Customer,1977,M,1,Graduate,Married,$80K - $120K,Gold,29,1,34516,86,0.027
770920908,Existing Customer,1982,F,0,Unknown,Single,$40K - $60K,Silver,26,1,22054,82,0.052
718046433,Existing Customer,1968,F,2,Graduate,Unknown,Less than $40K,Blue,35,2,2199,86,0.315
711842508,Existing Customer,1976,M,3,Uneducated,Unknown,$80K - $120K,Blue,33,3,9303,87,0.17
772869033,Existing Customer,1974,M,3,Unknown,Single,$120K +,Gold,38,4,34516,89,0.039
715298808,Existing Customer,1981,M,2,High School,Divorced,$40K - $60K,Blue,32,3,7566,88,0.214
708877458,Existing Customer,1971,F,3,Uneducated,Married,Unknown,Blue,34,3,11343,94,0
787496733,Existing Customer,1974,F,2,Uneducated,Married,Unknown,Blue,35,1,15155,79,0.085
789469083,Existing Customer,1966,M,2,Unknown,Single,$80K - $120K,Blue,46,1,10795,81,0
709497108,Existing Customer,1977,F,2,High School,Married,Less than $40K,Blue,36,1,6633,106,0.199
784819758,Existing Customer,1967,F,1,Graduate,Single,Unknown,Blue,48,1,8572,94,0.248
720412308,Existing Customer,1981,M,4,Unknown,Married,$80K - $120K,Blue,36,1,34516,75,0.068
719178183,Existing Customer,1971,M,2,Graduate,Married,$80K - $120K,Silver,42,3,34516,85,0.073
789560433,Attrited Customer,1972,M,3,Post-Graduate,Single,$60K - $80K,Blue,42,4,14895,53,0
712931733,Existing Customer,1972,F,4,Graduate,Single,Less than $40K,Blue,36,1,2636,82,0.477
714417183,Existing Customer,1982,F,1,Uneducated,Unknown,Less than $40K,Blue,31,3,9511,95,0.233
771097683,Attrited Customer,1978,M,2,High School,Single,$120K +,Blue,30,2,10896,58,0.231
713824983,Existing Customer,1978,F,0,High School,Married,Less than $40K,Blue,35,1,8401,98,0.129
715360458,Existing Customer,1976,F,3,Graduate,Divorced,Unknown,Blue,36,3,12406,90,0.16
711736083,Attrited Customer,1974,F,4,College,Divorced,Unknown,Blue,36,3,6769,54,0.04
714821433,Existing Customer,1976,F,4,College,Married,Less than $40K,Blue,36,1,2737,80,0
779263533,Existing Customer,1987,F,2,Graduate,Unknown,Unknown,Silver,16,2,32292,76,0.054
773988708,Existing Customer,1969,M,2,Uneducated,Married,$120K +,Silver,43,2,34516,81,0.046
719623083,Existing Customer,1988,F,1,Doctorate,Unknown,Less than $40K,Gold,24,3,15987,81,0.125
718304583,Attrited Customer,1978,M,2,Unknown,Married,$60K - $80K,Gold,33,3,34516,54,0.031
720198183,Existing Customer,1979,M,5,College,Married,$40K - $60K,Blue,27,3,2437,77,0.705
780545133,Existing Customer,1972,M,3,Graduate,Single,$80K - $120K,Blue,36,3,4557,91,0.216
711128433,Existing Customer,1966,M,3,Uneducated,Single,$40K - $60K,Blue,36,3,10949,91,0.076
789960783,Existing Customer,1982,F,1,Graduate,Unknown,Less than $40K,Silver,30,2,10398,81,0.157
709556208,Existing Customer,1981,F,3,College,Single,$40K - $60K,Silver,28,1,22361,94,0.084
712053033,Existing Customer,1975,M,2,Unknown,Single,$80K - $120K,Blue,34,3,3841,81,0.367
794482158,Existing Customer,1975,M,3,College,Single,$80K - $120K,Silver,32,1,34516,69,0.057
780450708,Attrited Customer,1963,M,1,College,Single,$120K +,Silver,45,3,34516,48,0
710016708,Existing Customer,1977,F,3,Graduate,Married,Less than $40K,Silver,26,3,10877,90,0.166
709434408,Existing Customer,1979,M,3,Unknown,Married,$40K - $60K,Blue,26,1,5848,95,0.253
778716783,Existing Customer,1971,M,2,Unknown,Married,$60K - $80K,Blue,32,2,11552,96,0.171
712447758,Existing Customer,1975,M,2,Graduate,Married,$80K - $120K,Blue,39,2,11901,82,0.211
779435883,Existing Customer,1984,M,3,High School,Unknown,$80K - $120K,Blue,19,2,2273,79,0
719918358,Existing Customer,1964,F,3,Graduate,Unknown,Less than $40K,Blue,36,2,3082,89,0.813
720474408,Existing Customer,1969,M,2,Graduate,Single,$40K - $60K,Blue,41,2,9298,87,0.204
719401158,Existing Customer,1959,F,0,Post-Graduate,Single,$40K - $60K,Blue,53,2,4136,97,0
778430733,Existing Customer,1976,M,5,High School,Unknown,$60K - $80K,Blue,25,5,12399,82,0.118
717583908,Existing Customer,1964,M,1,High School,Single,$80K - $120K,Blue,45,6,15030,81,0.093
823519458,Existing Customer,1977,F,3,Graduate,Married,Less than $40K,Blue,40,1,6441,94,0.334
712381683,Existing Customer,1979,F,4,Unknown,Married,Unknown,Blue,36,4,7469,80,0.112
716045508,Existing Customer,1981,F,2,Unknown,Single,Less than $40K,Blue,36,2,3569,85,0.295
820936533,Existing Customer,1974,M,3,Graduate,Unknown,Less than $40K,Blue,43,3,2781,93,0.701
721227258,Existing Customer,1970,M,1,Post-Graduate,Married,$120K +,Silver,31,5,34516,79,0.058
771304383,Existing Customer,1976,F,3,High School,Married,Less than $40K,Blue,33,2,4174,86,0.601
717600483,Existing Customer,1971,M,2,Unknown,Married,$60K - $80K,Blue,43,2,23223,87,0.027
778865583,Existing Customer,1975,M,3,Graduate,Married,Less than $40K,Blue,27,2,6954,89,0.216
709871658,Existing Customer,1974,F,1,Unknown,Single,Less than $40K,Blue,36,3,7136,86,0.329
818280108,Existing Customer,1978,F,4,High School,Single,Less than $40K,Blue,38,1,1820,91,0
716350008,Existing Customer,1969,M,1,Uneducated,Married,$40K - $60K,Blue,36,2,2937,102,0.556
778172583,Existing Customer,1975,F,3,High School,Single,Less than $40K,Blue,36,3,6636,86,0.362
719121708,Existing Customer,1980,M,2,Graduate,Married,$60K - $80K,Silver,31,3,31497,92,0.07
714342033,Attrited Customer,1969,M,1,High School,Married,$120K +,Blue,34,3,34516,56,0
788811558,Existing Customer,1969,F,1,High School,Married,Less than $40K,Blue,35,3,1959,65,0.522
788943333,Attrited Customer,1970,M,3,Post-Graduate,Married,$80K - $120K,Silver,37,2,34516,55,0.029
719258433,Existing Customer,1972,M,5,Graduate,Single,$60K - $80K,Blue,42,1,7801,91,0.259
717895833,Existing Customer,1966,M,3,College,Single,$120K +,Blue,44,2,6455,99,0.285
711550983,Existing Customer,1975,M,1,Graduate,Divorced,$40K - $60K,Blue,37,2,11343,107,0.104
714077583,Attrited Customer,1978,M,3,Post-Graduate,Married,$40K - $60K,Platinum,31,3,23981,65,0.025
720939933,Attrited Customer,1975,F,4,Unknown,Single,Less than $40K,Blue,33,3,2879,56,0
716725008,Existing Customer,1972,M,4,High School,Married,$80K - $120K,Blue,40,3,7667,94,0.286
788824083,Existing Customer,1980,M,2,Uneducated,Single,$120K +,Blue,24,2,34516,88,0.03
716335983,Existing Customer,1984,M,2,High School,Single,$80K - $120K,Blue,36,2,6713,85,0.237
719157933,Existing Customer,1970,M,2,Uneducated,Married,$120K +,Blue,40,3,10984,85,0.13
716704158,Existing Customer,1971,M,1,Doctorate,Married,$120K +,Blue,39,3,34516,86,0.073
716258358,Existing Customer,1964,M,2,Uneducated,Single,$60K - $80K,Blue,36,1,23058,82,0.067
827904183,Existing Customer,1981,M,4,Uneducated,Married,$120K +,Blue,36,2,17606,83,0.078
820394733,Existing Customer,1969,M,0,College,Married,$120K +,Gold,47,1,34516,87,0.042
716574033,Existing Customer,1976,F,3,High School,Divorced,$40K - $60K,Silver,36,2,18000,86,0.102
736786908,Existing Customer,1973,F,2,College,Married,Less than $40K,Blue,41,2,5550,85,0.454
774099708,Existing Customer,1982,F,3,High School,Single,Less than $40K,Blue,33,1,1621,86,0
714282333,Existing Customer,1972,F,4,College,Married,Less than $40K,Blue,36,1,3244,97,0
717471933,Existing Customer,1976,M,2,Unknown,Married,$40K - $60K,Blue,27,2,5800,89,0.247
818316108,Existing Customer,1978,F,1,Graduate,Married,Less than $40K,Blue,38,2,2550,72,0.557
709838508,Existing Customer,1976,M,3,Graduate,Divorced,$60K - $80K,Silver,31,1,34516,91,0.044
716212383,Attrited Customer,1983,M,1,High School,Single,$120K +,Blue,30,3,10874,59,0.222
757667133,Attrited Customer,1967,M,2,College,Single,$80K - $120K,Blue,47,2,13769,53,0
794571108,Attrited Customer,1982,M,2,Graduate,Divorced,$40K - $60K,Silver,23,2,17894,63,0.017
711370458,Existing Customer,1972,F,5,Graduate,Married,Less than $40K,Gold,38,2,15016,84,0.134
788528958,Existing Customer,1976,M,4,Graduate,Single,$120K +,Blue,38,1,9036,79,0
716745408,Existing Customer,1967,M,1,High School,Single,$80K - $120K,Blue,36,2,12813,81,0.156
771752508,Existing Customer,1981,F,3,Doctorate,Married,Less than $40K,Blue,29,1,4660,84,0.396
788916933,Existing Customer,1972,M,5,College,Married,$60K - $80K,Gold,35,2,34516,81,0.031
714938733,Attrited Customer,1973,M,1,Post-Graduate,Single,$80K - $120K,Blue,38,2,13174,49,0
761818758,Existing Customer,1978,M,1,Graduate,Single,Unknown,Blue,36,1,11210,86,0.096
714422058,Existing Customer,1979,M,3,Graduate,Single,$120K +,Blue,36,2,31639,86,0.077
712191783,Existing Customer,1972,M,4,High School,Married,$120K +,Gold,36,1,34516,94,0.047
716319258,Existing Customer,1978,M,4,Uneducated,Single,$120K +,Blue,36,1,34516,82,0.05
719813058,Existing Customer,1977,F,5,Unknown,Married,Less than $40K,Blue,34,1,2490,88,0.496
712351908,Existing Customer,1976,M,3,High School,Unknown,$80K - $120K,Blue,34,2,26438,81,0.063
716742483,Existing Customer,1983,F,1,Graduate,Single,Less than $40K,Blue,29,3,7504,100,0.151
708160008,Existing Customer,1977,M,1,Uneducated,Married,$120K +,Blue,33,2,34516,84,0.031
709269708,Existing Customer,1976,M,4,Graduate,Single,$120K +,Platinum,34,2,34516,95,0.043
779098308,Existing Customer,1970,F,2,College,Married,Unknown,Blue,32,3,15048,96,0.167
717257658,Existing Customer,1980,M,3,Graduate,Single,$80K - $120K,Blue,29,2,9357,84,0.208
775112958,Existing Customer,1970,M,1,Unknown,Married,$60K - $80K,Blue,45,3,11548,72,0
788812608,Existing Customer,1965,F,2,Uneducated,Single,Less than $40K,Blue,39,2,8767,79,0.192
711002058,Existing Customer,1979,M,4,Unknown,Single,$40K - $60K,Blue,33,3,5306,94,0.454
716199408,Attrited Customer,1969,F,2,Graduate,Single,Unknown,Blue,41,3,3608,53,0.698
718100808,Existing Customer,1972,F,1,Uneducated,Married,Less than $40K,Gold,37,3,15987,100,0.129
790051758,Attrited Customer,1971,M,2,Graduate,Single,$120K +,Blue,42,1,31782,53,0
772430733,Existing Customer,1979,M,2,Graduate,Married,$120K +,Blue,32,1,34516,88,0.042
713460258,Existing Customer,1976,F,0,Doctorate,Married,$40K - $60K,Silver,36,1,19107,89,0.049
820036533,Existing Customer,1971,M,4,Unknown,Married,$80K - $120K,Blue,45,1,34516,87,0.042
719785683,Existing Customer,1980,M,4,Post-Graduate,Married,$80K - $120K,Blue,36,2,21751,102,0.072
711830433,Existing Customer,1977,F,3,College,Single,Less than $40K,Blue,32,2,7926,87,0.133
807393558,Attrited Customer,1970,M,4,Unknown,Single,$120K +,Silver,46,3,34516,49,0.037
718306308,Existing Customer,1973,M,4,Graduate,Married,$80K - $120K,Blue,36,2,27984,81,0.064
772725408,Existing Customer,1981,M,3,Uneducated,Divorced,$60K - $80K,Blue,30,3,24499,84,0.103
711183558,Existing Customer,1972,M,0,High School,Single,$80K - $120K,Blue,39,1,2221,98,0.581
720317658,Existing Customer,1978,M,2,Graduate,Single,$80K - $120K,Blue,35,2,5858,82,0.164
710596983,Existing Customer,1970,M,1,Uneducated,Single,$80K - $120K,Blue,37,3,27318,96,0.088
716986458,Existing Customer,1977,F,3,High School,Single,Unknown,Blue,36,3,9766,101,0.161
717382608,Existing Customer,1962,M,1,Graduate,Single,$60K - $80K,Silver,36,2,26692,86,0.094
825767658,Existing Customer,1972,M,2,Graduate,Single,$60K - $80K,Gold,45,3,34516,80,0.026
717513933,Existing Customer,1983,M,3,College,Single,$120K +,Blue,26,2,14938,90,0
789186858,Existing Customer,1969,M,2,Graduate,Married,$80K - $120K,Blue,41,5,33256,97,0.028
717658758,Existing Customer,1972,M,4,Graduate,Single,$120K +,Silver,36,2,34516,99,0
715575258,Existing Customer,1974,M,2,Graduate,Single,$40K - $60K,Blue,35,6,5791,93,0.338
714975633,Existing Customer,1970,F,2,High School,Single,Unknown,Blue,36,1,2319,85,0.581
715396983,Existing Customer,1975,M,1,Uneducated,Married,$80K - $120K,Blue,36,3,17698,95,0.1
712624383,Existing Customer,1969,M,4,College,Single,$80K - $120K,Silver,41,1,34516,99,0.049
721335558,Existing Customer,1964,F,2,Graduate,Single,Less than $40K,Blue,36,2,6482,101,0.26
711167808,Attrited Customer,1981,M,4,Unknown,Single,$60K - $80K,Blue,30,3,18975,65,0
713761608,Existing Customer,1977,M,3,Graduate,Divorced,$60K - $80K,Silver,34,3,34516,90,0.048
713367858,Existing Customer,1974,M,3,Unknown,Single,$40K - $60K,Blue,36,2,2479,85,0.705
710489583,Existing Customer,1980,F,3,Graduate,Unknown,Less than $40K,Blue,36,1,4941,91,0.21
720422358,Existing Customer,1979,M,1,Post-Graduate,Single,$60K - $80K,Gold,36,1,34516,90,0.066
772098858,Existing Customer,1977,F,4,Uneducated,Married,Unknown,Blue,33,2,8230,84,0.162
789304983,Existing Customer,1977,M,0,Unknown,Married,$40K - $60K,Silver,34,1,22226,97,0.084
779257233,Existing Customer,1974,M,2,Uneducated,Single,$120K +,Blue,29,3,28852,90,0.068
717579258,Attrited Customer,1985,M,1,Unknown,Unknown,$40K - $60K,Blue,36,3,6893,50,0.212
709418508,Existing Customer,1976,M,2,Graduate,Married,$60K - $80K,Blue,35,2,7653,93,0.221
778439883,Existing Customer,1971,M,1,High School,Unknown,$80K - $120K,Blue,31,2,26840,93,0.029
716063583,Existing Customer,1980,M,3,High School,Divorced,$60K - $80K,Blue,32,2,4549,85,0.464
716609433,Attrited Customer,1966,M,2,High School,Divorced,$120K +,Blue,46,3,16828,63,0.15
721053633,Existing Customer,1976,M,2,College,Single,$40K - $60K,Blue,31,2,6530,101,0.218
711559008,Existing Customer,1981,F,4,Post-Graduate,Single,$40K - $60K,Blue,28,1,11642,92,0.129
718698558,Existing Customer,1978,M,3,College,Single,$80K - $120K,Blue,34,2,5390,106,0.246
770190258,Existing Customer,1972,F,3,Graduate,Married,Less than $40K,Blue,43,1,7037,93,0
709008708,Existing Customer,1974,M,3,College,Married,Less than $40K,Blue,34,1,8390,92,0
823922208,Existing Customer,1972,M,3,Unknown,Single,$60K - $80K,Blue,45,1,2122,103,0.519
718457058,Existing Customer,1978,M,4,High School,Married,$40K - $60K,Blue,35,1,3442,74,0.731
708472008,Existing Customer,1977,F,3,Uneducated,Married,Less than $40K,Blue,36,3,6680,95,0.275
710395233,Existing Customer,1979,F,2,Graduate,Single,Unknown,Silver,36,2,34516,98,0.031
716732958,Existing Customer,1977,F,2,High School,Married,$40K - $60K,Blue,32,2,7244,90,0.28
780108408,Existing Customer,1969,M,2,Graduate,Married,$80K - $120K,Blue,37,3,34516,82,0.04
720962208,Attrited Customer,1979,M,2,Post-Graduate,Married,$60K - $80K,Blue,27,2,2476,48,0.909
714019083,Existing Customer,1981,F,1,Graduate,Married,Less than $40K,Blue,30,1,2019,102,0.398
721225083,Existing Customer,1967,F,2,Unknown,Divorced,Less than $40K,Blue,36,2,8758,89,0.173
819109308,Existing Customer,1959,M,0,Graduate,Divorced,$60K - $80K,Blue,56,3,6103,92,0.412
721029858,Existing Customer,1969,F,3,Graduate,Single,Less than $40K,Blue,36,1,2166,109,0.673
716762733,Existing Customer,1971,F,2,Doctorate,Single,Less than $40K,Blue,40,1,3449,94,0.474
710260983,Existing Customer,1970,F,4,Graduate,Divorced,Less than $40K,Blue,36,3,2984,91,0.842
793608258,Attrited Customer,1967,F,3,Graduate,Single,Less than $40K,Silver,48,5,13432,50,0
719677758,Existing Customer,1982,F,1,Unknown,Married,$40K - $60K,Blue,36,1,10830,88,0.202
771411408,Attrited Customer,1971,M,1,Post-Graduate,Unknown,$80K - $120K,Blue,38,3,2673,54,0
794191008,Existing Customer,1975,M,2,College,Married,$120K +,Blue,40,2,34516,87,0.048
708905733,Existing Customer,1976,M,5,Uneducated,Single,$60K - $80K,Blue,32,2,20633,91,0.096
788327358,Existing Customer,1960,M,1,Graduate,Single,Unknown,Blue,54,1,9070,102,0.231
751974258,Existing Customer,1970,M,3,Unknown,Unknown,$120K +,Blue,44,2,11954,93,0
805516608,Existing Customer,1971,M,1,Graduate,Married,$80K - $120K,Silver,45,1,34516,84,0.027
720006333,Attrited Customer,1973,M,2,College,Divorced,$80K - $120K,Blue,40,3,4479,63,0
780114558,Existing Customer,1971,M,1,High School,Married,Less than $40K,Blue,35,1,3968,118,0.571
713090658,Existing Customer,1963,F,2,Uneducated,Single,Unknown,Blue,44,2,2599,98,0.541
718889508,Existing Customer,1975,M,2,College,Divorced,$60K - $80K,Blue,37,3,10074,99,0.121
824799108,Existing Customer,1975,F,3,High School,Married,$40K - $60K,Blue,42,2,10901,90,0.172
788618208,Existing Customer,1979,F,5,Unknown,Single,Less than $40K,Blue,30,3,8325,90,0
713133258,Existing Customer,1983,M,3,Unknown,Single,$80K - $120K,Silver,36,2,34516,86,0.058
717370533,Existing Customer,1981,M,3,Post-Graduate,Single,$120K +,Blue,26,2,34516,89,0.06
720425508,Existing Customer,1978,M,5,Graduate,Single,$80K - $120K,Blue,36,1,7196,93,0.097
712948383,Existing Customer,1973,M,4,Graduate,Married,$60K - $80K,Gold,36,6,34516,100,0
712839633,Existing Customer,1983,M,2,Uneducated,Single,$80K - $120K,Blue,22,1,34516,97,0.046
820330008,Existing Customer,1975,M,5,High School,Married,$120K +,Blue,42,1,32926,98,0.047
826150608,Existing Customer,1977,M,4,Uneducated,Unknown,$40K - $60K,Silver,40,1,18072,98,0.076
779187783,Existing Customer,1971,M,2,Unknown,Single,$80K - $120K,Blue,38,3,24533,77,0.074
720809358,Existing Customer,1982,M,1,College,Unknown,$40K - $60K,Blue,32,1,4874,98,0.475
714054408,Existing Customer,1971,M,3,College,Unknown,$60K - $80K,Blue,42,2,12889,79,0.141
789827208,Existing Customer,1980,F,5,Graduate,Married,Less than $40K,Blue,31,3,7531,92,0.225
718308558,Existing Customer,1972,F,4,Graduate,Divorced,Less than $40K,Blue,37,6,1838,93,0.628
801064833,Existing Customer,1979,M,3,Graduate,Married,$80K - $120K,Blue,36,1,30117,91,0.071
719838558,Existing Customer,1975,M,2,Uneducated,Single,$60K - $80K,Blue,35,1,5131,92,0.289
714510483,Existing Customer,1977,M,3,Graduate,Single,$80K - $120K,Gold,36,3,34516,87,0.073
718246458,Existing Customer,1968,M,3,Graduate,Single,$80K - $120K,Blue,45,1,24262,105,0.082
710822808,Existing Customer,1970,M,0,College,Single,$80K - $120K,Blue,33,3,34516,89,0.036
791730183,Attrited Customer,1983,F,2,College,Unknown,Less than $40K,Blue,32,2,7385,50,0.246
709722858,Existing Customer,1971,M,1,Graduate,Married,$60K - $80K,Blue,37,2,20708,88,0.066
712582983,Attrited Customer,1974,F,3,Graduate,Married,Less than $40K,Silver,36,3,14057,54,0.098
714999483,Existing Customer,1983,M,4,Uneducated,Unknown,$80K - $120K,Silver,36,1,34516,106,0.033
711388458,Existing Customer,1976,M,3,High School,Married,$60K - $80K,Blue,36,5,17072,99,0.089
796174983,Existing Customer,1969,M,2,High School,Single,$80K - $120K,Blue,46,3,25737,94,0.045
712918083,Existing Customer,1977,F,1,Unknown,Single,Less than $40K,Blue,33,3,2211,88,0.347
715459158,Existing Customer,1986,F,4,High School,Unknown,Unknown,Blue,26,1,16950,97,0
712687083,Existing Customer,1977,M,3,Graduate,Married,$60K - $80K,Blue,24,1,15043,83,0
713003358,Attrited Customer,1981,M,3,Graduate,Single,$80K - $120K,Blue,30,2,29338,40,0.005
812443458,Existing Customer,1964,M,4,Graduate,Single,$120K +,Blue,52,3,25808,94,0
712984983,Existing Customer,1978,F,2,Unknown,Married,Less than $40K,Blue,30,3,2248,101,0.824
708826158,Existing Customer,1976,F,4,Uneducated,Divorced,$40K - $60K,Blue,27,2,3670,100,0.459
788725608,Existing Customer,1977,F,3,Graduate,Single,Less than $40K,Blue,17,2,8861,102,0.13
717559533,Existing Customer,1974,M,3,Graduate,Married,$120K +,Silver,42,3,34516,100,0.034
720443358,Existing Customer,1971,M,2,Unknown,Married,$60K - $80K,Blue,36,3,8014,84,0.156
806694333,Existing Customer,1977,F,4,Unknown,Married,Less than $40K,Blue,39,1,2771,73,0.642
709770408,Existing Customer,1970,M,2,Graduate,Married,$120K +,Silver,36,1,34516,98,0.049
718259433,Attrited Customer,1976,F,3,High School,Married,Unknown,Blue,40,4,8383,63,0
770705208,Existing Customer,1977,F,2,Unknown,Single,Less than $40K,Gold,30,3,15365,91,0.041
720655833,Attrited Customer,1973,F,4,High School,Married,Less than $40K,Blue,30,3,2913,56,0
797898858,Existing Customer,1981,F,2,Uneducated,Single,Less than $40K,Blue,34,2,4748,88,0.439
779548008,Existing Customer,1971,M,2,Graduate,Single,$80K - $120K,Silver,35,2,34516,83,0
718388733,Existing Customer,1983,F,1,College,Unknown,Less than $40K,Blue,32,3,2609,96,0.483
711742758,Attrited Customer,1978,F,5,College,Single,$40K - $60K,Blue,32,3,11508,74,0
757863258,Existing Customer,1976,F,4,Graduate,Unknown,Less than $40K,Blue,38,2,2396,84,0.37
711947358,Existing Customer,1972,M,4,Uneducated,Married,$120K +,Blue,38,3,18991,83,0.064
712157958,Attrited Customer,1977,M,3,High School,Married,$80K - $120K,Blue,36,3,10908,42,0
814760358,Existing Customer,1968,M,3,Graduate,Unknown,$40K - $60K,Blue,48,2,14627,82,0.137
710192283,Existing Customer,1975,M,4,Post-Graduate,Married,$40K - $60K,Blue,36,2,2219,91,0.532
718977483,Existing Customer,1965,M,4,Graduate,Single,$80K - $120K,Blue,46,3,25736,91,0.054
712129158,Existing Customer,1958,M,0,Uneducated,Single,$60K - $80K,Blue,36,3,7997,104,0.137
714880533,Existing Customer,1981,M,5,Graduate,Single,$40K - $60K,Blue,36,2,2849,99,0.611
808287408,Existing Customer,1976,M,5,Graduate,Married,$80K - $120K,Blue,40,2,29227,100,0.039
709619433,Existing Customer,1969,M,2,Doctorate,Married,$120K +,Blue,44,2,34516,108,0.04
708881583,Existing Customer,1971,M,2,Uneducated,Married,$40K - $60K,Blue,43,3,12458,95,0.107
711332883,Attrited Customer,1959,M,1,High School,Single,$60K - $80K,Blue,46,3,7547,73,0.328
717696333,Attrited Customer,1977,M,4,Unknown,Married,$120K +,Blue,36,3,34516,60,0
820587258,Existing Customer,1976,F,4,Graduate,Married,Less than $40K,Silver,40,5,10677,94,0
768733533,Existing Customer,1968,M,5,Uneducated,Unknown,$80K - $120K,Blue,47,3,2340,88,0.689
779779083,Existing Customer,1983,F,3,High School,Single,$40K - $60K,Gold,26,2,23981,103,0
720735408,Existing Customer,1977,F,4,Doctorate,Married,$40K - $60K,Blue,30,3,6329,109,0.26
819160158,Existing Customer,1979,M,3,Uneducated,Married,$40K - $60K,Blue,37,3,4960,88,0.348
804601833,Existing Customer,1977,M,2,High School,Unknown,$60K - $80K,Silver,39,2,34516,86,0.046
714823308,Existing Customer,1966,F,3,College,Single,Less than $40K,Gold,35,3,15987,98,0.123
711577458,Existing Customer,1969,F,1,Uneducated,Single,Less than $40K,Blue,36,2,3244,95,0.572
787539333,Existing Customer,1973,M,4,Graduate,Married,$60K - $80K,Blue,37,2,7298,88,0.345
716806383,Existing Customer,1973,M,4,Graduate,Married,$80K - $120K,Blue,40,1,28307,122,0.053
812230308,Existing Customer,1974,M,2,Graduate,Married,$40K - $60K,Blue,42,3,2430,100,0.682
778420383,Existing Customer,1972,M,1,Graduate,Married,$120K +,Blue,29,3,7650,109,0.267
774012933,Existing Customer,1974,F,3,College,Divorced,$40K - $60K,Blue,41,2,6443,92,0.322
718756533,Existing Customer,1974,M,2,Uneducated,Married,$80K - $120K,Blue,41,2,13356,105,0.112
812224983,Existing Customer,1965,M,2,Graduate,Single,$120K +,Blue,51,1,4675,100,0.287
714284358,Existing Customer,1960,M,1,Uneducated,Single,$40K - $60K,Blue,52,1,2177,82,0.61
709530408,Existing Customer,1976,M,4,Doctorate,Single,$120K +,Gold,36,3,34516,96,0.041
750690258,Existing Customer,1972,F,2,Graduate,Married,Less than $40K,Blue,39,3,2821,103,0.707
716283108,Existing Customer,1977,F,4,Uneducated,Married,Less than $40K,Blue,36,2,6769,88,0.167
718353633,Attrited Customer,1971,M,1,Post-Graduate,Unknown,$80K - $120K,Gold,36,3,34516,75,0
718528833,Existing Customer,1970,M,1,High School,Married,$120K +,Blue,43,3,30172,101,0.06
718006608,Existing Customer,1977,F,5,Uneducated,Single,Less than $40K,Blue,36,3,7742,100,0.15
710569233,Existing Customer,1975,M,3,Unknown,Single,$80K - $120K,Blue,35,1,11814,100,0.122
718694658,Existing Customer,1980,M,4,Unknown,Married,$80K - $120K,Blue,32,1,28687,90,0.056
779293308,Existing Customer,1970,M,4,Graduate,Married,$60K - $80K,Silver,33,3,25653,103,0.08
718276758,Existing Customer,1969,F,1,Graduate,Single,$40K - $60K,Blue,40,1,4705,97,0.189
712654233,Existing Customer,1982,M,3,High School,Married,$80K - $120K,Blue,27,3,19150,85,0.057
719296383,Existing Customer,1983,M,2,High School,Single,$60K - $80K,Gold,18,2,34516,85,0.043
808279158,Existing Customer,1970,M,3,Graduate,Married,$80K - $120K,Blue,46,3,11765,99,0.121
780497958,Existing Customer,1980,M,3,High School,Divorced,$80K - $120K,Blue,28,3,16627,99,0.127
715519983,Existing Customer,1978,M,2,Post-Graduate,Married,$60K - $80K,Blue,34,1,13553,94,0.107
708568983,Existing Customer,1981,M,3,High School,Married,$60K - $80K,Blue,28,3,11476,113,0.206
823648983,Existing Customer,1963,M,1,Uneducated,Single,$80K - $120K,Blue,54,3,5182,112,0.282
789412458,Attrited Customer,1977,M,2,Post-Graduate,Married,$60K - $80K,Blue,34,3,23026,52,0.109
716837508,Existing Customer,1973,M,4,Graduate,Married,$60K - $80K,Blue,37,2,18477,95,0
711249858,Attrited Customer,1972,M,4,Unknown,Married,$80K - $120K,Blue,38,3,29890,47,0
712009083,Existing Customer,1973,M,3,Unknown,Unknown,$60K - $80K,Blue,36,1,8290,93,0.124
720522633,Existing Customer,1977,M,3,College,Married,$40K - $60K,Silver,36,1,16199,106,0.095
713071383,Existing Customer,1967,F,1,Unknown,Single,Unknown,Blue,36,3,3723,99,0.464
712938258,Existing Customer,1976,M,2,Graduate,Single,Less than $40K,Silver,32,1,12695,94,0.127
719071158,Attrited Customer,1967,F,0,Graduate,Single,Unknown,Platinum,38,2,34516,54,0
709046958,Existing Customer,1975,M,2,Unknown,Married,$60K - $80K,Silver,39,1,30379,100,0.072
708748833,Existing Customer,1984,F,3,Graduate,Single,$40K - $60K,Blue,25,2,9875,105,0.125
711364233,Existing Customer,1980,M,4,Unknown,Married,$60K - $80K,Platinum,26,1,34516,104,0.045
712645908,Existing Customer,1978,M,2,High School,Married,$60K - $80K,Blue,37,3,2600,111,0.787
708428958,Existing Customer,1982,M,2,Unknown,Single,$80K - $120K,Gold,33,3,34516,113,0
719714658,Attrited Customer,1960,M,0,Post-Graduate,Single,$60K - $80K,Blue,43,3,12218,62,0
720874983,Existing Customer,1970,M,3,Uneducated,Married,$80K - $120K,Silver,37,2,34516,97,0
719180958,Existing Customer,1973,F,2,Uneducated,Divorced,$40K - $60K,Silver,39,2,21754,104,0
710360583,Existing Customer,1975,M,2,Uneducated,Single,$60K - $80K,Blue,35,1,8396,101,0.072
823848183,Existing Customer,1982,F,1,Unknown,Single,Less than $40K,Platinum,35,2,15987,92,0.093
783121008,Existing Customer,1966,F,0,Graduate,Single,Less than $40K,Silver,49,2,12094,106,0.155
789529158,Existing Customer,1977,M,4,High School,Single,$60K - $80K,Blue,36,1,2946,88,0.252
708500883,Existing Customer,1973,M,2,Uneducated,Single,$40K - $60K,Silver,40,3,17812,106,0
811965558,Existing Customer,1975,F,4,College,Single,$40K - $60K,Blue,41,3,13743,106,0
714383583,Existing Customer,1982,F,2,Unknown,Single,$40K - $60K,Gold,36,3,23981,97,0.071
809425533,Existing Customer,1976,F,2,Uneducated,Divorced,$40K - $60K,Silver,40,2,15785,105,0.074
716858433,Attrited Customer,1978,F,4,Graduate,Single,Less than $40K,Blue,32,3,3015,75,0
812534958,Existing Customer,1981,F,3,High School,Married,$40K - $60K,Silver,34,2,19000,97,0.083
714052158,Attrited Customer,1972,M,2,High School,Married,$120K +,Blue,39,3,11714,68,0.081
780200208,Existing Customer,1982,F,2,Unknown,Single,$40K - $60K,Blue,29,2,11135,112,0.14
711458583,Existing Customer,1974,M,2,College,Married,$60K - $80K,Silver,35,1,34516,106,0.039
826451433,Existing Customer,1979,M,4,Graduate,Single,$80K - $120K,Silver,38,1,34516,103,0.066
719740983,Existing Customer,1977,F,1,Unknown,Divorced,Less than $40K,Silver,34,1,13259,102,0.065
709019283,Existing Customer,1974,M,1,College,Married,$80K - $120K,Blue,39,3,5660,100,0.39
710213508,Existing Customer,1958,M,1,High School,Single,$60K - $80K,Blue,54,3,23355,95,0.045
710814633,Existing Customer,1972,M,2,Uneducated,Married,$80K - $120K,Blue,31,5,20734,103,0.121
775267158,Existing Customer,1978,F,3,Graduate,Married,$40K - $60K,Blue,37,1,2476,111,0.564
712268808,Existing Customer,1966,M,4,Graduate,Single,$120K +,Silver,36,2,34516,105,0.071
720178158,Attrited Customer,1975,F,4,High School,Unknown,Less than $40K,Blue,37,3,7552,63,0
779805408,Existing Customer,1979,M,3,Unknown,Married,Less than $40K,Silver,31,1,14630,99,0
710958933,Attrited Customer,1978,M,3,Graduate,Single,$40K - $60K,Blue,35,3,6080,56,0.129
720698883,Attrited Customer,1970,M,1,High School,Single,$80K - $120K,Blue,38,3,28605,67,0
780384483,Attrited Customer,1972,M,4,Unknown,Unknown,$80K - $120K,Blue,39,2,2886,58,0.321
714190983,Attrited Customer,1970,F,2,Graduate,Single,Unknown,Platinum,32,3,34516,65,0.015
713808633,Existing Customer,1990,F,0,Uneducated,Divorced,Less than $40K,Silver,23,2,10850,127,0.173
710295858,Existing Customer,1978,M,4,Graduate,Divorced,$80K - $120K,Blue,32,1,24244,84,0.068
713209308,Existing Customer,1962,M,0,Graduate,Single,$60K - $80K,Blue,46,3,17218,97,0.106
788709408,Existing Customer,1980,F,2,Unknown,Married,Unknown,Blue,21,3,14746,127,0
717757608,Existing Customer,1968,M,2,College,Single,$120K +,Gold,36,1,34516,114,0.03
715300683,Existing Customer,1982,M,1,Uneducated,Single,$80K - $120K,Blue,36,1,34458,94,0.025
711436983,Existing Customer,1964,M,3,Unknown,Single,$120K +,Silver,49,2,34516,102,0.073
789582483,Existing Customer,1961,M,1,High School,Divorced,$40K - $60K,Blue,53,3,9369,101,0.194
790168083,Existing Customer,1970,M,0,High School,Unknown,$80K - $120K,Blue,44,2,22741,100,0.096
742865883,Attrited Customer,1975,F,3,Unknown,Single,$40K - $60K,Blue,39,3,9110,69,0.276
770848308,Existing Customer,1976,M,2,Graduate,Married,$60K - $80K,Platinum,31,2,34516,105,0.038
713486583,Existing Customer,1980,M,3,Graduate,Married,$60K - $80K,Blue,29,2,17277,97,0.125
708697983,Existing Customer,1965,M,0,High School,Unknown,$120K +,Blue,49,2,34516,78,0.062
823539558,Existing Customer,1982,F,3,Uneducated,Single,Unknown,Silver,35,2,33565,94,0.048
711339258,Existing Customer,1972,F,3,Graduate,Single,$40K - $60K,Silver,36,3,20176,86,0.11
781171908,Existing Customer,1976,M,3,Graduate,Single,$40K - $60K,Blue,38,3,3751,106,0.498
815582358,Existing Customer,1974,F,5,Unknown,Unknown,Less than $40K,Blue,42,1,2519,95,0.629
755212608,Attrited Customer,1971,M,2,Unknown,Married,$40K - $60K,Blue,43,3,13067,71,0
716486508,Attrited Customer,1976,F,3,High School,Married,$40K - $60K,Blue,37,2,3399,78,0
771674958,Existing Customer,1976,M,2,High School,Married,$40K - $60K,Blue,33,3,11529,97,0.158
787909158,Existing Customer,1981,F,3,Graduate,Divorced,Less than $40K,Blue,31,3,8694,105,0.128
717140733,Existing Customer,1969,F,1,Graduate,Single,Less than $40K,Blue,36,3,6616,85,0.126
799468083,Existing Customer,1970,M,2,Graduate,Married,$40K - $60K,Blue,45,2,11467,97,0.1
718993533,Existing Customer,1977,M,2,Graduate,Unknown,$80K - $120K,Blue,37,3,15821,103,0.084
713870958,Existing Customer,1965,F,3,Uneducated,Single,Unknown,Platinum,46,3,34516,93,0
709171308,Existing Customer,1991,M,1,High School,Married,$60K - $80K,Blue,16,3,15795,96,0.11
798553158,Attrited Customer,1959,F,1,Graduate,Single,Less than $40K,Blue,56,2,3109,72,0
720819858,Existing Customer,1974,F,4,Post-Graduate,Single,Less than $40K,Blue,27,2,8837,100,0.285
815078433,Existing Customer,1979,F,4,Unknown,Married,Less than $40K,Blue,37,1,6551,99,0.262
710924658,Existing Customer,1969,F,2,High School,Single,$40K - $60K,Blue,36,2,2540,99,0.43
709883883,Existing Customer,1975,F,4,Uneducated,Divorced,Unknown,Blue,34,3,8110,94,0.191
718650258,Existing Customer,1967,F,3,Graduate,Single,Unknown,Blue,47,3,6146,97,0.36
711613308,Attrited Customer,1963,M,2,Unknown,Single,$60K - $80K,Blue,48,1,2236,38,0.318
718558758,Attrited Customer,1987,M,1,Unknown,Single,$80K - $120K,Blue,22,2,3711,51,0.381
718504233,Attrited Customer,1978,F,4,Uneducated,Married,Less than $40K,Blue,30,2,2082,48,0.862
709108533,Existing Customer,1972,M,4,Graduate,Married,$80K - $120K,Blue,29,2,9959,90,0.223
713236458,Existing Customer,1966,M,4,Unknown,Single,$60K - $80K,Blue,48,2,18980,113,0.133
714352533,Existing Customer,1974,F,3,Graduate,Married,$40K - $60K,Silver,29,2,15472,103,0.056
717353433,Existing Customer,1971,F,2,Unknown,Single,Unknown,Blue,42,3,21498,104,0.072
813804783,Attrited Customer,1980,F,1,High School,Single,$40K - $60K,Blue,36,3,2667,54,0
771062733,Existing Customer,1977,F,2,Graduate,Single,Less than $40K,Blue,31,2,4291,101,0.299
715649358,Attrited Customer,1982,M,2,College,Married,$60K - $80K,Blue,26,2,3879,81,0
713552958,Existing Customer,1978,M,5,Graduate,Unknown,$60K - $80K,Blue,28,3,12773,114,0.128
715209333,Existing Customer,1989,M,0,High School,Single,$60K - $80K,Blue,36,1,6224,124,0.316
769935783,Existing Customer,1981,M,3,Unknown,Single,$60K - $80K,Blue,34,2,9594,100,0.262
815613033,Existing Customer,1972,M,2,Unknown,Married,Less than $40K,Silver,44,2,12518,96,0.138
718732833,Attrited Customer,1965,F,1,College,Single,Less than $40K,Blue,48,2,2783,42,0.633
816328308,Existing Customer,1961,F,0,Graduate,Married,Less than $40K,Blue,55,1,3773,118,0
711814608,Existing Customer,1980,F,5,High School,Married,$40K - $60K,Silver,36,1,19281,110,0.094
803216433,Attrited Customer,1978,F,5,Graduate,Married,Less than $40K,Silver,33,3,14806,57,0.17
710694033,Existing Customer,1989,M,0,Graduate,Divorced,$40K - $60K,Blue,36,1,7473,104,0.168
709257708,Existing Customer,1974,F,2,High School,Single,Less than $40K,Blue,41,1,3108,127,0.636
720174033,Existing Customer,1975,M,3,Graduate,Divorced,$80K - $120K,Blue,33,3,34516,104,0.028
820666083,Attrited Customer,1980,M,2,Graduate,Single,$120K +,Blue,37,3,27742,85,0.091
712044558,Attrited Customer,1970,F,1,Uneducated,Single,Less than $40K,Silver,41,2,14563,70,0.09
713131158,Attrited Customer,1963,M,2,Uneducated,Single,$80K - $120K,Blue,46,3,10286,59,0
803335008,Existing Customer,1973,F,2,Graduate,Divorced,Unknown,Blue,43,3,7791,107,0.189
795869583,Existing Customer,1968,F,3,Uneducated,Married,Less than $40K,Blue,47,3,3733,118,0.434
789535233,Existing Customer,1969,M,1,Graduate,Single,$80K - $120K,Silver,44,1,34516,109,0.047
716441058,Existing Customer,1976,F,4,High School,Single,Less than $40K,Silver,36,5,14416,99,0
718113633,Attrited Customer,1980,M,3,Uneducated,Married,$120K +,Blue,36,2,34516,56,0
708908883,Existing Customer,1984,F,2,Graduate,Divorced,Less than $40K,Silver,32,3,12033,106,0.085
712152408,Existing Customer,1977,M,4,High School,Single,$60K - $80K,Gold,29,2,34516,97,0.056
708229308,Attrited Customer,1972,F,2,Unknown,Married,Less than $40K,Blue,41,2,3243,71,0
715351983,Existing Customer,1989,F,2,Unknown,Married,Less than $40K,Blue,20,3,9761,97,0.151
798451908,Existing Customer,1985,F,2,Graduate,Married,Less than $40K,Blue,30,3,5723,120,0
794962983,Existing Customer,1974,F,3,Graduate,Divorced,Less than $40K,Blue,41,1,9947,110,0.251
721000833,Existing Customer,1972,M,0,Uneducated,Married,$60K - $80K,Blue,38,3,3599,110,0
720086358,Existing Customer,1963,M,2,Doctorate,Married,$120K +,Blue,48,3,12648,125,0.127
710064033,Attrited Customer,1976,M,3,Uneducated,Married,$40K - $60K,Blue,28,2,4572,42,0
780588258,Existing Customer,1968,F,5,Unknown,Married,Less than $40K,Blue,42,2,4021,120,0.434
710833908,Existing Customer,1976,M,5,High School,Married,$80K - $120K,Blue,25,3,25601,100,0.054
714449283,Existing Customer,1977,M,4,Uneducated,Unknown,$80K - $120K,Blue,36,3,25428,97,0.06
772339383,Existing Customer,1967,M,3,Post-Graduate,Single,$40K - $60K,Blue,44,5,4216,121,0.306
721382208,Existing Customer,1983,F,2,High School,Married,$40K - $60K,Blue,27,1,3140,122,0.802
779349783,Existing Customer,1975,M,3,Doctorate,Married,$60K - $80K,Blue,31,2,21161,104,0.057
789450408,Existing Customer,1980,F,2,Uneducated,Married,Unknown,Blue,32,5,5877,91,0.291
709210833,Existing Customer,1973,F,2,Doctorate,Married,$40K - $60K,Blue,36,2,9074,110,0.182
821752908,Existing Customer,1968,M,2,High School,Single,$60K - $80K,Blue,49,3,4142,117,0.544
789878283,Existing Customer,1982,M,3,Graduate,Married,$40K - $60K,Blue,29,2,3152,117,0.372
709319658,Attrited Customer,1973,F,4,Graduate,Single,Less than $40K,Platinum,37,3,15987,71,0
719222133,Existing Customer,1980,M,3,Graduate,Single,$40K - $60K,Blue,36,3,8919,96,0.193
715551783,Existing Customer,1967,F,2,Uneducated,Married,Unknown,Blue,42,1,24927,113,0.051
712718958,Existing Customer,1972,M,2,High School,Divorced,$40K - $60K,Blue,36,1,3308,101,0.65
709764483,Attrited Customer,1960,M,1,Graduate,Unknown,$60K - $80K,Blue,53,1,6157,65,0.094
783361533,Existing Customer,1980,M,3,Unknown,Married,$60K - $80K,Silver,35,3,33889,112,0.035
717942033,Existing Customer,1969,M,2,Uneducated,Unknown,$120K +,Blue,42,1,33552,98,0.037
817908783,Existing Customer,1977,M,3,Unknown,Single,$120K +,Silver,39,3,34516,107,0.062
713708358,Existing Customer,1988,F,3,Unknown,Single,$40K - $60K,Silver,36,3,19594,111,0.05
713705358,Existing Customer,1984,M,2,Graduate,Single,$60K - $80K,Blue,28,6,7349,109,0.135
789551883,Existing Customer,1969,F,3,Graduate,Single,$40K - $60K,Blue,45,1,14803,87,0.067
812247033,Attrited Customer,1970,F,3,Uneducated,Married,Less than $40K,Blue,46,5,3536,39,0
717580458,Attrited Customer,1978,M,4,Uneducated,Divorced,$80K - $120K,Blue,36,3,19333,63,0
780551733,Existing Customer,1967,F,1,High School,Married,Less than $40K,Silver,44,2,11605,117,0.127
719722308,Existing Customer,1990,F,0,Uneducated,Divorced,Less than $40K,Blue,22,1,3329,114,0
718328283,Existing Customer,1981,F,4,High School,Single,Less than $40K,Blue,36,1,3961,100,0.387
826061508,Existing Customer,1972,F,4,Uneducated,Unknown,Less than $40K,Blue,45,3,5975,102,0.342
715610733,Attrited Customer,1961,M,1,Uneducated,Married,$40K - $60K,Blue,47,1,3735,66,0.315
710161083,Attrited Customer,1959,F,0,Uneducated,Single,Less than $40K,Blue,36,3,5780,40,0
712464933,Existing Customer,1977,M,2,Graduate,Married,$80K - $120K,Blue,36,2,19141,114,0.101
768181608,Existing Customer,1978,F,3,Graduate,Unknown,Less than $40K,Blue,37,3,3461,122,0.511
713869083,Existing Customer,1965,M,2,High School,Married,$80K - $120K,Blue,43,2,29394,92,0.034
711465333,Existing Customer,1986,M,4,High School,Single,$80K - $120K,Blue,26,1,24250,99,0
719924433,Existing Customer,1981,F,4,Graduate,Married,$40K - $60K,Silver,32,2,16191,107,0
719248158,Existing Customer,1969,M,2,High School,Divorced,$60K - $80K,Blue,42,3,7261,108,0.199
719944458,Existing Customer,1992,M,0,High School,Single,$40K - $60K,Blue,36,3,4023,96,0.357
715799808,Attrited Customer,1969,M,0,High School,Single,$60K - $80K,Blue,39,3,3764,69,0
721264533,Existing Customer,1972,F,3,Unknown,Married,Less than $40K,Blue,36,1,3767,126,0.294
711838008,Attrited Customer,1984,M,3,Graduate,Married,$60K - $80K,Blue,28,3,6407,77,0.075
711826983,Attrited Customer,1974,F,3,Unknown,Married,$40K - $60K,Blue,36,3,5822,38,0
719413383,Existing Customer,1989,M,1,Uneducated,Single,$60K - $80K,Silver,36,3,33711,134,0.043
712990458,Existing Customer,1977,F,3,Graduate,Married,Unknown,Silver,34,2,31699,113,0.062
789594108,Existing Customer,1974,M,5,College,Single,$80K - $120K,Blue,41,1,3429,99,0.519
718764708,Existing Customer,1976,M,3,Graduate,Unknown,$120K +,Blue,36,4,8858,103,0.153
820271208,Existing Customer,1975,M,2,Graduate,Divorced,$60K - $80K,Blue,41,2,7064,103,0.175
708369633,Attrited Customer,1987,F,3,Graduate,Married,Less than $40K,Gold,36,3,15487,67,0.119
712055433,Existing Customer,1982,F,4,High School,Married,Less than $40K,Blue,36,2,3600,116,0.576
721114458,Existing Customer,1975,M,4,College,Single,$120K +,Blue,36,2,34516,96,0.017
714959358,Attrited Customer,1971,M,3,High School,Married,$80K - $120K,Silver,36,3,34516,71,0.066
708396033,Existing Customer,1976,F,2,Uneducated,Married,Less than $40K,Blue,27,2,2490,101,0.425
719593608,Attrited Customer,1965,M,1,Uneducated,Married,$80K - $120K,Blue,36,2,33870,61,0
715830558,Attrited Customer,1971,M,2,Uneducated,Unknown,$120K +,Blue,38,2,34516,81,0.012
716406483,Existing Customer,1991,M,0,Unknown,Single,$60K - $80K,Blue,20,3,23760,103,0.057
714941358,Attrited Customer,1968,F,4,Graduate,Married,Less than $40K,Blue,36,3,4005,75,0
716088783,Attrited Customer,1961,M,0,College,Married,$80K - $120K,Blue,50,4,29239,65,0
718458858,Attrited Customer,1980,M,4,Graduate,Single,$80K - $120K,Silver,29,3,34516,53,0
715754133,Existing Customer,1979,F,3,Graduate,Single,Less than $40K,Blue,32,2,3391,107,0.401
715630983,Attrited Customer,1990,F,0,Graduate,Single,Less than $40K,Blue,21,2,4598,77,0
712768983,Attrited Customer,1970,M,4,Graduate,Single,$80K - $120K,Silver,42,4,34516,65,0.007
716881683,Attrited Customer,1976,M,5,Uneducated,Married,$80K - $120K,Blue,34,3,3435,51,0.733
711108408,Existing Customer,1966,M,2,Uneducated,Single,$60K - $80K,Blue,36,1,17540,96,0.076
717565233,Existing Customer,1970,M,3,Doctorate,Single,$80K - $120K,Blue,38,3,31346,92,0.042
789539058,Existing Customer,1993,M,0,Uneducated,Single,Less than $40K,Blue,20,1,4342,116,0.206
768643158,Existing Customer,1977,F,5,Graduate,Divorced,Less than $40K,Blue,38,1,3842,119,0.64
721530633,Existing Customer,1970,F,2,Graduate,Single,$40K - $60K,Blue,36,1,3785,104,0.351
721188033,Existing Customer,1973,M,5,College,Married,Less than $40K,Blue,39,3,6797,112,0.329
810261633,Existing Customer,1977,M,4,Graduate,Single,$60K - $80K,Blue,39,2,9682,95,0.178
717529233,Attrited Customer,1981,F,3,Graduate,Single,Less than $40K,Blue,30,3,3319,44,0
719365233,Existing Customer,1987,M,4,Unknown,Single,Less than $40K,Blue,23,3,7664,126,0.233
720943308,Existing Customer,1974,M,3,Graduate,Single,$60K - $80K,Silver,36,1,30498,120,0.065
714425283,Existing Customer,1971,F,2,High School,Married,Unknown,Blue,40,3,19962,119,0
711794358,Attrited Customer,1960,M,0,College,Single,$80K - $120K,Blue,50,4,21398,53,0
719683158,Attrited Customer,1965,F,2,Unknown,Married,Less than $40K,Blue,48,4,4746,66,0
709406733,Existing Customer,1975,M,3,Graduate,Divorced,$80K - $120K,Blue,36,2,20434,106,0.074
708572658,Existing Customer,1972,M,5,Graduate,Married,$60K - $80K,Silver,38,1,29531,120,0.071
714001008,Existing Customer,1965,M,1,Uneducated,Divorced,$120K +,Blue,36,1,3730,102,0
712833633,Existing Customer,1980,M,2,Post-Graduate,Married,$40K - $60K,Blue,36,1,10688,98,0.061
716260833,Attrited Customer,1965,F,5,Unknown,Single,Less than $40K,Blue,36,3,4668,63,0.539
708863733,Existing Customer,1986,M,3,Unknown,Single,$40K - $60K,Gold,19,1,22725,120,0.036
717076458,Existing Customer,1981,M,3,Unknown,Single,$40K - $60K,Blue,36,3,8155,102,0.144
712412958,Existing Customer,1980,F,3,Doctorate,Married,$40K - $60K,Silver,33,1,18266,124,0.045
720535008,Existing Customer,1975,M,4,Uneducated,Single,$80K - $120K,Blue,36,2,10492,104,0.104
711578658,Existing Customer,1965,F,2,High School,Married,$40K - $60K,Blue,49,3,6380,97,0.395
709373883,Existing Customer,1984,F,5,Unknown,Married,$40K - $60K,Silver,36,1,19055,124,0.132
780730008,Existing Customer,1970,M,2,College,Single,$120K +,Blue,36,2,3477,120,0.216
824816358,Existing Customer,1985,F,1,Uneducated,Single,Less than $40K,Blue,32,3,3277,127,0
716106108,Existing Customer,1972,M,4,Post-Graduate,Married,$120K +,Silver,41,3,34516,129,0
709807383,Existing Customer,1986,F,2,Unknown,Married,Less than $40K,Blue,22,1,3616,94,0.319
716430933,Existing Customer,1975,F,4,Unknown,Single,Less than $40K,Blue,36,1,3973,131,0
789866133,Existing Customer,1976,F,3,Graduate,Unknown,$40K - $60K,Blue,35,3,4318,118,0.546
718634058,Existing Customer,1973,F,2,High School,Unknown,Unknown,Blue,31,2,7660,100,0.1
715129983,Existing Customer,1975,F,3,Graduate,Divorced,Unknown,Blue,36,3,3515,116,0
717177783,Existing Customer,1985,F,0,Unknown,Married,Less than $40K,Silver,19,2,13313,121,0
719694408,Attrited Customer,1991,F,1,College,Single,Less than $40K,Blue,36,3,4541,80,0
806992533,Existing Customer,1972,F,1,Graduate,Married,Less than $40K,Blue,44,1,8284,102,0.096
718045008,Attrited Customer,1990,M,0,Post-Graduate,Married,Less than $40K,Blue,21,2,3768,71,0
711010683,Existing Customer,1986,M,3,High School,Married,$40K - $60K,Blue,27,2,14382,131,0.136
714759708,Existing Customer,1967,F,1,High School,Single,Unknown,Blue,36,2,10798,105,0.128
718801158,Existing Customer,1972,M,3,Graduate,Single,$40K - $60K,Gold,36,2,23981,96,0.059
712256358,Existing Customer,1981,M,3,Graduate,Married,$60K - $80K,Blue,23,3,22729,110,0.07
779803008,Existing Customer,1980,F,2,High School,Single,Unknown,Blue,30,2,27670,124,0
710968008,Existing Customer,1984,F,4,Uneducated,Married,Less than $40K,Blue,26,1,3423,124,0.189
771584658,Existing Customer,1975,F,4,Unknown,Single,Unknown,Silver,34,2,33874,98,0.043
718102758,Existing Customer,1960,F,0,High School,Married,Less than $40K,Blue,36,1,3175,101,0.351
811076883,Attrited Customer,1976,M,3,Graduate,Married,$40K - $60K,Blue,40,4,7979,63,0
770970558,Existing Customer,1980,M,2,Unknown,Single,$80K - $120K,Blue,28,2,13679,103,0.166
758863383,Existing Customer,1974,F,2,Uneducated,Unknown,Less than $40K,Silver,36,3,14767,104,0.064
716863458,Attrited Customer,1977,M,2,Uneducated,Single,$80K - $120K,Silver,36,3,34516,68,0.016
766821033,Attrited Customer,1960,M,0,Unknown,Single,$120K +,Blue,46,3,4650,74,0.25
814590483,Existing Customer,1976,F,2,Graduate,Married,$40K - $60K,Blue,40,3,3592,95,0.241
773283108,Existing Customer,1990,M,0,High School,Married,$60K - $80K,Silver,24,1,32535,116,0.053
721006458,Existing Customer,1979,M,2,Unknown,Single,$120K +,Blue,35,1,3214,114,0.458
714615258,Attrited Customer,1989,M,1,High School,Single,$40K - $60K,Blue,36,3,4819,64,0.443
788687133,Existing Customer,1979,M,2,Graduate,Married,$80K - $120K,Blue,31,3,16433,125,0
820108008,Existing Customer,1972,M,4,Unknown,Married,$80K - $120K,Blue,44,3,12174,121,0.112
717781608,Existing Customer,1969,F,3,Graduate,Married,Less than $40K,Blue,40,2,9230,99,0.164
720136458,Existing Customer,1982,M,3,Post-Graduate,Married,$60K - $80K,Blue,36,2,6867,97,0.113
716247708,Existing Customer,1970,M,4,College,Single,$120K +,Gold,33,2,34516,103,0.054
714968208,Existing Customer,1969,M,2,High School,Married,$80K - $120K,Blue,36,3,18046,104,0
719913783,Existing Customer,1981,M,3,Graduate,Single,$40K - $60K,Blue,27,2,7680,105,0.207
720621408,Existing Customer,1983,F,2,Uneducated,Married,Less than $40K,Blue,36,3,7825,100,0
721169883,Existing Customer,1980,M,5,College,Married,$60K - $80K,Blue,31,3,5002,109,0.389
719324658,Existing Customer,1994,M,0,College,Unknown,$80K - $120K,Silver,19,1,34516,112,0.033
714577233,Existing Customer,1971,F,3,Graduate,Married,$40K - $60K,Blue,41,3,4755,109,0
712367658,Existing Customer,1963,M,1,Uneducated,Single,$80K - $120K,Blue,40,3,22104,112,0.081
803655333,Existing Customer,1968,M,2,Post-Graduate,Single,$60K - $80K,Silver,47,3,29038,103,0.079
710455608,Attrited Customer,1981,M,3,High School,Single,$80K - $120K,Blue,36,3,4620,61,0
711328458,Existing Customer,1963,M,1,High School,Married,$80K - $120K,Blue,50,1,34516,127,0.039
708123033,Existing Customer,1980,F,3,Graduate,Single,Less than $40K,Silver,30,1,11463,105,0
713514633,Attrited Customer,1962,M,2,Graduate,Single,$60K - $80K,Blue,50,4,6224,69,0
710745633,Existing Customer,1968,M,1,Unknown,Married,$120K +,Blue,36,3,19252,112,0.039
710374008,Existing Customer,1968,M,1,Graduate,Single,$80K - $120K,Blue,47,1,34516,100,0.046
772166058,Existing Customer,1990,M,1,Unknown,Single,$40K - $60K,Blue,20,2,3232,112,0.484
715017858,Existing Customer,1977,M,2,Uneducated,Married,$120K +,Platinum,36,1,34516,114,0.041
717571683,Attrited Customer,1974,F,4,Uneducated,Married,$40K - $60K,Gold,34,3,23981,61,0
743420208,Existing Customer,1974,F,2,College,Single,Less than $40K,Blue,40,2,4822,121,0.39
716201883,Existing Customer,1975,M,2,Graduate,Unknown,$120K +,Silver,39,2,34516,114,0.04
714593883,Existing Customer,1968,F,2,Graduate,Married,Less than $40K,Silver,45,2,12100,115,0.112
711003483,Existing Customer,1981,M,3,Unknown,Divorced,$60K - $80K,Blue,24,3,20466,97,0.056
819628158,Existing Customer,1979,M,3,Graduate,Single,$60K - $80K,Blue,37,3,17887,116,0.102
712021233,Attrited Customer,1988,M,3,Graduate,Married,$60K - $80K,Blue,15,1,23399,74,0
708573933,Existing Customer,1976,F,2,Unknown,Single,Less than $40K,Silver,36,2,13026,100,0.061
710758683,Existing Customer,1960,F,1,Graduate,Unknown,$40K - $60K,Silver,48,3,15698,82,0.127
718288833,Existing Customer,1990,M,1,Unknown,Married,$40K - $60K,Blue,36,3,5590,127,0.157
708873183,Existing Customer,1974,M,2,Post-Graduate,Single,$60K - $80K,Blue,39,3,17575,128,0.035
766224933,Existing Customer,1975,M,2,Graduate,Married,$80K - $120K,Blue,39,1,29528,119,0.06
771626283,Existing Customer,1967,M,2,Post-Graduate,Married,$60K - $80K,Platinum,42,3,34516,114,0.058
720372483,Existing Customer,1961,F,0,High School,Married,Less than $40K,Blue,36,1,4147,111,0.545
712916958,Attrited Customer,1966,F,2,Graduate,Married,Unknown,Blue,36,3,12494,69,0
716124408,Attrited Customer,1989,M,2,Graduate,Single,$120K +,Gold,22,2,34516,64,0.049
714128283,Existing Customer,1972,F,1,Unknown,Married,Less than $40K,Silver,40,3,13411,113,0.129
708163758,Existing Customer,1980,M,3,Unknown,Married,$120K +,Blue,33,4,34516,139,0.018
716979183,Existing Customer,1976,M,2,College,Married,$60K - $80K,Blue,34,1,17646,106,0.079
716480358,Existing Customer,1976,M,3,Uneducated,Single,$60K - $80K,Blue,36,2,11121,81,0.117
800758233,Attrited Customer,1991,M,0,College,Single,$60K - $80K,Blue,24,2,4109,77,0
720413658,Existing Customer,1977,M,2,High School,Married,$120K +,Blue,31,1,6176,95,0.147
715832058,Existing Customer,1981,F,5,Graduate,Unknown,Less than $40K,Blue,36,2,4512,98,0.26
716323683,Existing Customer,1990,M,0,Graduate,Married,$80K - $120K,Blue,36,3,32791,106,0.049
819616383,Existing Customer,1981,F,3,Uneducated,Divorced,Less than $40K,Blue,35,3,4772,118,0.42
771069033,Existing Customer,1965,M,1,Unknown,Unknown,$60K - $80K,Blue,43,2,10602,91,0.102
821241708,Attrited Customer,1974,M,4,Unknown,Unknown,$80K - $120K,Blue,42,4,7953,74,0
716987358,Attrited Customer,1992,M,0,Post-Graduate,Divorced,$60K - $80K,Blue,15,1,8022,59,0
710300733,Existing Customer,1983,M,3,High School,Single,$120K +,Blue,27,4,34516,106,0
712497783,Existing Customer,1965,F,2,Unknown,Married,Less than $40K,Blue,48,2,9092,94,0.15
709259958,Attrited Customer,1968,F,1,Graduate,Single,Less than $40K,Blue,44,3,5541,73,0.454
716296833,Existing Customer,1965,M,0,Doctorate,Single,$80K - $120K,Blue,47,1,7204,113,0
715728108,Existing Customer,1994,F,0,Graduate,Unknown,Less than $40K,Blue,36,1,4548,131,0.319
771507258,Existing Customer,1983,F,2,Graduate,Single,Less than $40K,Blue,26,2,3860,118,0.304
713758758,Existing Customer,1973,M,2,High School,Married,Less than $40K,Silver,36,2,14581,109,0.173
779809908,Existing Customer,1977,F,3,High School,Single,Less than $40K,Blue,34,2,3084,96,0
816310158,Existing Customer,1972,M,4,Uneducated,Unknown,$60K - $80K,Blue,44,3,12375,106,0.183
780349833,Existing Customer,1985,M,2,College,Married,$40K - $60K,Gold,23,1,23981,120,0
818235408,Existing Customer,1991,M,0,College,Married,$60K - $80K,Blue,25,3,19534,118,0
709213458,Attrited Customer,1979,M,3,High School,Married,$80K - $120K,Blue,36,3,22993,75,0
719634408,Existing Customer,1970,M,2,Unknown,Single,$120K +,Silver,31,2,34516,104,0.017
709934808,Existing Customer,1962,M,1,Unknown,Single,$40K - $60K,Silver,51,2,15164,103,0.071
712238958,Existing Customer,1976,M,4,Graduate,Married,Less than $40K,Blue,36,2,7231,115,0.145
711813258,Existing Customer,1965,M,2,College,Single,$60K - $80K,Gold,43,1,34516,116,0.059
789983133,Existing Customer,1990,M,2,Graduate,Unknown,$80K - $120K,Silver,22,3,34516,98,0.052
792139308,Existing Customer,1973,F,3,Graduate,Single,$40K - $60K,Blue,42,2,9215,114,0.069
718123608,Existing Customer,1989,M,2,Graduate,Married,$80K - $120K,Blue,36,1,25438,104,0.075
715369008,Existing Customer,1975,F,3,High School,Single,Less than $40K,Blue,36,2,3759,106,0
717556758,Existing Customer,1969,F,2,High School,Single,Less than $40K,Blue,36,2,3029,113,0.748
718252533,Attrited Customer,1991,F,0,Graduate,Divorced,Less than $40K,Blue,18,1,4203,68,0.237
716340783,Existing Customer,1973,M,4,High School,Married,$80K - $120K,Blue,36,1,21526,105,0.061
717898758,Attrited Customer,1966,F,2,Graduate,Married,Less than $40K,Silver,45,3,12207,74,0
825743583,Existing Customer,1982,F,2,Graduate,Single,Unknown,Silver,35,3,32089,121,0.061
717711108,Existing Customer,1978,F,3,Unknown,Married,Less than $40K,Blue,27,2,3541,123,0.294
789791808,Existing Customer,1978,M,4,High School,Married,$40K - $60K,Blue,32,2,7139,112,0.212
807971658,Existing Customer,1974,F,3,Unknown,Married,Less than $40K,Blue,42,2,3669,112,0.686
770220558,Attrited Customer,1964,M,3,Unknown,Single,$60K - $80K,Blue,51,6,5859,82,0
818239983,Existing Customer,1968,M,2,Unknown,Divorced,$80K - $120K,Blue,48,1,15594,118,0.102
712544358,Existing Customer,1973,M,3,Graduate,Married,$120K +,Gold,36,4,34516,108,0.053
720306408,Existing Customer,1971,F,2,High School,Single,Less than $40K,Blue,41,3,6704,103,0
721488858,Existing Customer,1968,M,3,Uneducated,Married,$60K - $80K,Silver,38,3,32417,121,0.027
710771433,Existing Customer,1973,M,1,Graduate,Single,$80K - $120K,Blue,36,3,2754,125,0.781
708662583,Attrited Customer,1980,M,3,Unknown,Married,$60K - $80K,Silver,29,3,27945,70,0
717663033,Existing Customer,1970,M,2,Uneducated,Single,$120K +,Blue,35,2,34516,123,0.031
721524858,Existing Customer,1970,F,2,Unknown,Married,Less than $40K,Blue,37,2,7098,102,0.258
788778033,Existing Customer,1982,F,2,College,Single,Less than $40K,Silver,20,2,12338,109,0.104
708649683,Existing Customer,1970,M,2,High School,Single,$60K - $80K,Blue,42,3,16703,122,0.068
708770883,Existing Customer,1978,M,2,Uneducated,Married,$80K - $120K,Blue,24,2,16667,115,0.088
708152358,Attrited Customer,1967,M,1,Post-Graduate,Unknown,$80K - $120K,Blue,36,3,18512,57,0.09
719210133,Existing Customer,1974,M,3,Uneducated,Single,$60K - $80K,Blue,35,3,14131,103,0.094
714690633,Existing Customer,1970,F,3,Graduate,Single,Less than $40K,Blue,36,3,3276,116,0.45
719719158,Existing Customer,1983,M,4,Post-Graduate,Single,$80K - $120K,Silver,36,3,34516,114,0.042
712690458,Existing Customer,1983,F,2,Uneducated,Married,Less than $40K,Blue,28,1,3629,113,0.521
718758783,Existing Customer,1977,F,4,Unknown,Single,Less than $40K,Silver,36,3,13067,118,0.149
716947083,Existing Customer,1989,M,3,High School,Single,$40K - $60K,Blue,36,2,3845,110,0.487
709075533,Attrited Customer,1980,M,5,Uneducated,Single,$80K - $120K,Blue,32,3,12094,90,0
712952283,Existing Customer,1971,M,3,Graduate,Married,$120K +,Blue,35,1,34516,121,0.047
718799958,Existing Customer,1961,F,1,Graduate,Married,Unknown,Blue,52,3,13312,106,0.148
718663983,Existing Customer,1983,F,1,Doctorate,Single,Less than $40K,Blue,36,2,3466,94,0.726
789550458,Existing Customer,1962,M,0,High School,Single,$40K - $60K,Silver,52,2,15223,111,0.114
708226833,Existing Customer,1968,M,1,High School,Married,$120K +,Gold,44,6,34516,107,0.024
714361083,Attrited Customer,1981,F,2,College,Single,Less than $40K,Blue,36,2,5989,60,0
714608583,Attrited Customer,1976,M,5,High School,Divorced,$120K +,Blue,36,3,5287,69,0
710775483,Existing Customer,1968,M,1,High School,Unknown,$40K - $60K,Blue,43,1,9060,102,0
709410033,Existing Customer,1965,M,2,High School,Unknown,$80K - $120K,Blue,36,1,4731,118,0.176
717173358,Existing Customer,1961,F,0,Graduate,Single,$40K - $60K,Blue,47,2,9502,100,0.198
719773158,Existing Customer,1979,M,3,Graduate,Married,$80K - $120K,Blue,36,3,29738,97,0.08
771292233,Existing Customer,1973,F,1,Unknown,Single,Less than $40K,Blue,36,1,3918,103,0.208
756371058,Existing Customer,1963,F,1,Unknown,Married,Less than $40K,Blue,40,2,3944,124,0.255
709476033,Existing Customer,1966,M,2,Uneducated,Married,$120K +,Blue,48,1,6577,120,0.274
770560683,Existing Customer,1970,M,1,Graduate,Married,$120K +,Gold,37,3,34516,117,0.07
788766933,Existing Customer,1975,M,2,Post-Graduate,Married,$80K - $120K,Blue,26,3,34516,97,0.021
713550483,Existing Customer,1976,M,4,Graduate,Unknown,$60K - $80K,Blue,33,5,8670,96,0.223
709928358,Attrited Customer,1981,M,3,Graduate,Single,$80K - $120K,Blue,20,2,32554,87,0
713895633,Existing Customer,1965,F,1,High School,Unknown,$40K - $60K,Blue,36,1,8331,103,0
720471108,Existing Customer,1987,F,4,High School,Single,Unknown,Silver,26,2,32056,106,0.052
718192608,Existing Customer,1973,M,3,Uneducated,Married,$60K - $80K,Blue,36,1,15524,106,0.074
805485933,Existing Customer,1976,F,3,Graduate,Married,Less than $40K,Blue,40,1,4010,101,0.628
712517808,Existing Customer,1979,M,5,High School,Married,$60K - $80K,Blue,36,4,3275,112,0.466
780604083,Existing Customer,1972,M,1,Unknown,Single,$60K - $80K,Blue,37,2,18349,110,0.066
715311183,Existing Customer,1986,M,2,Post-Graduate,Single,$60K - $80K,Blue,24,3,3388,100,0.49
712265508,Attrited Customer,1989,M,0,Post-Graduate,Single,$40K - $60K,Blue,14,1,4015,65,0
715051608,Attrited Customer,1987,M,2,High School,Single,$60K - $80K,Blue,36,3,9719,51,0.259
757786608,Existing Customer,1988,M,2,Post-Graduate,Single,$80K - $120K,Blue,24,3,4178,107,0.59
714303483,Existing Customer,1981,M,2,College,Married,$40K - $60K,Gold,31,2,3735,130,0.395
718728108,Existing Customer,1978,M,4,Uneducated,Married,$60K - $80K,Silver,30,3,29856,119,0.053
710019933,Existing Customer,1992,M,1,Uneducated,Single,$40K - $60K,Blue,22,3,11522,119,0.104
812453283,Existing Customer,1979,M,3,Graduate,Married,$40K - $60K,Blue,37,2,3161,117,0.566
717439983,Attrited Customer,1973,M,2,Graduate,Married,$80K - $120K,Blue,28,3,14774,63,0.17
714391683,Attrited Customer,1982,M,4,Unknown,Married,$60K - $80K,Gold,36,3,34516,66,0.073
827901183,Existing Customer,1970,F,2,Graduate,Married,Less than $40K,Blue,47,2,5118,109,0.191
708841233,Attrited Customer,1980,M,2,College,Married,$80K - $120K,Blue,33,3,14682,72,0.171
710663508,Existing Customer,1979,M,4,Uneducated,Married,$40K - $60K,Blue,33,2,3108,99,0.734
716439258,Existing Customer,1989,M,3,Graduate,Married,$60K - $80K,Blue,36,1,3223,103,0.438
719610708,Existing Customer,1978,M,1,Graduate,Married,$120K +,Blue,34,1,28612,105,0.088
715026258,Existing Customer,1971,M,1,Graduate,Married,$60K - $80K,Silver,37,1,6224,112,0.125
711706458,Existing Customer,1977,M,4,Doctorate,Married,$80K - $120K,Blue,27,2,24134,110,0.053
712180308,Existing Customer,1985,M,4,High School,Single,$120K +,Blue,36,3,27929,123,0.068
802622733,Existing Customer,1977,F,4,Uneducated,Single,$40K - $60K,Blue,34,3,3657,95,0
778832883,Existing Customer,1974,F,3,Post-Graduate,Married,Less than $40K,Blue,28,3,8257,104,0.116
788671608,Existing Customer,1976,F,4,College,Single,$40K - $60K,Gold,30,2,23051,107,0.08
718023708,Existing Customer,1968,F,2,Uneducated,Single,$40K - $60K,Blue,42,1,14839,115,0.15
718692258,Existing Customer,1978,M,3,Unknown,Married,$60K - $80K,Blue,34,3,3755,110,0.424
718357458,Existing Customer,1973,M,5,Unknown,Single,$60K - $80K,Blue,36,3,3862,125,0
714003483,Existing Customer,1984,M,1,Doctorate,Unknown,$60K - $80K,Blue,36,3,7539,129,0
713632983,Attrited Customer,1978,M,4,High School,Married,$80K - $120K,Blue,35,3,10588,70,0.048
711008508,Existing Customer,1962,M,2,Graduate,Single,$40K - $60K,Blue,50,1,11808,113,0
815230458,Existing Customer,1990,M,1,High School,Divorced,$40K - $60K,Silver,26,1,15504,126,0.082
719612583,Attrited Customer,1969,F,4,Uneducated,Divorced,Unknown,Blue,42,4,12091,74,0
709514433,Existing Customer,1980,M,3,High School,Married,$80K - $120K,Blue,33,1,13818,101,0.044
815826708,Existing Customer,1968,F,2,Unknown,Married,$40K - $60K,Blue,48,3,4442,109,0.249
815520333,Existing Customer,1966,M,3,High School,Married,$60K - $80K,Blue,50,1,5282,115,0.217
718661958,Existing Customer,1980,M,3,College,Married,$80K - $120K,Blue,28,1,34516,93,0.047
788980983,Existing Customer,1966,M,1,High School,Single,$80K - $120K,Blue,42,4,34516,112,0.046
721171008,Existing Customer,1990,F,1,Unknown,Married,Less than $40K,Silver,36,3,10353,124,0.147
714682233,Existing Customer,1973,M,3,Graduate,Married,$80K - $120K,Blue,43,4,9959,125,0
720736608,Existing Customer,1979,M,2,Graduate,Married,$60K - $80K,Blue,36,2,6280,92,0.347
718333983,Attrited Customer,1964,M,4,Unknown,Divorced,$120K +,Blue,36,2,13694,63,0.162
772207683,Existing Customer,1987,M,2,Graduate,Single,Less than $40K,Blue,23,3,8940,97,0.17
714794133,Existing Customer,1967,M,2,Uneducated,Married,$60K - $80K,Blue,45,3,6546,112,0.291
756639708,Existing Customer,1975,F,2,Unknown,Married,Unknown,Silver,39,1,32587,113,0.03
713686008,Existing Customer,1983,M,2,Graduate,Single,$60K - $80K,Blue,25,1,11474,98,0
713475633,Existing Customer,1981,M,5,Unknown,Single,$120K +,Silver,31,3,34516,96,0.064
717518733,Attrited Customer,1965,F,2,High School,Married,Less than $40K,Blue,46,3,9463,61,0.081
712532058,Existing Customer,1977,M,3,Post-Graduate,Married,$40K - $60K,Blue,36,1,12552,95,0.112
789666333,Existing Customer,1982,M,2,Graduate,Single,$60K - $80K,Blue,24,3,21679,115,0.049
711422358,Existing Customer,1979,M,5,Post-Graduate,Unknown,$40K - $60K,Blue,36,2,10531,118,0.221
708510858,Existing Customer,1961,F,1,Uneducated,Single,Less than $40K,Blue,47,3,4905,109,0.492
767023308,Existing Customer,1986,M,3,College,Unknown,$80K - $120K,Silver,29,2,34516,106,0
789289383,Existing Customer,1979,M,3,Graduate,Single,$80K - $120K,Silver,31,2,34516,97,0.061
708805908,Attrited Customer,1991,M,2,Graduate,Married,Less than $40K,Silver,18,1,10017,68,0.072
710155158,Attrited Customer,1984,M,2,Uneducated,Unknown,$80K - $120K,Blue,18,1,31832,59,0.016
713330133,Existing Customer,1984,F,1,Graduate,Married,Less than $40K,Blue,19,3,5843,95,0.23
714403983,Existing Customer,1978,M,2,Graduate,Single,$80K - $120K,Blue,36,2,34427,112,0.047
720353808,Attrited Customer,1987,M,3,High School,Unknown,$80K - $120K,Silver,21,2,34516,50,0
710362233,Existing Customer,1973,M,3,Unknown,Unknown,$80K - $120K,Platinum,40,2,34516,98,0.05
771484908,Existing Customer,1990,M,0,Graduate,Divorced,$80K - $120K,Silver,19,3,34516,96,0.057
717047583,Attrited Customer,1974,F,3,Doctorate,Married,Less than $40K,Blue,35,3,4779,63,0.527
715694433,Existing Customer,1970,M,1,Unknown,Single,$60K - $80K,Blue,22,3,4248,116,0.277
793456983,Existing Customer,1978,M,0,Post-Graduate,Single,$40K - $60K,Blue,37,2,7872,104,0.126
715742658,Existing Customer,1980,F,3,Graduate,Unknown,Less than $40K,Blue,13,3,6077,97,0.234
715518783,Existing Customer,1973,F,3,Graduate,Single,Less than $40K,Blue,36,3,3882,128,0.523
779514558,Existing Customer,1980,F,2,High School,Married,Less than $40K,Blue,24,1,7207,96,0.228
720017958,Existing Customer,1973,F,4,Unknown,Single,$40K - $60K,Blue,36,1,6121,117,0.274
712895733,Attrited Customer,1981,M,4,Uneducated,Single,$80K - $120K,Blue,36,3,34516,81,0.017
719039283,Existing Customer,1989,M,1,Uneducated,Married,$40K - $60K,Blue,36,2,3535,85,0.556
719629308,Attrited Customer,1966,F,2,Unknown,Single,Unknown,Silver,37,2,34516,80,0.052
754443033,Attrited Customer,1971,M,1,Graduate,Single,$80K - $120K,Silver,43,3,34516,72,0.013
716159958,Existing Customer,1972,M,2,Unknown,Married,$60K - $80K,Blue,36,1,6224,93,0.214
712195383,Existing Customer,1984,F,0,Doctorate,Single,Less than $40K,Blue,36,2,9178,110,0.173
822885033,Existing Customer,1990,M,1,High School,Married,$60K - $80K,Blue,24,1,4328,120,0.345
716543433,Existing Customer,1969,M,2,College,Married,$80K - $120K,Blue,36,2,9959,99,0.105
717403158,Existing Customer,1961,F,0,Uneducated,Single,Less than $40K,Blue,47,2,9634,102,0.215
826065258,Existing Customer,1986,F,2,Unknown,Divorced,Unknown,Blue,31,2,19033,116,0.082
709397508,Existing Customer,1973,M,1,Uneducated,Married,$60K - $80K,Blue,39,3,8624,111,0.198
720748608,Attrited Customer,1977,M,3,Graduate,Divorced,$40K - $60K,Blue,32,2,3575,66,0
709823733,Attrited Customer,1977,F,2,Graduate,Unknown,$40K - $60K,Blue,34,3,5508,78,0
713542908,Existing Customer,1990,M,2,Graduate,Single,Less than $40K,Blue,19,2,5871,117,0.312
720512433,Attrited Customer,1965,M,1,Uneducated,Single,$60K - $80K,Blue,36,4,15219,78,0.15
713671158,Existing Customer,1975,M,2,Uneducated,Single,$120K +,Blue,32,3,34516,121,0.067
802449933,Existing Customer,1992,M,1,Uneducated,Married,$40K - $60K,Blue,23,3,8147,114,0.215
716723658,Existing Customer,1984,F,2,Post-Graduate,Single,Less than $40K,Blue,28,3,3525,110,0.431
710451708,Existing Customer,1989,M,1,Graduate,Married,$40K - $60K,Blue,24,1,9711,115,0.1
809540733,Existing Customer,1969,M,2,High School,Married,$80K - $120K,Blue,47,1,11358,92,0.125
716372358,Existing Customer,1963,F,3,Graduate,Married,Less than $40K,Blue,47,2,6765,124,0
710162133,Attrited Customer,1980,M,4,Graduate,Married,$80K - $120K,Blue,36,3,4725,77,0.265
710878308,Attrited Customer,1971,F,4,Graduate,Single,Less than $40K,Blue,37,2,3699,71,0.247
710262408,Existing Customer,1992,M,1,Graduate,Married,$80K - $120K,Silver,36,2,34516,116,0.048
713975433,Existing Customer,1989,F,0,High School,Divorced,Less than $40K,Blue,25,3,8851,110,0.198
771244383,Existing Customer,1969,F,1,College,Unknown,Less than $40K,Blue,39,2,8506,113,0
710405808,Existing Customer,1973,M,2,Graduate,Divorced,Less than $40K,Blue,36,3,3442,100,0.357
715542783,Existing Customer,1988,F,2,Graduate,Married,Less than $40K,Blue,24,3,3731,92,0
815840283,Existing Customer,1970,F,2,Unknown,Married,Less than $40K,Blue,46,6,7744,124,0.244
788908308,Existing Customer,1975,M,2,High School,Single,$40K - $60K,Blue,32,3,5972,116,0
789394833,Existing Customer,1974,M,2,Unknown,Divorced,$80K - $120K,Blue,37,2,21714,104,0.091
712609533,Existing Customer,1989,M,1,Uneducated,Single,$80K - $120K,Blue,15,2,3371,118,0.454
710237283,Existing Customer,1971,F,2,Graduate,Married,Less than $40K,Blue,38,1,9546,111,0.101
770766633,Existing Customer,1993,F,1,Post-Graduate,Single,Less than $40K,Blue,14,3,3848,105,0
823837158,Existing Customer,1977,M,3,Graduate,Single,$40K - $60K,Blue,40,3,9199,123,0.134
712123008,Existing Customer,1978,M,2,High School,Married,$60K - $80K,Blue,31,3,13381,116,0.138
711727083,Existing Customer,1971,F,1,Graduate,Single,$40K - $60K,Blue,36,1,2833,101,0.573
720033033,Existing Customer,1968,F,2,Post-Graduate,Single,Unknown,Blue,41,2,15101,96,0.092
787723758,Existing Customer,1963,F,3,Unknown,Married,Less than $40K,Blue,48,1,3603,101,0.407
770926158,Existing Customer,1970,F,0,Doctorate,Single,Less than $40K,Blue,38,2,4132,129,0.609
711360783,Existing Customer,1982,F,0,College,Single,Less than $40K,Blue,36,2,4366,127,0.428
708285108,Existing Customer,1979,M,4,Graduate,Single,$40K - $60K,Blue,36,1,6128,116,0.365
713390433,Attrited Customer,1977,M,3,Graduate,Unknown,$60K - $80K,Gold,29,3,34516,67,0.073
718096608,Existing Customer,1977,F,4,High School,Single,Less than $40K,Blue,30,2,6882,113,0.28
719094333,Existing Customer,1975,M,4,Uneducated,Married,$80K - $120K,Blue,33,2,13490,105,0.116
813764283,Existing Customer,1982,M,3,High School,Married,$80K - $120K,Blue,34,1,17978,114,0.101
713398158,Existing Customer,1976,M,3,Post-Graduate,Married,$40K - $60K,Blue,30,2,3821,89,0.438
711227883,Existing Customer,1980,F,2,Graduate,Single,Less than $40K,Blue,21,3,3624,121,0.453
810040908,Existing Customer,1979,F,3,High School,Single,Less than $40K,Blue,37,3,3787,120,0.218
772640808,Existing Customer,1983,F,1,College,Single,Less than $40K,Blue,28,2,4623,118,0.295
784907658,Existing Customer,1985,M,2,High School,Married,$80K - $120K,Blue,30,1,4343,119,0.511
794692158,Existing Customer,1978,F,3,High School,Unknown,$40K - $60K,Silver,25,2,17328,105,0
718383183,Existing Customer,1970,F,3,High School,Married,Less than $40K,Blue,39,1,3803,117,0.641
721156758,Existing Customer,1969,M,3,Graduate,Married,$60K - $80K,Blue,44,2,23889,124,0.025
811793433,Existing Customer,1971,F,3,Graduate,Divorced,Unknown,Silver,45,1,34516,103,0.069
712010358,Attrited Customer,1972,M,4,Graduate,Single,$80K - $120K,Blue,36,3,3999,76,0
719420058,Existing Customer,1977,M,4,Unknown,Single,$80K - $120K,Blue,26,2,11782,110,0.185
809459733,Existing Customer,1978,F,4,Unknown,Single,Less than $40K,Blue,38,1,3220,90,0
798783858,Existing Customer,1973,F,3,Unknown,Unknown,$40K - $60K,Blue,42,1,9742,92,0.258
711432258,Attrited Customer,1966,M,3,Graduate,Single,$60K - $80K,Blue,46,4,4178,54,0
721294533,Existing Customer,1973,M,4,Graduate,Married,$80K - $120K,Blue,34,1,34516,121,0.021
718425333,Existing Customer,1976,M,4,Graduate,Married,$80K - $120K,Blue,32,1,26819,111,0.062
714294183,Attrited Customer,1967,M,1,Graduate,Divorced,$80K - $120K,Blue,44,3,9580,51,0.014
714637908,Existing Customer,1974,F,4,Unknown,Single,Less than $40K,Blue,36,2,7940,118,0.21
712341933,Existing Customer,1982,M,1,Graduate,Single,$60K - $80K,Gold,36,3,34516,105,0.048
708332808,Existing Customer,1974,M,2,Uneducated,Married,$40K - $60K,Blue,39,2,3471,115,0
708354858,Attrited Customer,1970,M,2,Unknown,Single,$120K +,Blue,42,4,14938,80,0
766649283,Existing Customer,1972,F,3,Graduate,Divorced,Unknown,Blue,42,2,14072,107,0.136
817951083,Existing Customer,1963,F,1,Unknown,Married,$40K - $60K,Silver,53,3,15928,125,0.096
708301683,Attrited Customer,1981,M,2,Uneducated,Married,$80K - $120K,Blue,30,2,20798,90,0.051
713655108,Existing Customer,1961,F,1,Graduate,Single,Less than $40K,Blue,45,3,9752,108,0.146
714560358,Existing Customer,1968,M,1,Unknown,Single,$40K - $60K,Blue,45,2,3234,100,0.468
712113558,Attrited Customer,1976,M,2,Graduate,Married,$80K - $120K,Blue,36,3,24844,75,0.051
710603958,Existing Customer,1972,M,2,Uneducated,Married,$80K - $120K,Blue,36,1,3090,101,0
720597108,Attrited Customer,1973,F,3,Post-Graduate,Divorced,Less than $40K,Blue,36,3,9943,54,0.215
713810658,Existing Customer,1977,M,3,Graduate,Married,$60K - $80K,Blue,36,2,3384,100,0.236
721519908,Existing Customer,1992,F,1,Uneducated,Single,Less than $40K,Blue,36,2,3640,99,0.39
712025958,Existing Customer,1979,M,4,Uneducated,Married,$80K - $120K,Silver,35,2,34516,110,0.041
794740458,Existing Customer,1976,F,3,Graduate,Married,Less than $40K,Silver,39,2,10186,106,0.158
709814883,Existing Customer,1976,F,2,High School,Single,Less than $40K,Platinum,36,3,15987,127,0.141
719767683,Attrited Customer,1975,M,0,College,Single,$80K - $120K,Blue,39,3,16983,79,0
715321008,Attrited Customer,1982,M,2,Unknown,Married,$120K +,Blue,36,3,34516,63,0.073
710106933,Existing Customer,1989,M,2,Uneducated,Single,$80K - $120K,Silver,20,3,34516,119,0.062
716655858,Existing Customer,1983,M,2,High School,Single,$80K - $120K,Blue,31,3,34516,99,0
778260108,Existing Customer,1971,F,4,Unknown,Married,$40K - $60K,Blue,41,2,4268,112,0.354
713986908,Existing Customer,1971,F,2,High School,Married,Unknown,Blue,40,3,10748,126,0.101
780042633,Attrited Customer,1984,F,2,Unknown,Married,Unknown,Silver,21,2,31718,64,0
713269533,Attrited Customer,1979,M,2,College,Single,$80K - $120K,Blue,36,3,9959,85,0.253
713868033,Existing Customer,1968,M,1,College,Married,$80K - $120K,Silver,36,2,34516,114,0.043
708103608,Existing Customer,1969,M,1,High School,Single,$60K - $80K,Blue,45,5,11898,128,0.212
789684258,Attrited Customer,1964,M,2,Post-Graduate,Single,$80K - $120K,Silver,43,3,34516,61,0.054
779067408,Existing Customer,1975,M,1,Uneducated,Married,$60K - $80K,Blue,27,3,13056,102,0.145
712231308,Existing Customer,1961,M,0,Graduate,Single,Less than $40K,Silver,47,1,14002,128,0.101
761079783,Attrited Customer,1981,M,3,Graduate,Married,$60K - $80K,Blue,33,3,5500,67,0.08
787518258,Attrited Customer,1972,M,3,Uneducated,Married,$120K +,Blue,38,3,8549,77,0
717631908,Attrited Customer,1965,M,2,Unknown,Married,Less than $40K,Blue,44,3,4390,69,0
769396158,Attrited Customer,1966,M,1,College,Single,$80K - $120K,Blue,43,2,24884,53,0
713462508,Existing Customer,1966,F,2,Graduate,Married,Unknown,Blue,41,1,3591,121,0.49
716717733,Attrited Customer,1966,F,3,Uneducated,Single,Less than $40K,Blue,47,5,4841,87,0.177
709383933,Attrited Customer,1990,M,2,Unknown,Unknown,$80K - $120K,Blue,18,1,4246,66,0.593
717283008,Existing Customer,1977,F,4,Graduate,Single,Unknown,Blue,36,1,7469,108,0.184
793449333,Existing Customer,1967,M,2,Graduate,Divorced,$80K - $120K,Blue,48,3,29974,115,0.071
710873583,Existing Customer,1963,M,1,Graduate,Married,$60K - $80K,Blue,48,3,20724,109,0.107
718486608,Existing Customer,1968,M,2,High School,Single,$120K +,Blue,36,2,21079,96,0.068
716748483,Existing Customer,1962,F,1,Uneducated,Married,$40K - $60K,Blue,36,2,3720,129,0.422
715113933,Attrited Customer,1967,M,1,Unknown,Single,$80K - $120K,Blue,36,3,11077,87,0.052
711160233,Existing Customer,1989,M,1,High School,Married,$40K - $60K,Blue,19,3,12024,105,0
715714458,Attrited Customer,1973,M,5,Graduate,Single,$40K - $60K,Blue,38,3,4446,76,0
709615458,Existing Customer,1967,M,3,Graduate,Married,$120K +,Blue,44,1,34516,111,0.025
719955558,Existing Customer,1989,M,0,Unknown,Married,Less than $40K,Silver,24,2,11511,123,0
713072358,Existing Customer,1979,M,2,Graduate,Married,$80K - $120K,Silver,31,1,34516,104,0.039
721402233,Existing Customer,1979,M,3,Uneducated,Married,$120K +,Blue,28,3,19192,125,0.079
713691633,Existing Customer,1992,M,0,Post-Graduate,Married,Less than $40K,Blue,36,1,3076,123,0
708866133,Existing Customer,1978,M,3,Graduate,Married,$80K - $120K,Blue,32,1,4196,116,0.317
757256358,Existing Customer,1976,M,3,Graduate,Single,$60K - $80K,Blue,38,3,3243,122,0.487
784868958,Existing Customer,1965,F,1,High School,Married,Unknown,Blue,49,2,17542,138,0.143
710845308,Existing Customer,1975,M,4,High School,Married,$80K - $120K,Blue,36,2,32949,113,0.036
719368533,Existing Customer,1980,F,2,Doctorate,Married,Unknown,Silver,28,3,32250,100,0.04
718337733,Existing Customer,1971,F,2,Graduate,Married,Unknown,Gold,40,1,34516,121,0.053
715132758,Existing Customer,1969,F,2,College,Divorced,$40K - $60K,Gold,43,2,23981,100,0.088
712556433,Existing Customer,1969,F,2,Graduate,Married,$40K - $60K,Blue,43,2,4090,92,0.403
718947558,Existing Customer,1989,F,0,High School,Single,Unknown,Blue,21,3,4251,115,0.54
710303208,Existing Customer,1969,F,1,High School,Single,Less than $40K,Blue,40,1,4119,121,0.611
804158583,Existing Customer,1961,M,1,High School,Married,Less than $40K,Silver,55,2,13399,122,0.109
711720408,Existing Customer,1977,F,0,Unknown,Married,Less than $40K,Blue,34,3,9070,129,0.14
715808808,Existing Customer,1973,F,4,Uneducated,Married,Unknown,Blue,36,6,7469,104,0.163
715076358,Attrited Customer,1964,M,1,Post-Graduate,Unknown,$80K - $120K,Blue,36,3,23714,62,0
718343058,Existing Customer,1969,F,2,High School,Divorced,Less than $40K,Blue,40,2,5240,105,0.48
769667583,Attrited Customer,1987,M,3,Post-Graduate,Single,$40K - $60K,Blue,28,3,3744,69,0
709013208,Existing Customer,1981,M,2,Uneducated,Single,$80K - $120K,Blue,36,2,15594,127,0.108
716004258,Existing Customer,1976,M,4,High School,Single,$60K - $80K,Blue,35,1,8449,120,0.248
715645908,Attrited Customer,1962,M,0,High School,Single,$80K - $120K,Gold,48,2,34516,71,0
717724233,Existing Customer,1978,M,3,Unknown,Unknown,$80K - $120K,Blue,28,1,9959,116,0.074
719850933,Existing Customer,1991,M,2,College,Single,$60K - $80K,Blue,36,3,4192,106,0.414
790131033,Existing Customer,1983,F,1,High School,Married,Less than $40K,Blue,31,6,3416,105,0.737
721211433,Existing Customer,1979,M,4,Doctorate,Single,$60K - $80K,Blue,31,2,3322,108,0
721290708,Existing Customer,1971,M,1,Uneducated,Single,$60K - $80K,Blue,30,3,14217,99,0.128
712107783,Existing Customer,1972,M,4,College,Single,$60K - $80K,Blue,35,2,17350,118,0.105
818960133,Existing Customer,1963,M,4,High School,Married,$60K - $80K,Blue,53,3,13784,91,0.051
713560758,Existing Customer,1967,F,1,Uneducated,Married,Less than $40K,Blue,42,2,3181,92,0.656
718579833,Existing Customer,1982,F,3,Graduate,Unknown,Less than $40K,Blue,26,2,5325,101,0.467
778643733,Attrited Customer,1973,F,1,Uneducated,Single,$40K - $60K,Gold,28,2,23981,64,0.061
770977833,Existing Customer,1985,M,2,Graduate,Married,Less than $40K,Blue,23,2,3920,102,0
708721533,Existing Customer,1965,F,1,Graduate,Married,Less than $40K,Blue,36,1,5158,128,0.223
772300383,Existing Customer,1964,F,2,Unknown,Married,$40K - $60K,Blue,46,1,5073,122,0.302
751155783,Existing Customer,1974,F,2,High School,Married,$40K - $60K,Blue,40,1,4074,118,0.459
768457008,Existing Customer,1994,M,1,Graduate,Single,$40K - $60K,Blue,21,3,10284,92,0.077
794494308,Existing Customer,1979,M,3,Uneducated,Married,$120K +,Platinum,23,4,34516,102,0.06
710980383,Attrited Customer,1968,M,3,High School,Single,$80K - $120K,Silver,33,2,34516,74,0
716663808,Existing Customer,1964,F,3,High School,Married,Less than $40K,Blue,36,3,3999,102,0.18
712912233,Existing Customer,1971,F,0,Post-Graduate,Divorced,Less than $40K,Blue,36,4,3468,122,0.64
717992433,Existing Customer,1971,M,4,Graduate,Married,$80K - $120K,Blue,39,1,11900,101,0.151
709971708,Attrited Customer,1970,F,1,High School,Single,Unknown,Blue,41,3,9701,62,0
715600533,Existing Customer,1960,M,0,Graduate,Single,$80K - $120K,Gold,50,3,34516,124,0.039
710153583,Attrited Customer,1991,F,0,Uneducated,Married,Less than $40K,Blue,13,1,6075,63,0
794132808,Existing Customer,1961,M,0,Uneducated,Married,$40K - $60K,Blue,54,3,13035,97,0.099
720565458,Attrited Customer,1978,M,2,Post-Graduate,Single,$60K - $80K,Blue,36,3,17306,65,0
715496058,Attrited Customer,1980,F,4,Uneducated,Single,Less than $40K,Gold,36,3,15987,73,0
709015833,Existing Customer,1979,M,2,Graduate,Single,$60K - $80K,Silver,36,3,34516,132,0
718612758,Existing Customer,1985,M,2,High School,Married,$120K +,Blue,36,1,34516,107,0.027
712438308,Existing Customer,1994,F,1,High School,Married,Unknown,Blue,15,1,7469,122,0
716238483,Attrited Customer,1962,M,0,College,Married,$80K - $120K,Blue,50,2,12918,76,0.182
718297683,Attrited Customer,1962,F,1,High School,Single,Less than $40K,Blue,50,0,4085,71,0
712206033,Existing Customer,1966,M,1,Graduate,Married,$40K - $60K,Blue,36,1,3705,119,0.366
710904708,Existing Customer,1965,F,1,High School,Married,Less than $40K,Blue,43,1,5319,110,0.173
711190233,Existing Customer,1987,M,3,Graduate,Married,$40K - $60K,Blue,36,2,4549,123,0.218
710535708,Existing Customer,1972,M,2,Uneducated,Married,$80K - $120K,Blue,39,3,15894,118,0.081
794573883,Existing Customer,1989,M,1,Unknown,Single,$40K - $60K,Silver,16,3,17894,111,0.141
719118708,Attrited Customer,1972,F,3,Unknown,Single,Less than $40K,Blue,37,2,5855,80,0
790201158,Existing Customer,1961,F,1,Uneducated,Married,Less than $40K,Silver,54,2,13062,108,0.133
779333883,Attrited Customer,1970,F,3,Uneducated,Married,Less than $40K,Blue,33,3,7428,62,0
719805183,Existing Customer,1982,M,2,College,Married,Less than $40K,Blue,19,3,8848,117,0.109
721220583,Existing Customer,1967,F,2,Graduate,Married,$40K - $60K,Blue,41,1,7362,130,0.16
779685558,Existing Customer,1968,M,5,Graduate,Single,$120K +,Gold,36,4,34516,123,0.06
713965683,Existing Customer,1986,M,3,Post-Graduate,Married,$80K - $120K,Blue,28,1,4380,121,0
710667708,Existing Customer,1974,M,2,Uneducated,Single,$60K - $80K,Blue,36,3,12510,128,0.15
718979733,Existing Customer,1969,M,5,Unknown,Single,$60K - $80K,Blue,36,3,23712,115,0.093
712104333,Existing Customer,1964,F,2,Doctorate,Single,Less than $40K,Blue,44,2,9149,100,0.137
793560033,Existing Customer,1974,F,3,Uneducated,Single,Unknown,Silver,33,2,34516,125,0.056
779920533,Existing Customer,1967,F,1,High School,Married,Less than $40K,Blue,41,3,3784,96,0.665
717480783,Existing Customer,1982,M,1,High School,Single,$80K - $120K,Blue,29,1,9680,100,0.217
709066983,Existing Customer,1971,M,4,High School,Married,$120K +,Blue,41,2,34516,129,0.068
718528008,Existing Customer,1961,F,1,High School,Married,Less than $40K,Blue,47,3,3845,106,0.38
712390683,Existing Customer,1980,M,2,Uneducated,Single,$40K - $60K,Blue,27,3,13409,99,0.094
826245858,Attrited Customer,1971,M,2,Graduate,Single,$80K - $120K,Silver,40,4,34516,79,0
712966458,Existing Customer,1970,M,0,Unknown,Married,$80K - $120K,Blue,36,2,8065,115,0
709467183,Existing Customer,1965,M,3,Graduate,Married,$60K - $80K,Blue,40,3,20501,99,0.027
710529708,Existing Customer,1980,M,3,College,Single,$60K - $80K,Blue,36,3,23260,105,0.063
789817833,Attrited Customer,1977,F,5,Post-Graduate,Unknown,Less than $40K,Blue,33,3,9073,60,0.272
712363158,Existing Customer,1985,M,1,Graduate,Single,$60K - $80K,Blue,24,2,20101,115,0.065
717060858,Attrited Customer,1990,M,0,Graduate,Married,Less than $40K,Blue,36,2,6911,71,0.364
718060983,Existing Customer,1972,F,1,Graduate,Married,Less than $40K,Blue,36,3,3423,120,0.639
711600033,Existing Customer,1981,F,3,College,Single,Less than $40K,Silver,36,1,10729,108,0
709910733,Existing Customer,1972,F,4,High School,Single,Unknown,Silver,30,3,34516,86,0.057
757291008,Attrited Customer,1975,M,4,Unknown,Married,$80K - $120K,Blue,39,3,34516,76,0.008
819376683,Existing Customer,1967,M,1,Unknown,Single,$80K - $120K,Blue,49,3,28570,102,0.071
720458883,Existing Customer,1992,M,1,High School,Married,$60K - $80K,Blue,16,2,12495,106,0.201
708963258,Attrited Customer,1975,M,3,College,Married,$60K - $80K,Blue,39,3,13344,86,0.143
711746133,Attrited Customer,1971,M,1,Unknown,Single,$120K +,Blue,37,3,32563,81,0
715249533,Existing Customer,1972,F,3,Graduate,Single,Unknown,Blue,36,2,3375,103,0
708522033,Existing Customer,1971,M,2,College,Married,$60K - $80K,Blue,36,2,12299,90,0.135
708496833,Attrited Customer,1961,M,1,High School,Single,Less than $40K,Blue,50,4,4613,78,0
717464958,Existing Customer,1966,F,2,Doctorate,Married,Less than $40K,Silver,36,2,10858,111,0
751166508,Existing Customer,1964,M,3,Post-Graduate,Single,$80K - $120K,Blue,50,1,34516,114,0.066
795218883,Existing Customer,1974,M,3,High School,Married,$60K - $80K,Blue,41,3,4207,122,0.37
710856558,Existing Customer,1976,F,2,Graduate,Married,Less than $40K,Blue,36,3,3336,105,0.566
721107258,Existing Customer,1976,F,5,Unknown,Unknown,Less than $40K,Blue,37,2,5465,115,0.36
716457783,Existing Customer,1966,F,1,College,Single,Less than $40K,Silver,36,1,12633,98,0.131
710810883,Existing Customer,1982,M,1,College,Single,$80K - $120K,Blue,36,1,34516,95,0.037
710895708,Attrited Customer,1986,F,0,Doctorate,Married,Less than $40K,Blue,27,3,3876,73,0
789200208,Existing Customer,1981,F,4,Uneducated,Married,Unknown,Blue,29,3,3326,110,0.656
718578708,Existing Customer,1972,M,4,Post-Graduate,Single,$120K +,Silver,38,3,34516,100,0.045
719859033,Attrited Customer,1989,M,3,Graduate,Married,$40K - $60K,Blue,20,2,3264,63,0
713036208,Existing Customer,1975,M,1,Graduate,Married,$40K - $60K,Blue,27,2,6903,107,0.303
771769383,Existing Customer,1979,F,3,Unknown,Married,Less than $40K,Blue,31,3,2940,120,0
718316058,Existing Customer,1970,M,1,Uneducated,Married,$60K - $80K,Blue,38,3,13731,99,0.1
710155983,Attrited Customer,1969,M,1,Unknown,Single,$40K - $60K,Blue,36,3,4826,62,0
779571708,Attrited Customer,1978,M,5,Graduate,Married,$60K - $80K,Blue,25,2,4259,71,0
718042383,Existing Customer,1983,M,1,Uneducated,Unknown,$40K - $60K,Blue,18,3,3523,118,0.391
710244108,Existing Customer,1977,M,3,College,Married,$60K - $80K,Gold,34,1,34516,101,0.045
806649333,Existing Customer,1974,F,4,High School,Unknown,Unknown,Blue,42,3,16998,127,0.083
789280683,Existing Customer,1965,M,2,Graduate,Single,$120K +,Blue,45,2,11714,122,0.077
713318733,Attrited Customer,1989,M,0,College,Single,$60K - $80K,Blue,24,2,4097,64,0
709611183,Attrited Customer,1980,F,3,High School,Married,Less than $40K,Blue,31,3,3952,82,0
712441308,Attrited Customer,1980,F,4,Unknown,Single,Unknown,Blue,25,2,29295,65,0
709315383,Existing Customer,1990,F,0,Post-Graduate,Single,Unknown,Blue,36,3,26423,108,0
710141208,Existing Customer,1976,F,4,Uneducated,Married,Less than $40K,Blue,37,3,3196,104,0.569
711684408,Attrited Customer,1971,F,0,Graduate,Married,Less than $40K,Blue,38,3,4935,84,0.319
758331483,Existing Customer,1990,M,0,Graduate,Single,$60K - $80K,Silver,24,2,34516,109,0.029
715825458,Attrited Customer,1974,M,2,Graduate,Married,$80K - $120K,Blue,36,3,12933,56,0.173
708248358,Existing Customer,1979,M,4,Graduate,Unknown,$60K - $80K,Silver,30,1,29937,109,0
779808333,Existing Customer,1973,F,2,Graduate,Single,Less than $40K,Blue,38,1,8881,110,0.214
715989108,Existing Customer,1969,M,3,Unknown,Single,$80K - $120K,Blue,42,3,27514,100,0.067
714912408,Existing Customer,1976,M,2,Uneducated,Married,$80K - $120K,Blue,37,1,32275,88,0.057
827683383,Existing Customer,1973,F,3,Uneducated,Divorced,Less than $40K,Blue,44,2,4107,112,0.613
719595708,Existing Customer,1968,F,2,High School,Married,Unknown,Blue,47,1,7469,124,0.173
711566208,Existing Customer,1963,F,3,Graduate,Married,Less than $40K,Blue,36,2,5023,98,0.37
711161133,Attrited Customer,1985,F,2,Unknown,Single,Less than $40K,Blue,36,3,6071,59,0
715052583,Existing Customer,1976,M,3,Doctorate,Single,$60K - $80K,Silver,34,3,27494,112,0.032
714586458,Existing Customer,1980,F,1,High School,Divorced,Less than $40K,Blue,36,3,7106,124,0.286
711523533,Existing Customer,1978,M,5,Post-Graduate,Single,$60K - $80K,Blue,31,3,17230,130,0.105
756658083,Existing Customer,1972,M,4,Post-Graduate,Single,$80K - $120K,Blue,42,2,30885,115,0.065
709247808,Existing Customer,1968,F,1,Unknown,Unknown,Less than $40K,Blue,43,2,3629,102,0.694
713242383,Attrited Customer,1982,M,2,Uneducated,Married,$120K +,Silver,19,1,34516,75,0.023
717135333,Existing Customer,1971,F,1,Graduate,Single,Unknown,Blue,36,2,17970,97,0.077
716150358,Existing Customer,1983,M,3,Graduate,Married,Less than $40K,Silver,27,2,10343,115,0.2
717457008,Attrited Customer,1978,M,3,Uneducated,Single,$40K - $60K,Blue,36,3,9267,90,0
711822933,Existing Customer,1966,F,2,College,Married,$40K - $60K,Blue,45,3,2985,103,0.553
803968233,Existing Customer,1982,F,2,Uneducated,Married,Less than $40K,Silver,34,3,14386,114,0.175
779037408,Existing Customer,1983,M,1,High School,Single,$40K - $60K,Blue,19,3,3581,109,0.194
709007883,Existing Customer,1984,M,2,Graduate,Married,Less than $40K,Blue,28,2,3079,104,0.411
714635883,Existing Customer,1973,F,2,Unknown,Single,Less than $40K,Blue,37,3,3594,109,0.555
779914383,Existing Customer,1987,M,1,Uneducated,Married,$60K - $80K,Blue,18,2,10488,116,0.156
712841883,Attrited Customer,1971,M,3,College,Single,$80K - $120K,Silver,36,3,34516,66,0.073
719582058,Attrited Customer,1980,M,3,Doctorate,Single,$80K - $120K,Blue,29,2,24001,75,0.068
708387933,Existing Customer,1972,F,2,Post-Graduate,Married,Less than $40K,Blue,37,1,5500,110,0
717251508,Existing Customer,1984,M,1,Uneducated,Married,$120K +,Blue,17,1,34516,116,0
710699283,Existing Customer,1975,M,2,Graduate,Single,$120K +,Blue,28,1,7790,131,0.247
709141908,Existing Customer,1968,M,2,Graduate,Married,$80K - $120K,Blue,41,3,10301,111,0.238
720356133,Existing Customer,1973,F,4,High School,Single,Unknown,Blue,36,3,23939,101,0.059
717788958,Existing Customer,1990,M,0,Graduate,Divorced,$80K - $120K,Blue,19,1,21615,103,0.026
778563858,Existing Customer,1981,F,3,Uneducated,Married,Less than $40K,Blue,33,1,8712,115,0.114
711096633,Attrited Customer,1984,F,2,Uneducated,Unknown,Less than $40K,Silver,29,2,12203,94,0
716816583,Existing Customer,1960,M,0,Graduate,Married,$60K - $80K,Blue,48,3,15483,94,0.139
719841708,Existing Customer,1976,M,0,Uneducated,Single,$80K - $120K,Blue,36,4,20356,121,0.1
708555633,Existing Customer,1989,F,1,High School,Single,Less than $40K,Blue,16,3,3548,97,0.709
714638883,Existing Customer,1990,M,0,Graduate,Single,$40K - $60K,Blue,36,3,4661,110,0.394
809147283,Existing Customer,1978,F,5,Graduate,Married,Less than $40K,Gold,38,2,15987,109,0.086
708197358,Attrited Customer,1964,M,2,Uneducated,Unknown,$80K - $120K,Blue,48,1,30543,63,0.009
757247808,Attrited Customer,1979,F,3,Graduate,Married,Less than $40K,Blue,35,4,5230,61,0.481
820922733,Existing Customer,1978,M,2,Graduate,Married,$80K - $120K,Blue,38,1,34516,124,0
807977808,Existing Customer,1982,F,2,Graduate,Single,Less than $40K,Blue,34,3,3246,103,0.775
712863183,Existing Customer,1975,F,3,Graduate,Married,$40K - $60K,Blue,38,3,10018,114,0.083
778825908,Existing Customer,1978,F,2,Unknown,Single,Less than $40K,Silver,24,1,10272,113,0.148
713379258,Existing Customer,1989,F,1,High School,Married,Less than $40K,Blue,36,1,4097,100,0.316
710232483,Existing Customer,1972,F,1,Uneducated,Married,Unknown,Blue,36,3,19846,122,0.109
710170758,Attrited Customer,1989,M,0,Post-Graduate,Married,$60K - $80K,Blue,25,2,4469,67,0.522
803421108,Existing Customer,1972,M,4,Graduate,Single,$80K - $120K,Blue,43,2,20701,113,0.122
792152283,Existing Customer,1967,M,3,Graduate,Married,$120K +,Blue,48,3,8426,103,0
717291333,Existing Customer,1983,M,3,Uneducated,Married,$80K - $120K,Blue,29,2,16722,113,0
714928158,Existing Customer,1961,M,0,High School,Single,$80K - $120K,Silver,36,2,34516,102,0.023
780511683,Attrited Customer,1974,M,3,Graduate,Single,$40K - $60K,Blue,34,3,4413,76,0.053
772491333,Existing Customer,1990,F,1,Post-Graduate,Married,Less than $40K,Blue,21,1,5342,94,0.375
719847108,Attrited Customer,1969,M,1,Unknown,Married,$40K - $60K,Blue,36,3,8455,73,0.298
808045833,Existing Customer,1972,M,3,Uneducated,Single,Less than $40K,Blue,44,3,7659,105,0.222
708385533,Attrited Customer,1972,F,1,Graduate,Married,Less than $40K,Silver,36,3,11059,80,0
770205708,Existing Customer,1990,M,0,Unknown,Married,Less than $40K,Blue,25,3,4093,112,0
719379858,Attrited Customer,1982,M,1,Graduate,Married,$80K - $120K,Blue,36,2,24239,73,0
709657533,Attrited Customer,1977,M,3,High School,Unknown,$120K +,Blue,36,3,7793,54,0.291
798788958,Existing Customer,1989,M,1,High School,Single,$80K - $120K,Blue,26,3,6407,93,0.176
720011958,Existing Customer,1964,M,2,High School,Single,$60K - $80K,Blue,36,3,6024,97,0.254
708982158,Existing Customer,1973,F,2,Graduate,Single,Less than $40K,Blue,36,2,3352,106,0.633
710803983,Existing Customer,1977,M,1,Unknown,Married,$80K - $120K,Blue,33,3,32222,95,0
719768658,Existing Customer,1990,F,0,College,Married,Unknown,Silver,24,3,34516,104,0.059
711355908,Existing Customer,1977,F,3,Graduate,Unknown,Unknown,Silver,36,3,34516,117,0.027
813153108,Existing Customer,1972,M,4,College,Married,$80K - $120K,Blue,44,3,31091,108,0.031
712487883,Attrited Customer,1967,M,5,High School,Married,$80K - $120K,Blue,48,1,7464,74,0
753220383,Attrited Customer,1992,M,0,Graduate,Single,$120K +,Blue,22,2,11722,78,0
708340758,Attrited Customer,1980,M,4,High School,Married,Less than $40K,Blue,32,3,7769,74,0
720852108,Existing Customer,1975,M,4,High School,Divorced,$120K +,Blue,31,3,3569,116,0.435
716728233,Existing Customer,1974,F,4,High School,Married,Less than $40K,Blue,36,3,3216,123,0.46
711863433,Existing Customer,1991,M,1,Unknown,Unknown,Less than $40K,Blue,13,3,3789,116,0.47
779422458,Existing Customer,1990,F,1,Unknown,Divorced,Less than $40K,Blue,13,2,3533,120,0.341
715573758,Existing Customer,1978,M,4,Uneducated,Married,$120K +,Silver,36,2,34516,113,0.053
794530608,Existing Customer,1969,M,2,Uneducated,Single,$80K - $120K,Blue,34,2,27229,120,0
718376583,Attrited Customer,1969,M,2,Graduate,Divorced,$80K - $120K,Silver,44,3,34516,40,0.022
720827133,Attrited Customer,1978,F,3,Doctorate,Single,Less than $40K,Blue,30,2,6261,64,0.074
767414808,Existing Customer,1964,F,0,Uneducated,Married,Less than $40K,Blue,51,3,6996,120,0.299
718919433,Existing Customer,1969,F,4,Graduate,Single,Less than $40K,Blue,36,3,4440,112,0.259
708694983,Existing Customer,1966,F,1,Uneducated,Unknown,Less than $40K,Blue,36,2,3150,96,0.705
719270358,Existing Customer,1964,F,2,Doctorate,Divorced,$40K - $60K,Blue,48,2,4288,113,0.391
708948483,Attrited Customer,1967,M,3,Graduate,Married,$80K - $120K,Silver,36,3,34516,68,0.022
708462258,Existing Customer,1970,F,1,High School,Married,Less than $40K,Blue,38,1,5189,94,0.226
716721483,Attrited Customer,1962,M,0,Uneducated,Single,$40K - $60K,Blue,52,2,14458,72,0.14
799011558,Existing Customer,1978,M,3,Uneducated,Married,$120K +,Blue,37,2,16909,120,0.069
710697408,Existing Customer,1980,F,5,Unknown,Married,Less than $40K,Blue,22,1,6739,115,0.133
710527533,Attrited Customer,1976,M,5,College,Single,$40K - $60K,Blue,36,3,4982,58,0
709996833,Attrited Customer,1990,M,1,Post-Graduate,Single,Less than $40K,Silver,36,3,12359,70,0
718531983,Existing Customer,1970,M,3,High School,Married,$80K - $120K,Blue,41,3,9959,124,0.208
715554708,Existing Customer,1968,M,1,High School,Unknown,$120K +,Blue,34,1,8507,114,0.174
718774533,Existing Customer,1973,M,1,College,Married,$60K - $80K,Blue,44,3,15355,111,0.119
712337208,Existing Customer,1962,F,2,Unknown,Single,Unknown,Blue,46,3,23731,93,0.08
714022833,Attrited Customer,1979,F,2,Graduate,Single,$40K - $60K,Silver,32,3,17909,58,0
710026458,Existing Customer,1987,M,1,Unknown,Married,$40K - $60K,Blue,36,2,3995,99,0.62
710178558,Attrited Customer,1975,M,2,High School,Married,$60K - $80K,Gold,38,3,34516,89,0.073
768712383,Attrited Customer,1970,M,5,Graduate,Divorced,$120K +,Blue,45,3,34516,91,0
711156858,Attrited Customer,1973,F,5,High School,Single,Less than $40K,Blue,40,4,8297,74,0.303
719799033,Existing Customer,1969,M,1,Post-Graduate,Unknown,$80K - $120K,Blue,40,1,5520,116,0.443
720788883,Existing Customer,1963,F,0,Uneducated,Unknown,Unknown,Blue,36,2,3736,118,0.591
710306358,Attrited Customer,1983,M,1,Unknown,Married,$40K - $60K,Blue,18,1,9664,56,0.205
758617233,Existing Customer,1965,F,5,Doctorate,Single,Less than $40K,Blue,49,3,4132,108,0.377
720163458,Existing Customer,1983,M,1,Uneducated,Unknown,$120K +,Blue,21,2,28043,109,0.064
708482658,Existing Customer,1980,M,3,Graduate,Married,$80K - $120K,Blue,31,2,9959,114,0.195
826148883,Existing Customer,1976,M,2,Graduate,Married,$120K +,Blue,41,3,16453,108,0.101
779055033,Attrited Customer,1978,F,3,Uneducated,Unknown,Less than $40K,Blue,24,2,8256,64,0.293
713118183,Existing Customer,1990,M,1,Unknown,Married,$40K - $60K,Blue,23,1,13427,108,0.116
714103083,Existing Customer,1974,M,2,College,Married,$40K - $60K,Blue,37,3,3263,110,0.467
714145233,Attrited Customer,1987,M,0,Graduate,Divorced,$80K - $120K,Silver,24,2,34516,49,0.012
719547033,Attrited Customer,1981,M,4,Unknown,Married,$80K - $120K,Blue,31,3,23502,60,0
720899058,Existing Customer,1986,M,2,Graduate,Married,$80K - $120K,Blue,21,2,7685,116,0.328
789432033,Attrited Customer,1989,F,1,Graduate,Married,Less than $40K,Blue,23,2,4065,64,0.057
717214158,Existing Customer,1980,M,4,Post-Graduate,Married,$40K - $60K,Blue,28,3,9815,94,0
715269483,Existing Customer,1971,M,4,Post-Graduate,Married,$120K +,Blue,36,1,17374,128,0.145
718805733,Existing Customer,1982,F,2,Graduate,Single,$40K - $60K,Blue,28,1,7093,120,0.355
789780033,Existing Customer,1988,M,3,College,Married,$80K - $120K,Silver,22,2,34516,114,0.027
716482533,Existing Customer,1973,F,2,Unknown,Married,Less than $40K,Blue,36,1,3329,98,0
708319908,Attrited Customer,1984,M,3,Graduate,Single,$80K - $120K,Blue,17,1,4116,70,0.358
711663858,Existing Customer,1993,M,1,Post-Graduate,Single,Unknown,Blue,13,3,20030,127,0.06
716894658,Existing Customer,1972,F,1,Graduate,Divorced,Less than $40K,Blue,44,2,8687,123,0.203
714082308,Attrited Customer,1982,M,3,High School,Single,$80K - $120K,Blue,13,1,8656,89,0
708082083,Existing Customer,1976,F,3,High School,Married,Less than $40K,Blue,36,3,3544,111,0.469
714820158,Attrited Customer,1992,M,0,High School,Single,$40K - $60K,Blue,36,3,5988,68,0.11
713347608,Attrited Customer,1967,F,2,Post-Graduate,Single,Less than $40K,Blue,43,3,4917,69,0
721395633,Existing Customer,1968,M,1,Graduate,Single,$80K - $120K,Blue,41,3,18591,108,0.053
721438233,Existing Customer,1982,M,2,Post-Graduate,Single,$40K - $60K,Blue,31,3,3297,120,0.534
713987808,Existing Customer,1978,F,3,College,Single,Less than $40K,Blue,33,2,5702,120,0.38
721086483,Existing Customer,1994,F,0,Uneducated,Single,Less than $40K,Silver,19,3,10982,97,0.229
709969758,Existing Customer,1978,M,3,Graduate,Single,$60K - $80K,Platinum,35,3,34516,115,0.051
801502008,Existing Customer,1984,M,1,Graduate,Married,$60K - $80K,Blue,31,1,20144,106,0.059
819051183,Existing Customer,1974,F,4,Graduate,Married,Unknown,Blue,42,1,16349,114,0.118
710858658,Existing Customer,1973,F,4,Doctorate,Divorced,Less than $40K,Silver,38,1,10610,108,0
716002458,Existing Customer,1978,M,4,College,Married,$40K - $60K,Blue,30,1,7386,126,0.089
718080558,Attrited Customer,1980,F,4,High School,Single,Less than $40K,Blue,36,3,4720,67,0
788019483,Existing Customer,1972,M,3,Graduate,Married,$80K - $120K,Blue,40,1,3660,122,0.209
716151858,Existing Customer,1975,M,3,Unknown,Single,$80K - $120K,Blue,36,1,12932,97,0.146
717241233,Existing Customer,1961,F,1,Unknown,Single,Less than $40K,Blue,51,3,6089,123,0.22
713880633,Attrited Customer,1968,M,2,Unknown,Single,$60K - $80K,Blue,43,2,5905,83,0
712374708,Existing Customer,1993,F,0,Graduate,Married,Unknown,Blue,15,2,23103,120,0.039
721145433,Existing Customer,1969,F,5,High School,Single,Less than $40K,Silver,36,2,11280,128,0.135
711398433,Existing Customer,1983,M,0,High School,Married,$60K - $80K,Blue,31,3,16565,99,0.072
715601808,Existing Customer,1971,M,3,Graduate,Married,$120K +,Blue,41,2,34516,131,0.065
717324183,Existing Customer,1990,F,0,High School,Single,Less than $40K,Silver,21,1,14305,119,0.09
720557883,Existing Customer,1986,M,3,Uneducated,Single,Less than $40K,Blue,21,2,6104,102,0.261
708759408,Existing Customer,1973,F,3,Uneducated,Single,$40K - $60K,Blue,39,3,4207,108,0
719430483,Existing Customer,1970,M,3,College,Married,$120K +,Blue,40,3,34516,119,0.043
758753283,Attrited Customer,1969,M,3,Doctorate,Married,$120K +,Blue,45,3,34516,71,0.016
716933283,Existing Customer,1969,M,2,High School,Single,$60K - $80K,Gold,39,1,34516,116,0.055
773172483,Attrited Customer,1991,M,0,Graduate,Married,$40K - $60K,Blue,23,2,4063,70,0
721459008,Existing Customer,1985,M,2,High School,Single,$120K +,Blue,36,1,11791,101,0.099
710639658,Attrited Customer,1992,M,1,High School,Single,$60K - $80K,Blue,17,1,17744,78,0.047
710710233,Existing Customer,1963,M,4,Graduate,Married,$120K +,Silver,45,2,34516,100,0
708996708,Existing Customer,1966,M,1,Graduate,Single,$80K - $120K,Blue,46,1,21032,105,0.067
713315433,Existing Customer,1960,M,2,Uneducated,Married,$60K - $80K,Blue,48,1,18571,118,0
712941483,Attrited Customer,1970,F,4,Post-Graduate,Married,$40K - $60K,Silver,43,3,3735,61,0
789890958,Existing Customer,1968,F,4,High School,Divorced,$40K - $60K,Blue,43,1,10948,111,0.044
714757083,Attrited Customer,1977,M,4,Uneducated,Married,$60K - $80K,Silver,37,2,29076,84,0
789237333,Existing Customer,1974,M,4,Post-Graduate,Divorced,$60K - $80K,Blue,36,2,20237,102,0.079
714949758,Existing Customer,1970,F,3,Graduate,Single,Unknown,Platinum,42,1,34516,123,0.055
714136233,Attrited Customer,1968,M,4,Graduate,Married,$120K +,Blue,38,2,34516,72,0
778888083,Attrited Customer,1976,F,2,Graduate,Married,$40K - $60K,Blue,26,2,4307,62,0
710923533,Existing Customer,1983,M,4,Unknown,Single,$120K +,Blue,31,2,34516,127,0
709385133,Existing Customer,1979,F,2,Doctorate,Married,Unknown,Blue,30,3,14828,113,0.102
716836308,Existing Customer,1992,M,1,Graduate,Divorced,Less than $40K,Blue,36,3,3839,124,0.297
720633558,Existing Customer,1984,F,3,Graduate,Divorced,Less than $40K,Blue,24,3,3727,101,0.267
712846458,Existing Customer,1976,M,4,High School,Divorced,$80K - $120K,Blue,39,3,14290,125,0.1
709399908,Existing Customer,1987,F,2,Graduate,Single,$40K - $60K,Blue,23,2,7594,99,0.19
772698783,Existing Customer,1971,F,2,College,Married,Less than $40K,Blue,40,2,8416,124,0.184
718665033,Attrited Customer,1977,M,5,Doctorate,Single,$60K - $80K,Silver,36,3,34140,76,0
771561183,Attrited Customer,1979,F,4,Graduate,Single,$40K - $60K,Blue,30,3,13753,66,0.183
789008508,Existing Customer,1977,M,4,College,Married,$80K - $120K,Blue,31,1,3472,119,0.486
719439108,Existing Customer,1979,M,1,Graduate,Married,$40K - $60K,Silver,34,3,15315,100,0.105
720817533,Existing Customer,1967,M,1,Uneducated,Married,$120K +,Blue,40,1,12086,91,0.105
813901458,Existing Customer,1961,M,1,High School,Single,$60K - $80K,Silver,55,5,34516,95,0.048
717783483,Existing Customer,1974,F,5,Post-Graduate,Divorced,Less than $40K,Blue,30,1,5016,122,0.456
718299933,Existing Customer,1979,M,3,High School,Married,$40K - $60K,Blue,30,3,4333,100,0.171
789074358,Existing Customer,1975,M,2,High School,Single,$60K - $80K,Blue,34,2,10325,122,0
712036383,Attrited Customer,1972,M,4,High School,Single,$60K - $80K,Blue,30,3,18418,68,0
720618033,Existing Customer,1978,F,3,College,Married,$40K - $60K,Blue,36,3,9633,90,0
720415833,Existing Customer,1974,M,2,High School,Married,$60K - $80K,Blue,32,5,3842,107,0.407
720385608,Existing Customer,1976,M,3,College,Unknown,$80K - $120K,Blue,31,1,20958,99,0.092
709937583,Existing Customer,1976,F,2,High School,Single,Unknown,Blue,34,3,3024,108,0.607
770743983,Existing Customer,1987,F,3,Uneducated,Single,$40K - $60K,Blue,20,2,8698,94,0.1
715671183,Attrited Customer,1978,M,3,Uneducated,Married,$80K - $120K,Blue,31,3,6824,67,0.369
711283008,Existing Customer,1971,M,1,High School,Single,$80K - $120K,Silver,36,5,34516,105,0
778873608,Existing Customer,1977,M,4,Uneducated,Married,$80K - $120K,Silver,25,1,34516,116,0.057
709592808,Existing Customer,1983,F,2,Graduate,Single,Less than $40K,Blue,28,3,3311,103,0.47
773306658,Existing Customer,1967,M,1,Unknown,Single,$60K - $80K,Blue,48,5,4752,103,0.259
822084333,Attrited Customer,1970,M,3,High School,Married,$80K - $120K,Blue,47,4,4041,84,0
708821733,Attrited Customer,1978,F,3,Unknown,Single,$40K - $60K,Silver,36,3,19713,70,0.027
711070683,Existing Customer,1973,F,3,Post-Graduate,Married,$40K - $60K,Blue,37,1,6725,106,0.073
772596783,Existing Customer,1990,M,1,Graduate,Unknown,Less than $40K,Gold,21,2,15261,125,0.073
806917983,Existing Customer,1989,F,2,Graduate,Divorced,Unknown,Silver,27,3,33779,126,0.045
719329983,Existing Customer,1979,F,3,Unknown,Unknown,Unknown,Blue,36,1,15648,88,0
710190858,Existing Customer,1993,M,1,Unknown,Unknown,$40K - $60K,Blue,15,2,9283,110,0.246
708880683,Existing Customer,1972,M,5,College,Married,$40K - $60K,Blue,40,3,3970,102,0.225
709332408,Existing Customer,1977,F,1,High School,Single,Less than $40K,Blue,36,3,6159,106,0.266
710751033,Attrited Customer,1990,F,1,Graduate,Single,Less than $40K,Blue,13,1,4829,65,0
710679933,Attrited Customer,1962,M,1,Graduate,Single,$80K - $120K,Blue,54,5,15633,58,0
710849208,Existing Customer,1974,M,2,Post-Graduate,Single,$120K +,Silver,35,3,34516,113,0.048
710056758,Existing Customer,1970,M,4,High School,Single,$40K - $60K,Blue,36,2,10017,116,0.185
713520858,Existing Customer,1968,F,1,College,Single,Less than $40K,Blue,38,3,3895,119,0.509
714710733,Existing Customer,1970,M,3,Unknown,Single,$80K - $120K,Blue,36,1,5611,120,0
766769058,Existing Customer,1970,M,1,Graduate,Single,$40K - $60K,Gold,44,3,22722,121,0.079
716990883,Existing Customer,1983,M,5,Unknown,Married,$80K - $120K,Blue,26,1,16033,115,0.048
718298733,Existing Customer,1981,M,4,High School,Single,$80K - $120K,Blue,29,3,12978,85,0
717174558,Attrited Customer,1964,F,1,Uneducated,Single,Less than $40K,Blue,46,3,9129,81,0
714543633,Attrited Customer,1976,F,3,Unknown,Single,Less than $40K,Blue,36,2,7500,78,0
715756683,Existing Customer,1971,M,4,Graduate,Single,$80K - $120K,Blue,36,2,14804,111,0.115
719400108,Existing Customer,1968,M,3,Unknown,Single,$80K - $120K,Blue,43,3,34516,124,0.031
710463408,Existing Customer,1974,M,3,Unknown,Married,$80K - $120K,Blue,36,2,9683,104,0.115
708245808,Existing Customer,1986,M,3,Graduate,Married,$60K - $80K,Blue,36,1,19671,124,0.047
799253808,Existing Customer,1979,M,3,High School,Married,$80K - $120K,Silver,36,2,34516,120,0.037
716552433,Existing Customer,1981,F,4,Uneducated,Married,Less than $40K,Blue,36,1,5056,117,0.211
720995583,Existing Customer,1973,M,2,Graduate,Divorced,$60K - $80K,Silver,33,2,25217,110,0.07
780118158,Existing Customer,1994,M,0,Graduate,Single,Less than $40K,Blue,13,2,3585,124,0.675
713668158,Attrited Customer,1990,F,1,Uneducated,Single,Unknown,Blue,36,3,21067,71,0
709249083,Attrited Customer,1981,M,2,Unknown,Single,$60K - $80K,Blue,20,2,4283,64,0
717081483,Existing Customer,1984,M,2,Graduate,Divorced,$80K - $120K,Blue,25,2,25187,96,0.088
718455633,Existing Customer,1961,F,0,Graduate,Single,Unknown,Gold,55,3,7469,124,0.337
708974283,Existing Customer,1971,M,4,Graduate,Married,$60K - $80K,Blue,34,1,18142,95,0
713399583,Attrited Customer,1972,M,2,Unknown,Married,$80K - $120K,Blue,39,3,29865,74,0.07
713293983,Existing Customer,1969,M,3,Post-Graduate,Divorced,$60K - $80K,Blue,33,3,3388,91,0.743
714785508,Existing Customer,1972,M,2,High School,Single,$80K - $120K,Silver,40,3,34516,99,0.038
827318958,Existing Customer,1972,F,4,Unknown,Single,Less than $40K,Blue,45,3,9431,99,0.189
718496283,Existing Customer,1979,F,1,College,Single,Unknown,Silver,31,2,30770,121,0.072
709608708,Attrited Customer,1992,M,1,Graduate,Married,$60K - $80K,Blue,17,1,6500,79,0.387
710939283,Existing Customer,1976,F,3,Uneducated,Divorced,$40K - $60K,Blue,36,2,4209,105,0.309
770824833,Existing Customer,1989,M,1,Graduate,Divorced,$40K - $60K,Blue,19,3,3657,94,0.31
779082633,Existing Customer,1991,M,2,Uneducated,Single,$60K - $80K,Blue,13,2,4107,104,0.238
720515883,Existing Customer,1964,F,1,Graduate,Married,Less than $40K,Blue,46,3,3638,115,0
747885858,Existing Customer,1982,F,2,Graduate,Single,Less than $40K,Blue,31,3,8325,91,0.246
779140533,Existing Customer,1972,M,2,Doctorate,Married,$120K +,Blue,34,6,27124,121,0.085
716619558,Existing Customer,1983,F,0,High School,Single,Less than $40K,Silver,36,3,13747,119,0.141
788633733,Existing Customer,1985,M,3,Graduate,Married,$60K - $80K,Silver,13,3,28174,108,0.042
715291908,Existing Customer,1990,M,1,College,Single,$40K - $60K,Blue,36,1,11109,92,0.184
709977933,Attrited Customer,1969,M,5,Uneducated,Married,$80K - $120K,Blue,44,3,9959,60,0.02
716454858,Existing Customer,1986,F,2,Graduate,Married,Less than $40K,Blue,28,1,4014,94,0.565
720539583,Existing Customer,1975,M,4,Unknown,Single,$60K - $80K,Blue,31,1,21226,96,0.057
739021908,Existing Customer,1965,F,2,Unknown,Married,$40K - $60K,Blue,49,3,3681,112,0
711289533,Existing Customer,1982,M,4,Post-Graduate,Single,$80K - $120K,Blue,32,3,26710,117,0.063
716464533,Existing Customer,1989,F,1,Graduate,Married,Less than $40K,Blue,36,3,9550,116,0.264
710590683,Attrited Customer,1988,M,2,Unknown,Married,$120K +,Blue,36,3,16127,82,0
710081208,Attrited Customer,1969,M,2,College,Single,$120K +,Blue,32,3,4935,64,0
717482658,Existing Customer,1966,M,2,High School,Single,$80K - $120K,Blue,36,2,18022,106,0
712246983,Existing Customer,1971,M,4,High School,Married,$80K - $120K,Blue,43,2,16748,121,0.144
711460458,Attrited Customer,1977,M,1,Uneducated,Married,$40K - $60K,Blue,34,2,10973,75,0
713159133,Existing Customer,1989,F,2,High School,Single,Less than $40K,Silver,23,2,14143,117,0.104
710047533,Attrited Customer,1970,M,3,Graduate,Single,$80K - $120K,Gold,36,3,34516,63,0.064
716708583,Attrited Customer,1967,M,4,Graduate,Married,$120K +,Blue,36,3,7684,68,0
712766208,Attrited Customer,1976,M,5,Uneducated,Single,$120K +,Silver,36,2,34516,84,0
715150983,Attrited Customer,1977,F,3,Unknown,Single,Unknown,Blue,34,3,26021,60,0
717991533,Existing Customer,1977,M,2,Uneducated,Married,$40K - $60K,Blue,36,3,3843,105,0.38
797641683,Existing Customer,1981,M,3,Uneducated,Married,$80K - $120K,Blue,34,3,14840,111,0.138
714879483,Attrited Customer,1982,M,4,Graduate,Married,$80K - $120K,Blue,31,3,3929,64,0.138
720105933,Existing Customer,1973,M,3,Uneducated,Divorced,$40K - $60K,Blue,35,5,11427,107,0.202
804670758,Existing Customer,1973,F,5,Unknown,Divorced,Unknown,Blue,43,3,20974,121,0.107
818987958,Existing Customer,1978,M,4,Graduate,Unknown,$40K - $60K,Blue,38,1,3771,125,0
824160333,Existing Customer,1965,M,2,High School,Unknown,$120K +,Blue,52,2,23362,116,0.062
714919308,Attrited Customer,1989,F,0,Graduate,Single,Less than $40K,Blue,36,3,8135,67,0
717928308,Existing Customer,1981,F,1,Uneducated,Single,Less than $40K,Silver,34,2,13669,130,0.13
788890533,Existing Customer,1967,M,2,College,Married,$80K - $120K,Silver,39,1,34516,106,0.067
779692608,Existing Customer,1985,M,1,Uneducated,Married,$60K - $80K,Blue,19,3,9764,115,0
717774333,Attrited Customer,1973,M,3,High School,Married,$60K - $80K,Blue,36,2,8431,57,0
718140783,Existing Customer,1974,M,4,Unknown,Married,$60K - $80K,Blue,36,5,10585,108,0.165
714465558,Existing Customer,1980,M,4,Unknown,Married,$120K +,Silver,36,1,34516,98,0.064
804431283,Existing Customer,1964,F,1,Graduate,Married,Less than $40K,Blue,52,1,7882,120,0.14
715199808,Existing Customer,1982,F,3,Graduate,Unknown,Unknown,Silver,30,3,33905,99,0.061
759584958,Attrited Customer,1970,F,1,Graduate,Married,Unknown,Silver,44,2,33004,72,0.073
758802333,Existing Customer,1981,M,2,Graduate,Single,$120K +,Blue,33,1,20891,117,0.058
720237408,Existing Customer,1962,M,1,Doctorate,Single,$80K - $120K,Blue,49,2,22715,117,0.031
713787333,Existing Customer,1975,M,2,High School,Single,Less than $40K,Blue,36,1,3818,113,0.299
709660233,Attrited Customer,1969,M,3,Unknown,Single,$80K - $120K,Blue,44,2,3526,63,0.689
721005108,Existing Customer,1980,M,0,College,Married,$40K - $60K,Blue,29,2,6991,104,0.198
809589783,Existing Customer,1980,M,4,Post-Graduate,Married,$40K - $60K,Silver,36,3,16268,120,0.05
712627083,Attrited Customer,1983,M,4,Uneducated,Married,$80K - $120K,Blue,25,2,5768,78,0
778444908,Existing Customer,1964,M,2,Graduate,Married,$120K +,Silver,39,2,34516,116,0.042
711433908,Attrited Customer,1980,F,3,Uneducated,Married,Less than $40K,Blue,30,2,9491,51,0
768728508,Existing Customer,1976,F,5,Doctorate,Married,Less than $40K,Gold,39,3,15987,103,0.069
789937683,Existing Customer,1984,M,3,Post-Graduate,Married,$40K - $60K,Blue,28,1,3645,120,0.192
711788583,Existing Customer,1960,F,1,Graduate,Single,Less than $40K,Blue,36,2,3466,124,0.417
819196158,Existing Customer,1972,F,2,Unknown,Single,Less than $40K,Blue,44,2,9797,116,0.102
710207208,Existing Customer,1990,F,1,Unknown,Single,Less than $40K,Blue,18,1,3399,121,0.53
713994108,Existing Customer,1981,M,5,High School,Married,$60K - $80K,Blue,33,1,4155,128,0.316
712509108,Attrited Customer,1975,F,3,Doctorate,Single,Less than $40K,Gold,36,3,15164,68,0.035
711745233,Attrited Customer,1991,F,0,High School,Single,Unknown,Blue,22,2,13894,69,0
778745058,Existing Customer,1971,M,3,High School,Single,$80K - $120K,Silver,41,2,34516,118,0
721455558,Existing Customer,1965,M,0,Graduate,Single,$60K - $80K,Blue,44,3,6828,104,0.272
710721858,Attrited Customer,1975,F,3,Unknown,Married,$40K - $60K,Blue,37,3,5542,59,0
769206483,Existing Customer,1963,M,3,Unknown,Married,$120K +,Blue,52,3,15733,97,0.134
769587258,Existing Customer,1983,M,3,College,Single,$60K - $80K,Silver,32,2,30082,126,0.056
712080333,Existing Customer,1975,M,2,High School,Divorced,$120K +,Blue,34,2,3659,112,0.377
712457208,Attrited Customer,1963,M,1,Graduate,Single,$80K - $120K,Blue,36,3,22718,77,0
719934783,Existing Customer,1978,M,3,Doctorate,Married,$80K - $120K,Blue,27,2,3676,105,0.183
709589208,Existing Customer,1968,M,0,Graduate,Single,$60K - $80K,Blue,35,1,17721,83,0.034
714860808,Existing Customer,1962,F,1,Graduate,Single,Less than $40K,Blue,39,3,4404,93,0.516
713934633,Attrited Customer,1981,F,4,Uneducated,Divorced,Less than $40K,Blue,35,3,4423,87,0.569
773185833,Existing Customer,1972,M,3,High School,Married,$60K - $80K,Gold,42,1,34516,102,0
715923408,Existing Customer,1991,F,0,College,Married,Less than $40K,Blue,19,2,4184,110,0.3
778956033,Existing Customer,1970,M,1,Graduate,Married,$80K - $120K,Blue,32,2,34516,104,0.045
712260633,Existing Customer,1974,F,5,Doctorate,Single,Unknown,Blue,36,1,26923,94,0.091
714945708,Attrited Customer,1988,M,4,College,Single,$40K - $60K,Silver,20,1,15977,64,0
720971358,Existing Customer,1962,M,0,High School,Single,$80K - $120K,Blue,47,3,26812,110,0.056
719701383,Existing Customer,1977,M,4,Unknown,Married,$60K - $80K,Blue,32,3,5175,99,0
764316708,Existing Customer,1991,F,1,High School,Single,Less than $40K,Blue,23,2,3955,109,0.595
715545933,Existing Customer,1978,M,5,Graduate,Married,$120K +,Blue,36,2,22355,99,0.097
714524583,Attrited Customer,1965,M,3,Uneducated,Married,$80K - $120K,Blue,46,3,23240,82,0.066
780079833,Existing Customer,1978,M,3,Graduate,Divorced,$60K - $80K,Blue,28,3,5479,126,0.216
714199008,Attrited Customer,1971,M,2,Unknown,Married,$120K +,Blue,36,2,16081,61,0.031
719941533,Existing Customer,1989,F,1,Graduate,Married,Less than $40K,Blue,20,1,5497,124,0.316
715544883,Existing Customer,1982,M,1,Graduate,Married,Less than $40K,Silver,30,3,14135,99,0.045
710122458,Existing Customer,1983,M,2,High School,Single,$60K - $80K,Silver,36,3,31546,108,0.065
713833233,Existing Customer,1972,M,5,Uneducated,Married,$80K - $120K,Silver,30,3,34516,124,0.051
719326758,Attrited Customer,1969,F,0,Doctorate,Married,Less than $40K,Blue,36,3,4353,85,0.342
711686658,Existing Customer,1973,M,5,High School,Married,$80K - $120K,Silver,40,2,34516,109,0.041
708964683,Existing Customer,1973,F,4,College,Unknown,Unknown,Blue,36,2,3310,89,0
718840833,Attrited Customer,1972,M,3,High School,Single,$40K - $60K,Blue,36,3,4601,76,0
797228883,Existing Customer,1975,M,2,High School,Married,$40K - $60K,Blue,40,3,3981,114,0
709566408,Attrited Customer,1981,F,2,Graduate,Single,Less than $40K,Blue,30,3,4458,70,0
780097533,Existing Customer,1973,M,3,Doctorate,Divorced,$80K - $120K,Blue,33,1,10292,111,0
715020933,Attrited Customer,1977,F,4,High School,Unknown,Unknown,Blue,34,3,15944,67,0
711149133,Attrited Customer,1991,F,1,Graduate,Married,Unknown,Blue,18,1,4377,74,0.575
716832858,Attrited Customer,1975,M,3,Graduate,Married,$60K - $80K,Blue,34,2,4930,60,0.032
715154058,Attrited Customer,1972,F,0,Unknown,Married,Less than $40K,Blue,39,3,4982,65,0.505
789497283,Attrited Customer,1971,M,2,High School,Single,$120K +,Blue,42,3,34162,56,0.05
711834708,Existing Customer,1966,M,4,College,Married,$80K - $120K,Blue,40,2,4047,102,0.366
785038908,Existing Customer,1978,F,0,Graduate,Married,Less than $40K,Blue,37,1,6380,124,0.182
720001758,Existing Customer,1979,F,1,Graduate,Single,Less than $40K,Blue,34,1,3534,94,0.332
778428108,Existing Customer,1985,F,1,Graduate,Single,Less than $40K,Blue,16,5,6091,113,0.194
715268508,Existing Customer,1979,M,3,Graduate,Married,$40K - $60K,Gold,36,2,23981,125,0.058
788741733,Existing Customer,1968,F,1,Graduate,Married,Less than $40K,Blue,32,2,7832,106,0.228
717355533,Existing Customer,1965,M,3,Graduate,Single,$120K +,Blue,44,1,34516,120,0.038
712128258,Existing Customer,1972,F,4,High School,Single,Less than $40K,Silver,40,3,13704,116,0.155
735825258,Existing Customer,1982,M,2,High School,Single,Less than $40K,Blue,32,1,4423,112,0.371
714544908,Attrited Customer,1965,M,4,Graduate,Divorced,$60K - $80K,Blue,36,3,6224,68,0
818712633,Existing Customer,1980,F,3,Graduate,Single,Less than $40K,Blue,36,6,4133,119,0.258
709831983,Existing Customer,1964,M,2,Uneducated,Single,$120K +,Blue,46,2,34516,126,0.036
789398733,Existing Customer,1965,M,3,Graduate,Married,$120K +,Blue,46,3,5270,105,0.148
716850558,Existing Customer,1973,M,4,Graduate,Unknown,$60K - $80K,Gold,32,1,34516,122,0.037
717316008,Existing Customer,1983,M,2,Unknown,Married,$120K +,Blue,36,2,3782,117,0
714677583,Attrited Customer,1971,F,3,Doctorate,Single,Unknown,Blue,36,3,5173,68,0
767348733,Existing Customer,1965,M,2,Unknown,Married,$60K - $80K,Blue,49,3,4058,105,0.195
779900808,Existing Customer,1989,M,0,College,Single,$60K - $80K,Blue,16,3,21551,94,0
719900733,Existing Customer,1961,M,1,High School,Married,$40K - $60K,Blue,47,1,9805,95,0.103
816517683,Existing Customer,1983,F,2,Doctorate,Married,Less than $40K,Blue,33,3,7530,115,0.177
755305683,Existing Customer,1976,M,5,Graduate,Married,$60K - $80K,Blue,38,1,8983,124,0
715769958,Existing Customer,1968,F,3,Unknown,Married,$40K - $60K,Blue,39,2,4855,104,0.394
715493733,Attrited Customer,1968,M,2,Graduate,Married,$40K - $60K,Blue,36,3,5735,64,0
827440458,Attrited Customer,1973,M,4,College,Married,$80K - $120K,Blue,44,3,9524,58,0.152
715713408,Existing Customer,1966,M,2,Graduate,Married,Less than $40K,Gold,46,5,15987,117,0
720128658,Attrited Customer,1972,M,1,Uneducated,Single,$120K +,Blue,30,3,5181,68,0
770038983,Attrited Customer,1984,M,4,High School,Single,$60K - $80K,Silver,31,3,28831,69,0.087
714684108,Attrited Customer,1990,M,1,Post-Graduate,Single,$40K - $60K,Blue,24,2,4169,70,0.128
708942408,Existing Customer,1975,F,3,Uneducated,Single,$40K - $60K,Blue,36,2,7020,116,0.254
779134458,Attrited Customer,1988,F,1,Doctorate,Single,Less than $40K,Blue,15,1,3709,74,0.318
710066133,Attrited Customer,1991,M,0,Graduate,Single,Less than $40K,Silver,36,3,12833,75,0
709578258,Existing Customer,1981,F,3,Uneducated,Single,Less than $40K,Blue,33,3,3804,102,0.504
718043583,Existing Customer,1971,M,2,Uneducated,Single,$120K +,Blue,40,3,21794,116,0.063
715186608,Existing Customer,1978,M,4,Graduate,Married,$80K - $120K,Blue,35,2,3304,120,0.762
708447858,Existing Customer,1962,F,2,Uneducated,Married,Less than $40K,Blue,36,3,3850,117,0
718071933,Existing Customer,1972,M,1,Graduate,Married,$40K - $60K,Blue,36,2,4158,130,0.454
771217758,Existing Customer,1977,F,2,High School,Single,Less than $40K,Blue,31,2,4182,114,0.485
721210158,Existing Customer,1992,M,2,College,Married,$40K - $60K,Blue,17,1,4626,102,0.266
788779983,Existing Customer,1963,M,2,Post-Graduate,Married,$80K - $120K,Blue,39,2,3742,121,0.673
718614183,Attrited Customer,1978,F,4,High School,Unknown,Less than $40K,Silver,31,2,13651,71,0
709865883,Attrited Customer,1983,M,2,High School,Divorced,$60K - $80K,Silver,25,2,26794,58,0.031
766273533,Existing Customer,1968,M,2,Uneducated,Unknown,$80K - $120K,Blue,46,6,17190,117,0.101
717390408,Attrited Customer,1972,F,4,Uneducated,Married,$40K - $60K,Blue,36,2,4167,87,0
718655808,Existing Customer,1977,F,3,Uneducated,Married,Less than $40K,Silver,36,3,12944,105,0.093
817035108,Existing Customer,1990,M,2,Graduate,Single,Less than $40K,Blue,14,3,6933,115,0.27
747551658,Existing Customer,1974,M,3,High School,Unknown,$80K - $120K,Silver,40,3,34516,123,0.04
713281833,Attrited Customer,1984,M,3,Unknown,Single,$40K - $60K,Blue,29,2,13589,79,0.185
771982083,Existing Customer,1977,M,4,Doctorate,Married,$80K - $120K,Blue,33,1,4552,104,0.251
717642633,Existing Customer,1970,M,2,Graduate,Married,$60K - $80K,Blue,40,3,3750,116,0.48
772721208,Existing Customer,1971,M,2,High School,Single,$60K - $80K,Blue,40,3,17655,120,0.097
714385983,Existing Customer,1964,F,2,Uneducated,Single,Less than $40K,Blue,36,3,8224,124,0.151
712516608,Existing Customer,1978,M,3,Graduate,Married,$80K - $120K,Blue,36,2,3946,96,0.323
714725883,Existing Customer,1980,F,4,Graduate,Divorced,$40K - $60K,Blue,36,1,5654,111,0.437
709398708,Existing Customer,1981,M,3,High School,Divorced,$60K - $80K,Blue,36,1,16268,124,0.155
715090008,Existing Customer,1976,M,4,Graduate,Single,$60K - $80K,Silver,36,3,28564,107,0.088
709159308,Existing Customer,1979,F,4,High School,Single,Less than $40K,Blue,30,1,6172,99,0.196
711348033,Existing Customer,1971,M,2,Graduate,Married,$40K - $60K,Blue,40,3,5435,117,0.229
788230158,Existing Customer,1992,M,1,Unknown,Married,$40K - $60K,Silver,20,1,16496,126,0.085
718170033,Existing Customer,1979,F,4,Uneducated,Married,Unknown,Blue,23,1,8348,111,0
718161708,Existing Customer,1975,F,4,Graduate,Married,Less than $40K,Blue,34,1,7562,100,0.198
717714633,Existing Customer,1972,M,3,Uneducated,Married,$120K +,Gold,38,3,14938,131,0
824150733,Existing Customer,1978,M,2,High School,Married,$80K - $120K,Silver,39,1,34516,122,0.058
713768358,Existing Customer,1976,M,4,Graduate,Single,$40K - $60K,Blue,35,2,7935,122,0.112
709188108,Existing Customer,1976,M,2,Graduate,Single,$60K - $80K,Silver,33,2,34516,105,0.044
720328983,Attrited Customer,1969,F,5,Unknown,Married,Less than $40K,Blue,36,3,9611,64,0
712296408,Existing Customer,1985,F,3,Unknown,Married,$40K - $60K,Blue,22,3,12958,96,0.175
719106783,Existing Customer,1969,M,1,High School,Single,$80K - $120K,Blue,41,1,4103,118,0.481
713437008,Attrited Customer,1981,F,3,Graduate,Married,Unknown,Blue,25,2,6888,64,0.273
719574033,Existing Customer,1983,M,1,High School,Single,$60K - $80K,Blue,28,2,21906,119,0
716123283,Existing Customer,1962,M,1,Unknown,Single,$60K - $80K,Blue,48,1,7288,120,0
789023508,Existing Customer,1975,M,3,Unknown,Married,$80K - $120K,Blue,33,1,34516,110,0.032
710005683,Existing Customer,1965,M,2,College,Single,$80K - $120K,Blue,46,3,12540,115,0.135
801036033,Existing Customer,1990,M,0,High School,Single,$40K - $60K,Blue,25,2,4493,104,0.309
716644008,Attrited Customer,1966,M,3,Graduate,Single,$120K +,Silver,36,3,34516,70,0
709094358,Existing Customer,1970,F,1,Graduate,Single,Less than $40K,Blue,41,2,8900,88,0.09
719848008,Existing Customer,1982,M,2,Graduate,Unknown,$60K - $80K,Silver,36,2,29808,128,0
718372458,Existing Customer,1979,M,2,Graduate,Unknown,$40K - $60K,Blue,30,2,3735,92,0.461
720608658,Existing Customer,1988,F,1,Uneducated,Single,Less than $40K,Blue,36,3,8398,123,0.223
717185658,Attrited Customer,1970,M,1,High School,Married,$80K - $120K,Blue,36,3,22754,77,0
715474083,Existing Customer,1970,M,3,Graduate,Single,$60K - $80K,Silver,36,2,29663,93,0.059
709646433,Attrited Customer,1962,F,1,High School,Married,Less than $40K,Blue,50,4,5043,66,0.147
717494358,Existing Customer,1963,F,0,Graduate,Single,Less than $40K,Blue,48,2,4299,123,0.31
713924283,Attrited Customer,1960,M,0,Graduate,Single,$60K - $80K,Blue,54,1,11859,79,0.139
714471183,Attrited Customer,1974,M,4,Graduate,Divorced,$80K - $120K,Blue,39,3,17504,66,0.027
780613758,Existing Customer,1974,M,5,High School,Single,Less than $40K,Blue,35,3,4165,111,0
718225683,Existing Customer,1965,M,1,Graduate,Single,$80K - $120K,Silver,49,2,34516,108,0.032
710734308,Existing Customer,1972,M,1,Graduate,Single,$60K - $80K,Blue,40,3,6481,119,0.242
708564858,Attrited Customer,1988,M,2,College,Married,$120K +,Gold,20,1,34516,73,0
713733633,Attrited Customer,1994,M,0,High School,Divorced,$60K - $80K,Blue,36,3,13303,85,0.189
720841533,Existing Customer,1992,M,0,Graduate,Married,Less than $40K,Blue,15,1,4700,96,0
712210458,Existing Customer,1983,M,1,Uneducated,Single,$40K - $60K,Blue,36,3,5639,109,0.276
714109308,Existing Customer,1975,M,5,College,Single,$80K - $120K,Blue,36,2,13187,112,0.17
712503408,Existing Customer,1964,M,2,Graduate,Married,$80K - $120K,Blue,40,3,17925,111,0.106
713755458,Attrited Customer,1971,M,1,Unknown,Unknown,$80K - $120K,Blue,36,3,9959,63,0.096
716893683,Attrited Customer,1966,F,3,Uneducated,Single,Unknown,Blue,47,3,14657,53,0.172
710841183,Existing Customer,1967,M,1,High School,Single,$60K - $80K,Blue,34,2,13940,114,0.151
713899383,Existing Customer,1965,F,1,Graduate,Single,Less than $40K,Blue,50,1,3688,120,0.164
772366833,Existing Customer,1971,M,2,Graduate,Single,$40K - $60K,Blue,40,2,4003,117,0.462
710638233,Attrited Customer,1980,M,2,Unknown,Divorced,$40K - $60K,Blue,25,2,4277,69,0.511
716506083,Attrited Customer,1977,F,1,High School,Married,Less than $40K,Blue,36,3,5409,60,0
717406983,Attrited Customer,1991,M,2,Graduate,Unknown,$40K - $60K,Blue,36,3,5281,62,0
714337233,Attrited Customer,1978,F,2,Graduate,Married,Less than $40K,Silver,25,2,10388,61,0.189